사고번호,사고일시,요일,시군구,사고내용,사망자수,중상자수,경상자수,부상신고자수,사고유형,법규위반,노면상태,기상상태,도로형태,가해운전자 차종,가해운전자 성별,가해운전자 연령,가해운전자 상해정도,피해운전자 차종,피해운전자 성별,피해운전자 연령,피해운전자 상해정도
2022012200100039,2022년 1월 22일 06시,토요일,제주특별자치도 제주시 용담이동,중상사고,0,1,0,0,차대차 - 측면충돌,안전운전불이행,건조,기타,단일로 - 기타,승용,남,65세,상해없음,기타불명,여,83세,중상
2022012200100149,2022년 1월 22일 11시,토요일,제주특별자치도 서귀포시 성산읍,경상사고,0,0,1,0,차대차 - 기타,안전운전불이행,건조,맑음,단일로 - 기타,승용,여,61세,상해없음,화물,남,52세,경상
2022012200100285,2022년 1월 22일 15시,토요일,제주특별자치도 제주시 이도이동,경상사고,0,0,2,0,차대차 - 측면충돌,직진우회전진행방해,건조,맑음,교차로 - 교차로안,승합,남,57세,경상,화물,남,47세,경상
2022012200100314,2022년 1월 22일 16시,토요일,제주특별자치도 제주시 연동,경상사고,0,0,2,0,차대차 - 기타,직진우회전진행방해,건조,맑음,교차로 - 교차로안,승합,여,50세,상해없음,승용,여,26세,경상
2022012200100377,2022년 1월 22일 18시,토요일,제주특별자치도 제주시 구좌읍,경상사고,0,0,1,0,차대차 - 측면충돌,안전운전불이행,건조,맑음,교차로 - 교차로안,승합,남,66세,상해없음,승용,여,53세,경상
2022012200100378,2022년 1월 22일 18시,토요일,제주특별자치도 제주시 연동,경상사고,0,0,1,0,차대차 - 추돌,안전거리미확보,건조,맑음,교차로 - 교차로부근,승용,남,40세,상해없음,승용,여,34세,경상
2022012200100443,2022년 1월 22일 20시,토요일,제주특별자치도 서귀포시 서귀동,경상사고,0,0,1,0,차대사람 - 기타,신호위반,건조,맑음,단일로 - 기타,승용,남,26세,상해없음,보행자,여,29세,경상
2022012200100444,2022년 1월 22일 20시,토요일,제주특별자치도 서귀포시 안덕면,경상사고,0,0,2,0,차대차 - 정면충돌,직진우회전진행방해,젖음/습기,비,교차로 - 교차로안,화물,남,49세,상해없음,승용,남,49세,경상
2022012200100478,2022년 1월 22일 21시,토요일,제주특별자치도 제주시 연동,경상사고,0,0,2,0,차대차 - 추돌,안전운전불이행,젖음/습기,비,단일로 - 기타,승용,남,23세,상해없음,승용,여,33세,경상
2022012200100479,2022년 1월 22일 21시,토요일,제주특별자치도 제주시 한림읍,경상사고,0,0,1,0,차대차 - 추돌,안전운전불이행,젖음/습기,비,교차로 - 교차로안,승용,여,28세,상해없음,승용,남,23세,경상
2022012200100511,2022년 1월 22일 22시,토요일,제주특별자치도 제주시 해안동,경상사고,0,0,1,0,차대차 - 추돌,안전운전불이행,젖음/습기,비,단일로 - 기타,승용,남,61세,상해없음,승용,남,33세,경상
2022012300100036,2022년 1월 23일 07시,일요일,제주특별자치도 제주시 이도이동,중상사고,0,1,0,0,차대차 - 측면충돌,신호위반,건조,맑음,교차로 - 교차로안,승용,남,51세,상해없음,승용,여,57세,중상
2022012300100037,2022년 1월 23일 07시,일요일,제주특별자치도 제주시 일도이동,경상사고,0,0,1,0,차대차 - 추돌,안전운전불이행,건조,맑음,단일로 - 기타,승용,남,57세,상해없음,승용,여,46세,경상
2022012300100044,2022년 1월 23일 09시,일요일,제주특별자치도 제주시 조천읍,중상사고,0,1,0,0,차대차 - 정면충돌,중앙선침범,건조,맑음,단일로 - 기타,승용,여,43세,상해없음,승용,여,29세,중상
2022012300100055,2022년 1월 23일 10시,일요일,제주특별자치도 제주시 구좌읍,중상사고,0,2,1,0,차대차 - 추돌,안전운전불이행,건조,맑음,교차로 - 교차로부근,승용,여,29세,상해없음,승용,남,41세,중상
2022012300100096,2022년 1월 23일 12시,일요일,제주특별자치도 제주시 봉개동,경상사고,0,0,2,1,차대차 - 정면충돌,중앙선침범,건조,맑음,단일로 - 기타,승용,여,40세,부상신고,승용,여,69세,경상
2022012300100097,2022년 1월 23일 12시,일요일,제주특별자치도 제주시 용담일동,경상사고,0,0,1,0,차대차 - 기타,교차로운행방법위반,건조,맑음,교차로 - 교차로안,승용,여,68세,상해없음,이륜,남,39세,경상
2022012300100098,2022년 1월 23일 12시,일요일,제주특별자치도 제주시 일도이동,경상사고,0,0,1,0,차대차 - 측면충돌,교차로운행방법위반,건조,맑음,교차로 - 교차로안,승용,여,27세,상해없음,승용,남,41세,경상
2022012300100099,2022년 1월 23일 12시,일요일,제주특별자치도 제주시 외도이동,부상신고사고,0,0,0,1,차대차 - 측면충돌,신호위반,건조,맑음,단일로 - 기타,이륜,남,20세,부상신고,승용,남,58세,상해없음
2022012300100100,2022년 1월 23일 12시,일요일,제주특별자치도 제주시 연동,부상신고사고,0,0,0,1,차대차 - 추돌,안전운전불이행,젖음/습기,비,단일로 - 기타,승용,여,56세,부상신고,승용,남,54세,상해없음
2022012300100161,2022년 1월 23일 14시,일요일,제주특별자치도 제주시 건입동,경상사고,0,0,2,0,차대차 - 기타,안전운전불이행,건조,맑음,교차로 - 교차로부근,화물,남,65세,상해없음,승용,남,26세,경상
2022012300100271,2022년 1월 23일 18시,일요일,제주특별자치도 제주시 삼도이동,경상사고,0,0,1,0,차대차 - 측면충돌,기타,건조,맑음,교차로 - 교차로안,이륜,남,31세,상해없음,이륜,남,51세,경상
2022012300100272,2022년 1월 23일 18시,일요일,제주특별자치도 제주시 연동,경상사고,0,0,1,0,차대차 - 측면충돌,교차로운행방법위반,건조,맑음,교차로 - 교차로안,승용,남,53세,상해없음,승용,남,27세,경상
2022012300100345,2022년 1월 23일 20시,일요일,제주특별자치도 서귀포시 대정읍,중상사고,0,1,0,0,차대사람 - 기타,안전운전불이행,젖음/습기,비,교차로 - 교차로안,화물,남,63세,상해없음,보행자,남,69세,중상
2022012300100383,2022년 1월 23일 21시,일요일,제주특별자치도 제주시 노형동,부상신고사고,0,0,0,1,차대사람 - 기타,안전운전불이행,건조,기타,교차로 - 교차로안,승용,남,49세,상해없음,보행자,남,47세,부상신고
2022012400100003,2022년 1월 24일 00시,월요일,제주특별자치도 제주시 노형동,경상사고,0,0,1,0,차대차 - 추돌,안전운전불이행,건조,맑음,교차로 - 교차로부근,승용,여,49세,상해없음,이륜,남,40세,경상
2022012400100095,2022년 1월 24일 08시,월요일,제주특별자치도 서귀포시 회수동,중상사고,0,1,0,0,차대사람 - 횡단중,보행자보호의무위반,건조,맑음,단일로 - 기타,화물,남,51세,상해없음,보행자,남,82세,중상
2022012400100170,2022년 1월 24일 10시,월요일,제주특별자치도 제주시 애월읍,경상사고,0,0,1,0,차대차 - 추돌,안전운전불이행,건조,맑음,단일로 - 기타,승용,남,42세,상해없음,승용,여,39세,경상
2022012400100201,2022년 1월 24일 11시,월요일,제주특별자치도 서귀포시 남원읍,경상사고,0,0,2,0,차대차 - 측면충돌,기타,건조,흐림,교차로 - 교차로안,화물,남,44세,경상,화물,남,64세,경상
2022012400100324,2022년 1월 24일 15시,월요일,제주특별자치도 서귀포시 동홍동,경상사고,0,0,1,0,차대차 - 측면충돌,신호위반,건조,맑음,단일로 - 기타,승용,남,84세,상해없음,승용,남,55세,상해없음
2022012400100348,2022년 1월 24일 16시,월요일,제주특별자치도 서귀포시 성산읍,중상사고,0,1,0,0,차량단독 - 공작물충돌,안전운전불이행,건조,맑음,단일로 - 기타,승용,여,69세,중상,,,,
2022012400100373,2022년 1월 24일 17시,월요일,제주특별자치도 제주시 한림읍,경상사고,0,0,2,0,차대차 - 측면충돌,직진우회전진행방해,건조,맑음,교차로 - 교차로안,승용,남,87세,상해없음,화물,남,41세,경상
2022012400100426,2022년 1월 24일 18시,월요일,제주특별자치도 서귀포시 동홍동,중상사고,0,1,0,0,차대사람 - 횡단중,안전운전불이행,건조,맑음,단일로 - 기타,승용,남,47세,상해없음,보행자,여,41세,중상
2022012400100427,2022년 1월 24일 18시,월요일,제주특별자치도 제주시 연동,경상사고,0,0,1,0,차대사람 - 기타,안전운전불이행,건조,맑음,단일로 - 기타,승용,여,33세,상해없음,보행자,여,26세,경상
2022012400100555,2022년 1월 24일 22시,월요일,제주특별자치도 제주시 연동,경상사고,0,0,1,0,차대차 - 기타,직진우회전진행방해,젖음/습기,비,단일로 - 기타,승용,여,43세,상해없음,이륜,남,25세,경상
2022012500100033,2022년 1월 25일 06시,화요일,제주특별자치도 제주시 연동,중상사고,0,1,0,0,차대사람 - 차도통행중,안전운전불이행,기타,흐림,교차로 - 교차로안,화물,남,49세,상해없음,보행자,남,57세,중상
2022012500100137,2022년 1월 25일 10시,화요일,제주특별자치도 서귀포시 서귀동,경상사고,0,0,2,0,차대차 - 측면충돌,교차로운행방법위반,건조,맑음,교차로 - 교차로안,승용,남,62세,상해없음,승용,남,38세,경상
2022012500100175,2022년 1월 25일 11시,화요일,제주특별자치도 제주시 일도이동,경상사고,0,0,1,0,차대차 - 측면충돌,안전거리미확보,건조,맑음,단일로 - 기타,승용,남,69세,상해없음,이륜,남,19세,경상
2022012500100289,2022년 1월 25일 15시,화요일,제주특별자치도 제주시 노형동,경상사고,0,0,1,0,차대사람 - 횡단중,보행자보호의무위반,건조,맑음,교차로 - 교차로횡단보도내,승용,여,58세,상해없음,보행자,남,9세,경상
2022012500100319,2022년 1월 25일 16시,화요일,제주특별자치도 제주시 연동,사망사고,1,0,0,0,차대사람 - 기타,안전운전불이행,건조,맑음,단일로 - 기타,승합,남,67세,상해없음,보행자,여,8세,사망
2022012500100512,2022년 1월 25일 21시,화요일,제주특별자치도 서귀포시 법환동,부상신고사고,0,0,0,1,차량단독 - 공작물충돌,안전운전불이행,건조,기타,단일로 - 기타,승용,남,54세,부상신고,,,,
2022012500100513,2022년 1월 25일 21시,화요일,제주특별자치도 서귀포시 서귀동,경상사고,0,0,1,0,차대차 - 측면충돌,차로위반,건조,맑음,단일로 - 기타,승용,남,50세,상해없음,승용,남,27세,경상
2022012500100514,2022년 1월 25일 21시,화요일,제주특별자치도 제주시 연동,경상사고,0,0,1,0,차대차 - 추돌,안전운전불이행,건조,맑음,단일로 - 기타,승용,남,61세,상해없음,특수,남,27세,경상
2022012600100123,2022년 1월 26일 09시,수요일,제주특별자치도 제주시 일도이동,중상사고,0,3,0,0,차대차 - 정면충돌,중앙선침범,건조,맑음,단일로 - 기타,승용,여,72세,중상,승합,남,47세,중상
2022012600100216,2022년 1월 26일 12시,수요일,제주특별자치도 서귀포시 성산읍,경상사고,0,0,1,0,차대사람 - 횡단중,보행자보호의무위반,건조,맑음,단일로 - 기타,승용,여,41세,기타불명,보행자,남,57세,경상
2022012600100217,2022년 1월 26일 12시,수요일,제주특별자치도 제주시 애월읍,경상사고,0,0,1,0,차대차 - 측면충돌,안전운전불이행,건조,맑음,단일로 - 기타,승용,남,22세,상해없음,이륜,남,29세,경상
2022012600100349,2022년 1월 26일 16시,수요일,제주특별자치도 제주시 구좌읍,경상사고,0,0,1,0,차대차 - 기타,중앙선침범,건조,맑음,단일로 - 기타,승용,여,23세,상해없음,승용,남,52세,경상
2022012600100350,2022년 1월 26일 16시,수요일,제주특별자치도 제주시 노형동,부상신고사고,0,0,0,6,차대차 - 추돌,안전운전불이행,건조,맑음,교차로 - 교차로안,승용,남,34세,부상신고,승용,남,35세,부상신고
2022012600100377,2022년 1월 26일 17시,수요일,제주특별자치도 서귀포시 중문동,경상사고,0,0,1,0,차대차 - 기타,안전운전불이행,건조,맑음,단일로 - 기타,화물,남,60세,상해없음,이륜,남,17세,경상
2022012600100467,2022년 1월 26일 19시,수요일,제주특별자치도 제주시 오라이동,경상사고,0,0,1,0,차대차 - 추돌,안전운전불이행,건조,맑음,단일로 - 기타,화물,남,51세,상해없음,승용,남,24세,경상
2022012600100502,2022년 1월 26일 20시,수요일,제주특별자치도 제주시 오라이동,중상사고,0,1,0,0,차대사람 - 횡단중,보행자보호의무위반,건조,맑음,교차로 - 교차로안,승용,남,29세,상해없음,보행자,여,54세,중상
2022012600100503,2022년 1월 26일 20시,수요일,제주특별자치도 제주시 오라삼동,경상사고,0,0,1,0,차대차 - 추돌,안전운전불이행,건조,맑음,교차로 - 교차로부근,화물,남,50세,상해없음,승용,남,53세,경상
2022012600100535,2022년 1월 26일 21시,수요일,제주특별자치도 서귀포시 대정읍,중상사고,0,1,0,0,차대사람 - 기타,안전운전불이행,건조,맑음,단일로 - 기타,화물,남,47세,상해없음,보행자,남,43세,중상
2022012700100013,2022년 1월 27일 03시,목요일,제주특별자치도 제주시 연동,중상사고,0,2,0,1,차대사람 - 차도통행중,안전운전불이행,건조,맑음,단일로 - 기타,이륜,남,20세,부상신고,보행자,여,48세,중상
2022012700100111,2022년 1월 27일 09시,목요일,제주특별자치도 서귀포시 안덕면,경상사고,0,0,1,0,차대차 - 추돌,안전거리미확보,건조,맑음,교차로 - 교차로부근,화물,남,43세,상해없음,화물,남,57세,경상
2022012700100175,2022년 1월 27일 11시,목요일,제주특별자치도 서귀포시 하효동,중상사고,0,1,0,0,차대차 - 측면충돌,안전운전불이행,건조,맑음,교차로 - 교차로안,이륜,여,67세,중상,화물,남,24세,상해없음
2022012700100227,2022년 1월 27일 13시,목요일,제주특별자치도 제주시 이도이동,경상사고,0,0,1,0,차대차 - 기타,안전운전불이행,건조,맑음,기타 - 기타,승용,여,46세,상해없음,승용,여,59세,경상
2022012700100310,2022년 1월 27일 15시,목요일,제주특별자치도 제주시 한림읍,경상사고,0,0,1,4,차대차 - 측면충돌,안전운전불이행,건조,맑음,단일로 - 기타,승용,여,22세,부상신고,승용,여,40세,경상
2022012700100340,2022년 1월 27일 16시,목요일,제주특별자치도 제주시 오라일동,부상신고사고,0,0,0,1,차대차 - 측면충돌,불법유턴,건조,맑음,교차로 - 교차로안,승용,여,65세,부상신고,화물,남,55세,상해없음
2022012700100341,2022년 1월 27일 16시,목요일,제주특별자치도 서귀포시 대정읍,부상신고사고,0,0,0,1,차량단독 - 기타,안전운전불이행,건조,맑음,교차로 - 교차로안,승용,남,66세,상해없음,,,,
2022012700100453,2022년 1월 27일 19시,목요일,제주특별자치도 서귀포시 보목동,경상사고,0,0,1,0,차대차 - 추돌,안전운전불이행,건조,맑음,단일로 - 기타,이륜,남,64세,경상,승용,남,33세,상해없음
2022012700100520,2022년 1월 27일 21시,목요일,제주특별자치도 제주시 구좌읍,경상사고,0,0,2,0,차대차 - 기타,안전운전불이행,건조,맑음,교차로 - 교차로부근,승용,여,52세,상해없음,승용,여,44세,경상
2022012800100126,2022년 1월 28일 10시,금요일,제주특별자치도 제주시 아라일동,경상사고,0,0,1,0,차대사람 - 횡단중,보행자보호의무위반,건조,맑음,교차로 - 교차로횡단보도내,승용,남,62세,상해없음,보행자,여,19세,경상
2022012800100169,2022년 1월 28일 11시,금요일,제주특별자치도 제주시 한림읍,경상사고,0,0,3,0,차대차 - 측면충돌,직진우회전진행방해,건조,맑음,교차로 - 교차로안,화물,남,64세,경상,화물,남,52세,경상
2022012800100212,2022년 1월 28일 12시,금요일,제주특별자치도 제주시 연동,경상사고,0,0,1,0,차대차 - 기타,중앙선침범,건조,맑음,교차로 - 교차로안,이륜,남,47세,경상,승용,남,54세,상해없음
2022012800100247,2022년 1월 28일 13시,금요일,제주특별자치도 서귀포시 서귀동,경상사고,0,0,1,0,차대차 - 기타,안전운전불이행,건조,맑음,교차로 - 교차로안,승용,남,38세,상해없음,화물,남,39세,경상
2022012800100248,2022년 1월 28일 13시,금요일,제주특별자치도 제주시 애월읍,경상사고,0,0,1,0,차대차 - 기타,안전운전불이행,건조,맑음,기타 - 기타,화물,남,82세,상해없음,승용,남,39세,경상
2022012800100289,2022년 1월 28일 14시,금요일,제주특별자치도 제주시 이도이동,경상사고,0,0,1,0,차대차 - 기타,안전운전불이행,건조,맑음,교차로 - 교차로부근,이륜,여,57세,경상,승용,여,29세,상해없음
2022012800100412,2022년 1월 28일 17시,금요일,제주특별자치도 제주시 이호이동,경상사고,0,0,1,0,차대차 - 측면충돌,안전거리미확보,건조,맑음,교차로 - 교차로부근,승용,여,30세,경상,건설기계,남,57세,상해없음
2022012800100479,2022년 1월 28일 18시,금요일,제주특별자치도 제주시 아라일동,경상사고,0,0,1,0,차대사람 - 기타,안전운전불이행,건조,맑음,단일로 - 기타,승용,여,34세,상해없음,보행자,여,34세,경상
2022012800100601,2022년 1월 28일 21시,금요일,제주특별자치도 제주시 이도이동,경상사고,0,0,1,0,차대차 - 추돌,안전운전불이행,건조,맑음,교차로 - 교차로안,승용,남,25세,상해없음,이륜,남,40세,경상
2022012800100602,2022년 1월 28일 21시,금요일,제주특별자치도 제주시 연동,부상신고사고,0,0,0,1,차대사람 - 기타,안전운전불이행,건조,맑음,교차로 - 교차로안,승용,남,36세,기타불명,보행자,여,52세,부상신고
2022012800100635,2022년 1월 28일 22시,금요일,제주특별자치도 제주시 도남동,부상신고사고,0,0,0,1,차량단독 - 기타,안전운전불이행,건조,맑음,단일로 - 기타,개인형이동수단(PM),남,21세,부상신고,,,,
2022012900100093,2022년 1월 29일 10시,토요일,제주특별자치도 제주시 구좌읍,경상사고,0,0,2,0,차대차 - 기타,신호위반,건조,맑음,교차로 - 교차로안,승용,남,22세,상해없음,승용,남,35세,경상
2022012900100154,2022년 1월 29일 12시,토요일,제주특별자치도 서귀포시 남원읍,경상사고,0,0,2,0,차대차 - 기타,안전운전불이행,건조,맑음,단일로 - 기타,승용,남,52세,상해없음,화물,남,69세,경상
2022012900100155,2022년 1월 29일 12시,토요일,제주특별자치도 서귀포시 하원동,경상사고,0,0,1,0,차대차 - 기타,차로위반,건조,맑음,교차로 - 교차로부근,승합,남,63세,상해없음,승용,남,22세,상해없음
2022012900100190,2022년 1월 29일 13시,토요일,제주특별자치도 제주시 화북이동,경상사고,0,0,1,0,차대차 - 추돌,안전거리미확보,건조,맑음,교차로 - 교차로부근,화물,남,41세,상해없음,승용,여,66세,경상
2022012900100248,2022년 1월 29일 15시,토요일,제주특별자치도 제주시 한림읍,부상신고사고,0,0,0,1,차대차 - 측면충돌,교차로운행방법위반,건조,맑음,교차로 - 교차로안,승용,남,60세,부상신고,화물,여,63세,상해없음
2022012900100323,2022년 1월 29일 17시,토요일,제주특별자치도 제주시 일도이동,경상사고,0,0,2,0,차대차 - 측면충돌,안전운전불이행,건조,맑음,단일로 - 기타,화물,남,54세,경상,화물,남,43세,경상
2022012900100370,2022년 1월 29일 19시,토요일,제주특별자치도 제주시 이도일동,경상사고,0,0,2,0,차대차 - 기타,안전운전불이행,건조,맑음,기타 - 기타,승용,남,70세,상해없음,승용,남,39세,경상
2022012900100432,2022년 1월 29일 21시,토요일,제주특별자치도 제주시 용담일동,경상사고,0,0,1,0,차대차 - 기타,안전운전불이행,건조,기타,교차로 - 교차로안,승용,여,48세,상해없음,승용,남,19세,경상
2022012900100454,2022년 1월 29일 22시,토요일,제주특별자치도 제주시 건입동,경상사고,0,0,1,0,차대사람 - 횡단중,보행자보호의무위반,건조,맑음,단일로 - 기타,승용,남,21세,상해없음,보행자,남,47세,경상
2022013000100185,2022년 1월 30일 15시,일요일,제주특별자치도 제주시 일도이동,중상사고,0,1,0,0,차대사람 - 횡단중,안전운전불이행,건조,맑음,교차로 - 교차로안,승용,남,82세,상해없음,보행자,남,49세,중상
2022013000100186,2022년 1월 30일 15시,일요일,제주특별자치도 제주시 우도면,경상사고,0,0,2,0,차대차 - 기타,안전운전불이행,건조,맑음,단일로 - 기타,이륜,남,63세,경상,이륜,남,26세,경상
2022013000100213,2022년 1월 30일 16시,일요일,제주특별자치도 서귀포시 강정동,경상사고,0,0,1,0,차대차 - 기타,안전운전불이행,건조,맑음,단일로 - 기타,자전거,남,53세,경상,승용,남,59세,상해없음
2022013000100264,2022년 1월 30일 18시,일요일,제주특별자치도 제주시 외도일동,중상사고,0,1,0,0,차대사람 - 횡단중,보행자보호의무위반,건조,맑음,단일로 - 기타,승용,남,25세,상해없음,보행자,여,82세,중상
2022013000100265,2022년 1월 30일 18시,일요일,제주특별자치도 제주시 용담삼동,경상사고,0,0,1,0,차대차 - 정면충돌,안전운전불이행,건조,기타,단일로 - 기타,승용,여,30세,상해없음,승용,남,25세,경상
2022013000100313,2022년 1월 30일 20시,일요일,제주특별자치도 서귀포시 대정읍,경상사고,0,0,1,0,차대차 - 측면충돌,직진우회전진행방해,건조,맑음,교차로 - 교차로안,화물,남,65세,상해없음,화물,남,50세,경상
2022013000100314,2022년 1월 30일 20시,일요일,제주특별자치도 제주시 용담일동,중상사고,0,3,0,0,차대차 - 정면충돌,신호위반,건조,맑음,교차로 - 교차로안,승용,여,51세,중상,승용,남,53세,중상
2022013000100361,2022년 1월 30일 22시,일요일,제주특별자치도 제주시 노형동,경상사고,0,0,1,0,차대차 - 측면충돌,안전운전불이행,건조,흐림,단일로 - 기타,화물,남,57세,상해없음,승용,여,29세,경상
2022013100100058,2022년 1월 31일 10시,월요일,제주특별자치도 제주시 노형동,경상사고,0,0,1,0,차대차 - 측면충돌,직진우회전진행방해,건조,맑음,교차로 - 교차로안,승용,남,60세,상해없음,승용,여,75세,경상
2022013100100227,2022년 1월 31일 18시,월요일,제주특별자치도 제주시 이도이동,경상사고,0,0,1,0,차대차 - 측면충돌,안전운전불이행,건조,맑음,교차로 - 교차로부근,승합,남,38세,상해없음,이륜,남,27세,경상
2022013100100228,2022년 1월 31일 18시,월요일,제주특별자치도 제주시 노형동,경상사고,0,0,3,0,차대차 - 추돌,안전운전불이행,건조,맑음,단일로 - 기타,승용,남,41세,상해없음,승용,여,39세,경상
2022020100100005,2022년 2월 1일 01시,화요일,제주특별자치도 제주시 이도이동,경상사고,0,0,1,0,차대차 - 추돌,안전운전불이행,건조,맑음,단일로 - 기타,승용,여,40세,경상,화물,남,47세,기타불명
2022020100100134,2022년 2월 1일 15시,화요일,제주특별자치도 서귀포시 표선면,경상사고,0,0,1,0,차대차 - 측면충돌,직진우회전진행방해,건조,맑음,교차로 - 교차로안,승용,남,53세,상해없음,승용,남,33세,경상
2022020100100147,2022년 2월 1일 16시,화요일,제주특별자치도 서귀포시 하효동,경상사고,0,0,1,0,차대차 - 추돌,안전거리미확보,건조,맑음,교차로 - 교차로부근,승용,남,59세,상해없음,승용,여,65세,상해없음
2022020100100230,2022년 2월 1일 21시,화요일,제주특별자치도 서귀포시 안덕면,경상사고,0,0,2,0,차대차 - 정면충돌,중앙선침범,건조,맑음,교차로 - 교차로부근,승용,여,40세,상해없음,승용,남,33세,경상
2022020100100243,2022년 2월 1일 22시,화요일,제주특별자치도 제주시 한림읍,경상사고,0,0,4,0,차대차 - 정면충돌,신호위반,건조,맑음,교차로 - 교차로안,승용,남,35세,상해없음,승용,남,40세,경상
2022020100100258,2022년 2월 1일 23시,화요일,제주특별자치도 제주시 이호이동,경상사고,0,0,2,1,차대차 - 정면충돌,안전운전불이행,건조,맑음,교차로 - 교차로안,승용,여,58세,부상신고,승용,남,27세,경상
2022020200100028,2022년 2월 2일 06시,수요일,제주특별자치도 제주시 오라삼동,경상사고,0,0,1,0,차대차 - 기타,안전거리미확보,건조,맑음,단일로 - 기타,승용,남,38세,상해없음,승용,남,44세,경상
2022020200100050,2022년 2월 2일 10시,수요일,제주특별자치도 서귀포시 남원읍,중상사고,0,1,0,0,차대차 - 기타,직진우회전진행방해,건조,맑음,교차로 - 교차로안,승용,남,54세,상해없음,승용,남,31세,상해없음
2022020200100076,2022년 2월 2일 12시,수요일,제주특별자치도 제주시 이도일동,경상사고,0,0,1,0,차대사람 - 횡단중,보행자보호의무위반,기타,맑음,교차로 - 교차로횡단보도내,화물,남,73세,상해없음,보행자,여,19세,경상
2022020200100101,2022년 2월 2일 13시,수요일,제주특별자치도 제주시 용담일동,경상사고,0,0,1,0,차대차 - 측면충돌,직진우회전진행방해,건조,맑음,교차로 - 교차로안,원동기,남,25세,상해없음,승용,여,26세,경상
2022020200100130,2022년 2월 2일 14시,수요일,제주특별자치도 서귀포시 대정읍,부상신고사고,0,0,0,1,차량단독 - 도로외이탈 - 기타,안전운전불이행,건조,맑음,단일로 - 기타,승용,남,70세,부상신고,,,,
2022020200100152,2022년 2월 2일 15시,수요일,제주특별자치도 제주시 이도일동,경상사고,0,0,2,0,차대차 - 기타,안전거리미확보,건조,맑음,기타 - 기타,승용,남,22세,상해없음,승용,남,63세,상해없음
2022020200100153,2022년 2월 2일 15시,수요일,제주특별자치도 제주시 월평동,사망사고,1,0,0,0,차량단독 - 공작물충돌,기타,건조,맑음,교차로 - 교차로부근,이륜,남,16세,사망,,,,
2022020200100235,2022년 2월 2일 19시,수요일,제주특별자치도 제주시 이도이동,중상사고,0,1,0,0,차대차 - 기타,신호위반,건조,맑음,교차로 - 교차로안,이륜,남,29세,상해없음,승용,남,53세,중상
2022020200100315,2022년 2월 2일 22시,수요일,제주특별자치도 제주시 한림읍,중상사고,0,1,0,0,차대차 - 기타,중앙선침범,건조,기타,단일로 - 기타,승용,남,37세,상해없음,이륜,남,40세,중상
2022020300100022,2022년 2월 3일 06시,목요일,제주특별자치도 제주시 삼도이동,경상사고,0,0,1,0,차대사람 - 기타,안전운전불이행,건조,맑음,교차로 - 교차로안,승용,남,36세,상해없음,보행자,여,70세,경상
2022020300100095,2022년 2월 3일 09시,목요일,제주특별자치도 제주시 노형동,경상사고,0,0,2,0,차대차 - 측면충돌,안전운전불이행,건조,맑음,단일로 - 기타,승용,여,61세,경상,승용,여,47세,경상
2022020300100123,2022년 2월 3일 10시,목요일,제주특별자치도 제주시 연동,경상사고,0,0,1,0,차대차 - 기타,직진우회전진행방해,건조,맑음,교차로 - 교차로안,승용,여,51세,상해없음,화물,남,30세,경상
2022020300100208,2022년 2월 3일 13시,목요일,제주특별자치도 제주시 일도일동,중상사고,0,1,0,0,차대사람 - 기타,안전운전불이행,건조,맑음,교차로 - 교차로부근,승용,여,59세,상해없음,보행자,여,81세,중상
2022020300100234,2022년 2월 3일 14시,목요일,제주특별자치도 제주시 아라일동,경상사고,0,0,1,0,차대차 - 추돌,안전거리미확보,건조,맑음,단일로 - 기타,승용,남,23세,상해없음,승용,남,69세,상해없음
2022020300100269,2022년 2월 3일 15시,목요일,제주특별자치도 제주시 조천읍,경상사고,0,0,2,2,차대차 - 측면충돌,직진우회전진행방해,건조,맑음,교차로 - 교차로안,승용,남,30세,경상,화물,남,44세,부상신고
2022020300100270,2022년 2월 3일 15시,목요일,제주특별자치도 제주시 노형동,경상사고,0,0,2,0,차대차 - 기타,안전운전불이행,건조,맑음,단일로 - 기타,화물,남,58세,상해없음,승용,남,63세,상해없음
2022020300100320,2022년 2월 3일 17시,목요일,제주특별자치도 제주시 아라이동,중상사고,0,1,0,0,차대사람 - 횡단중,보행자보호의무위반,건조,맑음,교차로 - 교차로안,승용,여,42세,상해없음,보행자,여,56세,중상
2022020300100355,2022년 2월 3일 18시,목요일,제주특별자치도 제주시 노형동,경상사고,0,0,1,0,차대사람 - 횡단중,보행자보호의무위반,건조,맑음,교차로 - 교차로횡단보도내,승용,여,34세,상해없음,보행자,남,37세,경상
2022020300100356,2022년 2월 3일 18시,목요일,제주특별자치도 제주시 용담이동,경상사고,0,0,1,0,차대차 - 측면충돌,안전거리미확보,건조,맑음,단일로 - 기타,승용,남,44세,상해없음,승용,여,27세,경상
2022020300100388,2022년 2월 3일 19시,목요일,제주특별자치도 서귀포시 대정읍,경상사고,0,0,1,0,차대차 - 측면충돌,중앙선침범,건조,맑음,단일로 - 기타,승용,남,44세,상해없음,이륜,남,54세,경상