사고번호,사고일시,요일,시군구,사고내용,사망자수,중상자수,경상자수,부상신고자수,사고유형,법규위반,노면상태,기상상태,도로형태,가해운전자 차종,가해운전자 성별,가해운전자 연령,가해운전자 상해정도,피해운전자 차종,피해운전자 성별,피해운전자 연령,피해운전자 상해정도
2022020300100427,2022년 2월 3일 21시,목요일,제주특별자치도 서귀포시 안덕면,경상사고,0,0,1,0,차대차 - 추돌,안전거리미확보,건조,맑음,단일로 - 기타,승합,남,59세,상해없음,승용,남,58세,경상
2022020300100428,2022년 2월 3일 21시,목요일,제주특별자치도 제주시 노형동,경상사고,0,0,1,0,차대차 - 기타,안전거리미확보,건조,맑음,단일로 - 기타,승용,여,28세,상해없음,승용,남,44세,경상
2022020400100259,2022년 2월 4일 15시,금요일,제주특별자치도 서귀포시 신효동,부상신고사고,0,0,0,1,차대차 - 정면충돌,중앙선침범,건조,맑음,단일로 - 기타,자전거,남,19세,부상신고,승용,여,43세,상해없음
2022020400100260,2022년 2월 4일 15시,금요일,제주특별자치도 제주시 외도일동,경상사고,0,0,3,0,차대차 - 측면충돌,안전운전불이행,건조,맑음,단일로 - 기타,화물,남,67세,상해없음,승용,여,41세,경상
2022020400100288,2022년 2월 4일 16시,금요일,제주특별자치도 서귀포시 남원읍,부상신고사고,0,0,0,1,차대차 - 기타,안전운전불이행,건조,맑음,교차로 - 교차로안,화물,남,57세,상해없음,농기계,남,67세,부상신고
2022020400100289,2022년 2월 4일 16시,금요일,제주특별자치도 제주시 외도일동,중상사고,0,3,0,0,차대차 - 측면충돌,직진우회전진행방해,건조,맑음,교차로 - 교차로안,승합,남,47세,상해없음,승용,여,45세,중상
2022020400100368,2022년 2월 4일 18시,금요일,제주특별자치도 제주시 도남동,경상사고,0,0,1,0,차대차 - 기타,안전운전불이행,건조,맑음,교차로 - 교차로안,이륜,남,43세,경상,승용,남,49세,상해없음
2022020400100402,2022년 2월 4일 19시,금요일,제주특별자치도 서귀포시 서호동,경상사고,0,0,1,0,차대차 - 기타,직진우회전진행방해,건조,맑음,교차로 - 교차로안,승용,남,21세,상해없음,이륜,남,24세,경상
2022020400100403,2022년 2월 4일 19시,금요일,제주특별자치도 제주시 용담이동,경상사고,0,0,1,0,차대차 - 기타,안전거리미확보,건조,맑음,단일로 - 기타,승용,남,36세,상해없음,승용,남,44세,상해없음
2022020400100468,2022년 2월 4일 21시,금요일,제주특별자치도 제주시 화북이동,중상사고,0,4,1,0,차대차 - 측면충돌,신호위반,건조,맑음,교차로 - 교차로안,화물,남,62세,경상,승용,남,66세,중상
2022020400100490,2022년 2월 4일 22시,금요일,제주특별자치도 제주시 건입동,경상사고,0,0,1,0,차대차 - 추돌,안전운전불이행,건조,맑음,교차로 - 교차로부근,승용,남,27세,기타불명,승합,여,42세,경상
2022020400100504,2022년 2월 4일 23시,금요일,제주특별자치도 제주시 연동,중상사고,0,1,0,0,차대차 - 기타,기타,건조,흐림,교차로 - 교차로안,이륜,남,38세,중상,승용,남,59세,상해없음
2022020500100043,2022년 2월 5일 08시,토요일,제주특별자치도 제주시 아라이동,경상사고,0,0,1,0,차대차 - 측면충돌,안전운전불이행,젖음/습기,흐림,단일로 - 기타,승용,남,56세,상해없음,승용,여,47세,경상
2022020500100153,2022년 2월 5일 13시,토요일,제주특별자치도 제주시 일도이동,경상사고,0,0,1,0,차대차 - 측면충돌,안전거리미확보,건조,맑음,단일로 - 기타,화물,남,51세,상해없음,승용,남,66세,경상
2022020500100178,2022년 2월 5일 14시,토요일,제주특별자치도 서귀포시 표선면,중상사고,0,1,0,0,차대차 - 기타,안전운전불이행,건조,맑음,교차로 - 교차로안,농기계,남,76세,중상,승용,여,39세,상해없음
2022020500100207,2022년 2월 5일 15시,토요일,제주특별자치도 서귀포시 동홍동,경상사고,0,0,1,0,차대차 - 측면충돌,신호위반,건조,맑음,교차로 - 교차로안,이륜,남,42세,경상,승용,남,65세,상해없음
2022020500100208,2022년 2월 5일 15시,토요일,제주특별자치도 서귀포시 동홍동,중상사고,0,1,0,0,차대차 - 정면충돌,직진우회전진행방해,건조,맑음,교차로 - 교차로안,승합,여,53세,상해없음,이륜,남,31세,중상
2022020500100230,2022년 2월 5일 16시,토요일,제주특별자치도 제주시 노형동,경상사고,0,0,1,0,차대차 - 측면충돌,교차로운행방법위반,건조,맑음,단일로 - 기타,승용,여,62세,경상,승용,여,66세,상해없음
2022020500100298,2022년 2월 5일 19시,토요일,제주특별자치도 제주시 삼도이동,경상사고,0,0,1,0,차대차 - 기타,신호위반,건조,맑음,교차로 - 교차로안,이륜,남,30세,상해없음,이륜,남,61세,경상
2022020600100070,2022년 2월 6일 12시,일요일,제주특별자치도 제주시 오라이동,경상사고,0,0,2,0,차대차 - 기타,직진우회전진행방해,건조,맑음,교차로 - 교차로안,승용,여,39세,상해없음,승용,여,64세,경상
2022020600100090,2022년 2월 6일 13시,일요일,제주특별자치도 제주시 도련일동,경상사고,0,0,1,0,차대차 - 측면충돌,직진우회전진행방해,건조,맑음,교차로 - 교차로안,이륜,남,45세,경상,화물,남,45세,상해없음
2022020600100091,2022년 2월 6일 13시,일요일,제주특별자치도 서귀포시 동홍동,경상사고,0,0,1,0,차대차 - 정면충돌,신호위반,건조,맑음,교차로 - 교차로안,승용,남,56세,상해없음,화물,남,54세,경상
2022020600100176,2022년 2월 6일 17시,일요일,제주특별자치도 제주시 용담이동,경상사고,0,0,2,0,차대차 - 추돌,안전운전불이행,건조,맑음,단일로 - 기타,승용,남,22세,상해없음,승용,남,29세,경상
2022020600100224,2022년 2월 6일 19시,일요일,제주특별자치도 서귀포시 서홍동,중상사고,0,1,0,1,차대사람 - 횡단중,신호위반,건조,맑음,교차로 - 교차로횡단보도내,이륜,남,31세,부상신고,보행자,남,61세,중상
2022020600100258,2022년 2월 6일 21시,일요일,제주특별자치도 제주시 일도이동,경상사고,0,0,1,0,차대사람 - 기타,안전운전불이행,건조,맑음,단일로 - 기타,승합,남,50세,상해없음,보행자,남,66세,경상
2022020600100259,2022년 2월 6일 21시,일요일,제주특별자치도 제주시 용담삼동,경상사고,0,0,3,0,차대차 - 측면충돌,직진우회전진행방해,건조,맑음,교차로 - 교차로안,승용,남,66세,경상,승용,여,38세,경상
2022020700100007,2022년 2월 7일 03시,월요일,제주특별자치도 서귀포시 강정동,부상신고사고,0,0,0,1,차량단독 - 공작물충돌,안전운전불이행,건조,맑음,단일로 - 기타,화물,남,38세,부상신고,,,,
2022020700100041,2022년 2월 7일 07시,월요일,제주특별자치도 서귀포시 표선면,경상사고,0,0,1,0,차대차 - 측면충돌,안전운전불이행,건조,맑음,교차로 - 교차로안,승용,여,57세,상해없음,화물,남,40세,경상
2022020700100069,2022년 2월 7일 08시,월요일,제주특별자치도 서귀포시 토평동,경상사고,0,0,1,0,차대차 - 측면충돌,직진우회전진행방해,건조,맑음,단일로 - 기타,화물,남,67세,상해없음,화물,남,42세,경상
2022020700100093,2022년 2월 7일 09시,월요일,제주특별자치도 제주시 연동,경상사고,0,0,1,0,차량단독 - 기타,기타,건조,흐림,단일로 - 기타,승합,남,41세,상해없음,,,,
2022020700100113,2022년 2월 7일 10시,월요일,제주특별자치도 제주시 용담이동,경상사고,0,0,2,0,차대차 - 추돌,안전운전불이행,건조,맑음,단일로 - 기타,승용,남,66세,상해없음,승용,여,45세,경상
2022020700100326,2022년 2월 7일 19시,월요일,제주특별자치도 제주시 노형동,경상사고,0,0,2,0,차대차 - 후진중충돌,안전운전불이행,건조,맑음,단일로 - 기타,승용,남,56세,상해없음,승용,여,25세,경상
2022020700100381,2022년 2월 7일 21시,월요일,제주특별자치도 서귀포시 서귀동,중상사고,0,1,0,0,차대사람 - 기타,안전운전불이행,건조,맑음,교차로 - 교차로안,원동기,남,53세,상해없음,보행자,남,65세,중상
2022020800100059,2022년 2월 8일 07시,화요일,제주특별자치도 제주시 노형동,중상사고,0,1,0,0,차대사람 - 횡단중,보행자보호의무위반,건조,맑음,교차로 - 교차로횡단보도내,승용,남,61세,상해없음,보행자,여,73세,중상
2022020800100177,2022년 2월 8일 12시,화요일,제주특별자치도 제주시 노형동,경상사고,0,0,1,0,차대차 - 기타,안전운전불이행,건조,맑음,단일로 - 기타,승용,남,26세,상해없음,승용,남,65세,경상
2022020800100242,2022년 2월 8일 14시,화요일,제주특별자치도 서귀포시 대정읍,부상신고사고,0,0,0,1,차대차 - 정면충돌,중앙선침범,건조,맑음,교차로 - 교차로부근,이륜,여,83세,부상신고,승용,여,29세,상해없음
2022020800100276,2022년 2월 8일 15시,화요일,제주특별자치도 서귀포시 대정읍,중상사고,0,1,0,0,차대차 - 측면충돌,기타,건조,맑음,교차로 - 교차로안,이륜,여,75세,중상,화물,남,69세,상해없음
2022020800100301,2022년 2월 8일 16시,화요일,제주특별자치도 서귀포시 성산읍,중상사고,0,1,3,0,차대차 - 기타,교차로운행방법위반,건조,맑음,교차로 - 교차로안,승용,남,51세,상해없음,승용,여,32세,경상
2022020800100375,2022년 2월 8일 18시,화요일,제주특별자치도 제주시 아라일동,경상사고,0,0,1,0,차대차 - 측면충돌,안전운전불이행,건조,맑음,단일로 - 기타,승용,여,26세,상해없음,승용,여,22세,경상
2022020800100451,2022년 2월 8일 20시,화요일,제주특별자치도 서귀포시 안덕면,부상신고사고,0,0,0,1,차대차 - 측면충돌,안전운전불이행,건조,맑음,단일로 - 기타,승용,여,44세,상해없음,이륜,남,36세,부상신고
2022020900100006,2022년 2월 9일 00시,수요일,제주특별자치도 제주시 일도이동,경상사고,0,0,1,0,차대사람 - 기타,안전운전불이행,건조,맑음,기타 - 기타,기타불명,기타불명,미분류,기타불명,보행자,남,38세,경상
2022020900100029,2022년 2월 9일 05시,수요일,제주특별자치도 제주시 도련일동,중상사고,0,1,0,0,차대사람 - 횡단중,보행자보호의무위반,건조,맑음,교차로 - 교차로횡단보도내,승용,남,66세,상해없음,보행자,여,74세,중상
2022020900100137,2022년 2월 9일 10시,수요일,제주특별자치도 제주시 노형동,경상사고,0,0,1,0,차대사람 - 횡단중,안전운전불이행,건조,맑음,교차로 - 교차로안,승용,여,22세,상해없음,보행자,여,55세,경상
2022020900100161,2022년 2월 9일 11시,수요일,제주특별자치도 제주시 노형동,경상사고,0,0,2,1,차대차 - 측면충돌,교차로운행방법위반,건조,맑음,교차로 - 교차로안,승용,여,45세,부상신고,승용,여,49세,경상
2022020900100193,2022년 2월 9일 12시,수요일,제주특별자치도 서귀포시 남원읍,중상사고,0,1,0,0,차대차 - 기타,안전운전불이행,건조,맑음,교차로 - 교차로안,이륜,남,47세,중상,승용,남,52세,상해없음
2022020900100278,2022년 2월 9일 15시,수요일,제주특별자치도 서귀포시 성산읍,경상사고,0,0,2,0,차대차 - 기타,안전운전불이행,건조,맑음,단일로 - 기타,승용,남,54세,상해없음,승용,남,43세,경상
2022020900100308,2022년 2월 9일 16시,수요일,제주특별자치도 제주시 용담일동,경상사고,0,0,1,0,차대차 - 기타,안전운전불이행,건조,맑음,단일로 - 기타,승용,남,54세,상해없음,승용,남,57세,경상
2022020900100335,2022년 2월 9일 17시,수요일,제주특별자치도 제주시 오라이동,경상사고,0,0,1,1,차대차 - 측면충돌,안전운전불이행,건조,맑음,교차로 - 교차로안,승용,여,65세,부상신고,화물,남,43세,경상
2022020900100336,2022년 2월 9일 17시,수요일,제주특별자치도 제주시 추자면,경상사고,0,0,1,0,차대차 - 기타,안전운전불이행,건조,맑음,단일로 - 기타,승합,남,47세,상해없음,자전거,여,8세,경상
2022020900100337,2022년 2월 9일 17시,수요일,제주특별자치도 서귀포시 강정동,부상신고사고,0,0,0,1,차대차 - 정면충돌,안전운전불이행,건조,맑음,교차로 - 교차로부근,이륜,남,23세,부상신고,승용,여,50세,상해없음
2022020900100338,2022년 2월 9일 17시,수요일,제주특별자치도 서귀포시 동홍동,경상사고,0,0,1,0,차대차 - 측면충돌,차로위반,건조,맑음,교차로 - 교차로안,승용,여,37세,상해없음,화물,남,70세,경상
2022020900100384,2022년 2월 9일 18시,수요일,제주특별자치도 서귀포시 색달동,경상사고,0,0,2,0,차대차 - 측면충돌,안전거리미확보,건조,맑음,단일로 - 기타,승용,여,46세,경상,승용,남,71세,경상
2022020900100426,2022년 2월 9일 19시,수요일,제주특별자치도 서귀포시 동홍동,사망사고,1,0,0,0,차대차 - 기타,안전운전불이행,젖음/습기,비,교차로 - 교차로안,승용,남,67세,상해없음,승용,남,60세,상해없음
2022020900100463,2022년 2월 9일 20시,수요일,제주특별자치도 제주시 연동,경상사고,0,0,1,0,차대차 - 측면충돌,안전거리미확보,젖음/습기,비,교차로 - 교차로안,승용,남,78세,상해없음,승용,남,36세,경상
2022020900100506,2022년 2월 9일 21시,수요일,제주특별자치도 서귀포시 대정읍,경상사고,0,0,1,0,차대차 - 기타,신호위반,젖음/습기,비,교차로 - 교차로안,승용,남,42세,상해없음,승용,여,52세,경상
2022020900100507,2022년 2월 9일 21시,수요일,제주특별자치도 제주시 용담이동,경상사고,0,0,2,1,차대차 - 측면충돌,안전거리미확보,젖음/습기,비,단일로 - 기타,승용,여,29세,부상신고,승용,남,38세,경상
2022020900100508,2022년 2월 9일 21시,수요일,제주특별자치도 제주시 노형동,중상사고,0,1,0,0,차대사람 - 횡단중,안전운전불이행,기타,기타,교차로 - 교차로부근,승용,남,61세,상해없음,보행자,남,49세,중상
2022021000100130,2022년 2월 10일 10시,목요일,제주특별자치도 제주시 일도이동,경상사고,0,0,1,0,차대차 - 후진중충돌,안전운전불이행,건조,맑음,단일로 - 기타,승용,남,46세,상해없음,화물,남,41세,경상
2022021000100131,2022년 2월 10일 10시,목요일,제주특별자치도 제주시 회천동,경상사고,0,0,2,0,차대차 - 기타,안전거리미확보,건조,맑음,단일로 - 기타,승용,남,29세,경상,화물,남,58세,경상
2022021000100132,2022년 2월 10일 10시,목요일,제주특별자치도 서귀포시 서홍동,경상사고,0,0,1,0,차대차 - 기타,안전운전불이행,젖음/습기,비,교차로 - 교차로안,승용,여,49세,상해없음,승용,여,34세,경상
2022021000100185,2022년 2월 10일 12시,목요일,제주특별자치도 서귀포시 안덕면,경상사고,0,0,1,0,차대차 - 측면충돌,중앙선침범,건조,맑음,단일로 - 기타,화물,남,70세,상해없음,승용,남,30세,경상
2022021000100213,2022년 2월 10일 13시,목요일,제주특별자치도 서귀포시 서귀동,중상사고,0,1,0,0,차대사람 - 차도통행중,안전운전불이행,건조,맑음,단일로 - 기타,이륜,남,62세,상해없음,보행자,여,82세,중상
2022021000100270,2022년 2월 10일 15시,목요일,제주특별자치도 제주시 오라일동,경상사고,0,0,1,0,차대차 - 기타,안전운전불이행,건조,맑음,단일로 - 기타,승용,여,66세,상해없음,승용,여,40세,상해없음
2022021000100272,2022년 2월 10일 15시,목요일,제주특별자치도 제주시 용담이동,경상사고,0,0,1,0,차대사람 - 차도통행중,안전운전불이행,건조,맑음,단일로 - 기타,승용,남,40세,상해없음,보행자,남,53세,경상
2022021000100307,2022년 2월 10일 16시,목요일,제주특별자치도 서귀포시 하원동,중상사고,0,2,2,0,차대차 - 기타,기타,건조,맑음,교차로 - 교차로안,승용,남,34세,경상,화물,남,49세,중상
2022021000100396,2022년 2월 10일 19시,목요일,제주특별자치도 제주시 화북이동,중상사고,0,1,1,0,차대차 - 정면충돌,신호위반,건조,맑음,교차로 - 교차로부근,이륜,남,32세,중상,승용,여,39세,경상
2022021000100435,2022년 2월 10일 20시,목요일,제주특별자치도 서귀포시 동홍동,중상사고,0,1,0,0,차대차 - 측면충돌,안전운전불이행,건조,맑음,교차로 - 교차로안,화물,여,43세,상해없음,원동기,남,42세,중상
2022021100100046,2022년 2월 11일 07시,금요일,제주특별자치도 제주시 용담일동,경상사고,0,0,1,0,차대사람 - 기타,안전운전불이행,건조,맑음,교차로 - 교차로부근,화물,남,53세,상해없음,보행자,남,60세,경상
2022021100100099,2022년 2월 11일 09시,금요일,제주특별자치도 서귀포시 중문동,경상사고,0,0,1,0,차대차 - 추돌,안전운전불이행,건조,맑음,교차로 - 교차로부근,승용,여,29세,상해없음,승용,여,49세,경상
2022021100100157,2022년 2월 11일 11시,금요일,제주특별자치도 서귀포시 대정읍,부상신고사고,0,0,0,1,차대차 - 측면충돌,안전운전불이행,건조,맑음,교차로 - 교차로안,이륜,남,18세,상해없음,승용,남,28세,상해없음
2022021100100190,2022년 2월 11일 12시,금요일,제주특별자치도 제주시 용담일동,경상사고,0,0,1,0,차대차 - 기타,신호위반,건조,맑음,교차로 - 교차로부근,승용,남,72세,상해없음,이륜,남,28세,경상
2022021100100191,2022년 2월 11일 12시,금요일,제주특별자치도 제주시 이도이동,경상사고,0,0,2,0,차대차 - 기타,안전운전불이행,건조,맑음,교차로 - 교차로안,승용,여,63세,상해없음,승용,남,49세,경상
2022021100100218,2022년 2월 11일 13시,금요일,제주특별자치도 서귀포시 동홍동,중상사고,0,1,0,0,차대사람 - 횡단중,보행자보호의무위반,건조,맑음,교차로 - 교차로횡단보도내,화물,남,31세,상해없음,보행자,남,69세,중상
2022021100100239,2022년 2월 11일 14시,금요일,제주특별자치도 서귀포시 대정읍,경상사고,0,0,1,0,차량단독 - 도로외이탈 - 기타,안전운전불이행,건조,맑음,단일로 - 기타,승용,남,25세,기타불명,,,,
2022021100100240,2022년 2월 11일 14시,금요일,제주특별자치도 서귀포시 중문동,경상사고,0,0,1,0,차대사람 - 기타,기타,건조,맑음,단일로 - 기타,승용,여,68세,상해없음,보행자,여,79세,경상
2022021100100277,2022년 2월 11일 15시,금요일,제주특별자치도 제주시 한림읍,경상사고,0,0,1,1,차대차 - 추돌,안전운전불이행,건조,맑음,단일로 - 기타,화물,남,66세,경상,화물,남,61세,상해없음
2022021100100307,2022년 2월 11일 16시,금요일,제주특별자치도 제주시 한림읍,경상사고,0,0,1,0,차대차 - 측면충돌,안전운전불이행,건조,맑음,교차로 - 교차로안,화물,남,69세,상해없음,승용,남,71세,상해없음
2022021100100335,2022년 2월 11일 17시,금요일,제주특별자치도 제주시 노형동,경상사고,0,0,1,0,차대차 - 측면충돌,중앙선침범,건조,맑음,단일로 - 기타,승용,남,22세,상해없음,승용,남,28세,경상
2022021100100379,2022년 2월 11일 18시,금요일,제주특별자치도 제주시 건입동,경상사고,0,0,1,0,차대사람 - 횡단중,보행자보호의무위반,건조,맑음,교차로 - 교차로안,화물,남,69세,상해없음,보행자,남,63세,경상
2022021100100429,2022년 2월 11일 19시,금요일,제주특별자치도 서귀포시 남원읍,경상사고,0,0,2,0,차대차 - 기타,안전운전불이행,건조,맑음,단일로 - 기타,승용,남,73세,상해없음,승용,여,26세,경상
2022021100100430,2022년 2월 11일 19시,금요일,제주특별자치도 제주시 노형동,경상사고,0,0,1,1,차대차 - 측면충돌,직진우회전진행방해,건조,맑음,교차로 - 교차로안,이륜,남,55세,부상신고,승용,남,24세,경상
2022021100100486,2022년 2월 11일 21시,금요일,제주특별자치도 서귀포시 강정동,중상사고,0,1,0,0,차대차 - 정면충돌,안전운전불이행,건조,맑음,단일로 - 기타,이륜,남,30세,중상,승용,남,26세,기타불명
2022021100100487,2022년 2월 11일 21시,금요일,제주특별자치도 제주시 연동,경상사고,0,0,3,0,차대차 - 측면충돌,안전운전불이행,건조,흐림,교차로 - 교차로부근,승용,남,22세,상해없음,승용,남,58세,경상
2022021100100510,2022년 2월 11일 22시,금요일,제주특별자치도 제주시 이도이동,중상사고,0,1,1,0,차대차 - 정면충돌,중앙선침범,건조,맑음,교차로 - 교차로안,승용,여,29세,경상,승용,여,63세,중상
2022021200100175,2022년 2월 12일 13시,토요일,제주특별자치도 서귀포시 안덕면,부상신고사고,0,0,0,1,차대차 - 정면충돌,직진우회전진행방해,건조,맑음,교차로 - 교차로안,승용,여,52세,부상신고,승용,남,64세,상해없음
2022021200100232,2022년 2월 12일 15시,토요일,제주특별자치도 제주시 한림읍,경상사고,0,0,1,0,차대차 - 기타,중앙선침범,건조,맑음,단일로 - 기타,승용,남,28세,상해없음,자전거,남,35세,경상
2022021200100264,2022년 2월 12일 16시,토요일,제주특별자치도 서귀포시 대정읍,경상사고,0,0,1,0,차대차 - 기타,중앙선침범,건조,맑음,단일로 - 기타,승용,여,43세,상해없음,화물,남,47세,경상
2022021200100345,2022년 2월 12일 19시,토요일,제주특별자치도 서귀포시 성산읍,중상사고,0,2,0,0,차대차 - 기타,신호위반,건조,맑음,교차로 - 교차로안,승용,여,43세,상해없음,개인형이동수단(PM),남,35세,중상
2022021200100346,2022년 2월 12일 19시,토요일,제주특별자치도 제주시 외도이동,중상사고,0,1,0,0,차대사람 - 기타,안전운전불이행,건조,맑음,단일로 - 기타,승용,남,87세,상해없음,보행자,여,28세,중상
2022021200100404,2022년 2월 12일 21시,토요일,제주특별자치도 제주시 이도이동,경상사고,0,0,1,0,차대차 - 기타,안전운전불이행,건조,맑음,단일로 - 기타,승용,남,22세,상해없음,이륜,남,27세,경상
2022021200100405,2022년 2월 12일 21시,토요일,제주특별자치도 제주시 노형동,경상사고,0,0,1,0,차대차 - 기타,직진우회전진행방해,건조,맑음,교차로 - 교차로안,화물,남,46세,상해없음,개인형이동수단(PM),남,23세,경상
2022021200100406,2022년 2월 12일 21시,토요일,제주특별자치도 제주시 노형동,부상신고사고,0,0,0,1,차대사람 - 횡단중,안전운전불이행,건조,맑음,교차로 - 교차로안,승용,여,68세,상해없음,보행자,여,22세,부상신고
2022021300100035,2022년 2월 13일 08시,일요일,제주특별자치도 제주시 용담이동,경상사고,0,0,2,0,차대차 - 추돌,기타,젖음/습기,흐림,기타 - 기타,승합,남,41세,상해없음,승용,남,29세,경상
2022021300100102,2022년 2월 13일 13시,일요일,제주특별자치도 제주시 우도면,중상사고,0,1,0,0,차대차 - 기타,안전운전불이행,건조,맑음,단일로 - 기타,승합,여,50세,상해없음,자전거,여,21세,중상
2022021300100103,2022년 2월 13일 13시,일요일,제주특별자치도 서귀포시 토평동,경상사고,0,0,1,0,차대차 - 측면충돌,직진우회전진행방해,건조,맑음,교차로 - 교차로안,승용,남,21세,상해없음,승용,여,44세,경상
2022021300100201,2022년 2월 13일 17시,일요일,제주특별자치도 서귀포시 서호동,경상사고,0,0,1,0,차대차 - 기타,기타,젖음/습기,비,교차로 - 교차로부근,기타불명,기타불명,미분류,기타불명,이륜,여,22세,경상
2022021400100061,2022년 2월 14일 07시,월요일,제주특별자치도 서귀포시 대정읍,경상사고,0,0,2,0,차대차 - 기타,중앙선침범,건조,맑음,단일로 - 기타,승용,여,28세,상해없음,승합,남,58세,경상
2022021400100102,2022년 2월 14일 09시,월요일,제주특별자치도 제주시 조천읍,경상사고,0,0,3,0,차대차 - 측면충돌,안전운전불이행,건조,맑음,단일로 - 기타,화물,남,62세,상해없음,승용,여,48세,경상
2022021400100133,2022년 2월 14일 10시,월요일,제주특별자치도 서귀포시 서홍동,경상사고,0,0,1,0,차대차 - 기타,신호위반,건조,맑음,교차로 - 교차로안,이륜,남,25세,경상,승용,남,57세,상해없음
2022021400100168,2022년 2월 14일 11시,월요일,제주특별자치도 제주시 일도일동,경상사고,0,0,1,0,차대차 - 측면충돌,안전운전불이행,건조,맑음,단일로 - 기타,승용,남,66세,상해없음,승용,남,53세,경상
2022021400100193,2022년 2월 14일 12시,월요일,제주특별자치도 제주시 아라이동,경상사고,0,0,1,0,차대차 - 측면충돌,안전운전불이행,건조,맑음,단일로 - 기타,승용,여,35세,기타불명,이륜,남,21세,경상
2022021400100194,2022년 2월 14일 12시,월요일,제주특별자치도 서귀포시 성산읍,경상사고,0,0,2,0,차대차 - 기타,안전운전불이행,건조,맑음,교차로 - 교차로부근,화물,남,62세,상해없음,승용,남,27세,경상
2022021400100222,2022년 2월 14일 13시,월요일,제주특별자치도 서귀포시 안덕면,중상사고,0,1,4,0,차대차 - 측면충돌,직진우회전진행방해,건조,맑음,교차로 - 교차로안,승용,남,22세,경상,승용,여,63세,중상
2022021400100283,2022년 2월 14일 15시,월요일,제주특별자치도 서귀포시 도순동,경상사고,0,0,2,0,차대차 - 기타,교차로운행방법위반,건조,맑음,교차로 - 교차로부근,화물,남,53세,상해없음,승용,여,60세,경상
2022021400100284,2022년 2월 14일 15시,월요일,제주특별자치도 제주시 애월읍,경상사고,0,0,1,2,차대차 - 측면충돌,직진우회전진행방해,건조,맑음,교차로 - 교차로안,승용,남,50세,경상,승용,남,64세,부상신고
2022021400100322,2022년 2월 14일 16시,월요일,제주특별자치도 서귀포시 안덕면,중상사고,0,1,0,0,차대차 - 정면충돌,기타,건조,맑음,교차로 - 교차로안,화물,남,51세,상해없음,승용,여,41세,중상
2022021400100323,2022년 2월 14일 16시,월요일,제주특별자치도 제주시 도두이동,경상사고,0,0,1,0,차대차 - 측면충돌,안전거리미확보,건조,맑음,교차로 - 교차로안,승용,남,77세,상해없음,승용,남,29세,경상
2022021400100390,2022년 2월 14일 18시,월요일,제주특별자치도 제주시 연동,경상사고,0,0,1,0,차대차 - 기타,안전운전불이행,건조,맑음,단일로 - 기타,승용,남,60세,상해없음,이륜,남,32세,경상
2022021400100418,2022년 2월 14일 19시,월요일,제주특별자치도 제주시 노형동,경상사고,0,0,1,0,차대차 - 기타,안전운전불이행,건조,맑음,단일로 - 기타,승용,여,61세,상해없음,이륜,남,27세,경상
2022021400100469,2022년 2월 14일 21시,월요일,제주특별자치도 제주시 한림읍,경상사고,0,0,1,0,차대차 - 추돌,안전운전불이행,건조,맑음,교차로 - 교차로부근,승용,남,55세,상해없음,승용,여,40세,경상
2022021400100487,2022년 2월 14일 22시,월요일,제주특별자치도 제주시 노형동,경상사고,0,0,1,0,차대차 - 측면충돌,신호위반,건조,맑음,교차로 - 교차로안,화물,남,52세,기타불명,승용,남,27세,경상
2022021500100057,2022년 2월 15일 08시,화요일,제주특별자치도 서귀포시 성산읍,경상사고,0,0,2,0,차대차 - 정면충돌,중앙선침범,건조,맑음,단일로 - 기타,승용,여,55세,상해없음,승용,여,21세,경상
2022021500100081,2022년 2월 15일 09시,화요일,제주특별자치도 제주시 도평동,부상신고사고,0,0,0,2,차대차 - 측면충돌,안전운전불이행,건조,맑음,교차로 - 교차로안,화물,여,69세,상해없음,농기계,남,66세,부상신고
2022021500100149,2022년 2월 15일 12시,화요일,제주특별자치도 제주시 화북일동,경상사고,0,0,1,0,차대차 - 기타,중앙선침범,건조,맑음,단일로 - 기타,승용,여,63세,상해없음,이륜,남,48세,경상
2022021500100209,2022년 2월 15일 14시,화요일,제주특별자치도 제주시 이도이동,경상사고,0,0,1,0,차대차 - 기타,안전운전불이행,건조,맑음,기타 - 기타,승용,여,67세,상해없음,승용,여,56세,경상
2022021500100210,2022년 2월 15일 14시,화요일,제주특별자치도 서귀포시 대포동,경상사고,0,0,1,0,차량단독 - 공작물충돌,안전운전불이행,건조,맑음,단일로 - 기타,화물,남,68세,경상,,,,
2022021500100211,2022년 2월 15일 14시,화요일,제주특별자치도 서귀포시 동홍동,부상신고사고,0,0,0,1,차대차 - 측면충돌,안전운전불이행,건조,맑음,단일로 - 기타,이륜,남,33세,부상신고,승용,남,55세,상해없음
2022021500100212,2022년 2월 15일 14시,화요일,제주특별자치도 제주시 애월읍,중상사고,0,1,0,0,차대차 - 측면충돌,불법유턴,건조,맑음,단일로 - 기타,사륜오토바이(ATV),여,80세,중상,화물,남,34세,상해없음
2022021500100213,2022년 2월 15일 14시,화요일,제주특별자치도 제주시 노형동,중상사고,0,1,1,0,차대차 - 기타,신호위반,건조,맑음,교차로 - 교차로안,승용,여,53세,상해없음,승용,여,42세,중상