사고번호,사고일시,요일,시군구,사고내용,사망자수,중상자수,경상자수,부상신고자수,사고유형,법규위반,노면상태,기상상태,도로형태,가해운전자 차종,가해운전자 성별,가해운전자 연령,가해운전자 상해정도,피해운전자 차종,피해운전자 성별,피해운전자 연령,피해운전자 상해정도
2022021500100214,2022년 2월 15일 14시,화요일,제주특별자치도 제주시 연동,경상사고,0,0,3,0,차대차 - 기타,안전운전불이행,건조,맑음,단일로 - 기타,승용,남,28세,경상,화물,여,65세,경상
2022021500100238,2022년 2월 15일 15시,화요일,제주특별자치도 제주시 조천읍,경상사고,0,0,1,0,차대사람 - 차도통행중,안전운전불이행,건조,맑음,교차로 - 교차로안,승용,여,45세,상해없음,보행자,여,62세,경상
2022021500100239,2022년 2월 15일 15시,화요일,제주특별자치도 서귀포시 성산읍,경상사고,0,0,1,0,차대차 - 기타,교차로운행방법위반,건조,맑음,교차로 - 교차로안,자전거,남,10세,경상,승용,남,55세,상해없음
2022021500100264,2022년 2월 15일 16시,화요일,제주특별자치도 서귀포시 동홍동,경상사고,0,0,2,0,차대차 - 기타,안전거리미확보,건조,맑음,단일로 - 기타,건설기계,남,54세,기타불명,화물,남,54세,경상
2022021500100265,2022년 2월 15일 16시,화요일,제주특별자치도 제주시 애월읍,경상사고,0,0,1,0,차대사람 - 기타,기타,건조,맑음,기타 - 기타,승용,남,22세,상해없음,보행자,여,22세,경상
2022021500100266,2022년 2월 15일 16시,화요일,제주특별자치도 제주시 노형동,중상사고,0,1,0,0,차대차 - 기타,중앙선침범,건조,맑음,단일로 - 기타,승용,남,40세,기타불명,이륜,남,30세,중상
2022021500100330,2022년 2월 15일 18시,화요일,제주특별자치도 제주시 용담이동,경상사고,0,0,1,0,차대차 - 측면충돌,안전거리미확보,건조,맑음,교차로 - 교차로안,승용,남,51세,상해없음,승용,여,44세,경상
2022021500100367,2022년 2월 15일 19시,화요일,제주특별자치도 서귀포시 도순동,부상신고사고,0,0,0,1,차량단독 - 전도전복 - 전복,안전운전불이행,건조,맑음,단일로 - 기타,승용,여,42세,부상신고,,,,
2022021500100368,2022년 2월 15일 19시,화요일,제주특별자치도 제주시 오라삼동,중상사고,0,1,0,0,차대차 - 측면충돌,신호위반,건조,맑음,교차로 - 교차로부근,승용,여,38세,상해없음,이륜,남,38세,중상
2022021500100423,2022년 2월 15일 21시,화요일,제주특별자치도 제주시 이도이동,중상사고,0,1,0,0,차대차 - 기타,교차로운행방법위반,건조,맑음,교차로 - 교차로부근,승용,남,54세,상해없음,승용,여,26세,중상
2022021500100424,2022년 2월 15일 21시,화요일,제주특별자치도 서귀포시 안덕면,경상사고,0,0,1,0,차대차 - 측면충돌,안전운전불이행,건조,맑음,단일로 - 기타,승용,남,24세,상해없음,승용,남,52세,경상
2022021600100001,2022년 2월 16일 00시,수요일,제주특별자치도 제주시 구좌읍,중상사고,0,1,0,0,차량단독 - 전도전복 - 전복,안전운전불이행,건조,맑음,단일로 - 기타,승용,여,43세,중상,,,,
2022021600100105,2022년 2월 16일 10시,수요일,제주특별자치도 제주시 연동,경상사고,0,0,1,0,차대사람 - 길가장자리구역통행중,안전운전불이행,건조,맑음,교차로 - 교차로부근,승용,남,76세,상해없음,보행자,여,24세,경상
2022021600100148,2022년 2월 16일 12시,수요일,제주특별자치도 제주시 애월읍,경상사고,0,0,1,0,차대사람 - 기타,안전운전불이행,건조,맑음,단일로 - 기타,승용,여,48세,기타불명,보행자,남,23세,경상
2022021600100333,2022년 2월 16일 18시,수요일,제주특별자치도 서귀포시 성산읍,경상사고,0,0,1,0,차대차 - 기타,안전거리미확보,건조,맑음,단일로 - 기타,승용,남,25세,상해없음,승용,남,63세,경상
2022021600100402,2022년 2월 16일 20시,수요일,제주특별자치도 제주시 일도이동,경상사고,0,0,4,0,차대차 - 기타,중앙선침범,건조,맑음,교차로 - 교차로부근,승용,남,59세,상해없음,승용,남,20세,경상
2022021600100403,2022년 2월 16일 20시,수요일,제주특별자치도 제주시 연동,경상사고,0,0,1,0,차대차 - 측면충돌,안전거리미확보,건조,기타,교차로 - 교차로안,승용,여,57세,상해없음,승용,남,27세,경상
2022021600100463,2022년 2월 16일 22시,수요일,제주특별자치도 제주시 조천읍,경상사고,0,0,1,0,차대차 - 측면충돌,안전운전불이행,건조,맑음,단일로 - 기타,승용,남,46세,상해없음,승용,여,35세,경상
2022021700100006,2022년 2월 17일 00시,목요일,제주특별자치도 제주시 애월읍,중상사고,0,2,3,0,차대차 - 기타,안전운전불이행,기타,흐림,단일로 - 기타,승용,남,31세,중상,승용,남,29세,중상
2022021700100100,2022년 2월 17일 09시,목요일,제주특별자치도 제주시 노형동,경상사고,0,0,1,0,차대차 - 측면충돌,신호위반,건조,맑음,교차로 - 교차로안,승용,남,61세,상해없음,승용,여,38세,경상
2022021700100130,2022년 2월 17일 10시,목요일,제주특별자치도 제주시 연동,경상사고,0,0,3,0,차대차 - 측면충돌,안전거리미확보,건조,맑음,교차로 - 교차로안,승용,남,48세,상해없음,승용,남,30세,경상
2022021700100470,2022년 2월 17일 22시,목요일,제주특별자치도 제주시 건입동,경상사고,0,0,2,0,차대차 - 측면충돌,중앙선침범,건조,맑음,단일로 - 기타,승용,여,31세,상해없음,승용,남,58세,경상
2022021700100471,2022년 2월 17일 22시,목요일,제주특별자치도 서귀포시 안덕면,중상사고,0,1,0,0,차대사람 - 기타,안전운전불이행,건조,맑음,단일로 - 지하차도(도로)내,승용,남,34세,상해없음,보행자,남,55세,중상
2022021700100472,2022년 2월 17일 22시,목요일,제주특별자치도 제주시 연동,경상사고,0,0,1,0,차대차 - 측면충돌,안전운전불이행,건조,맑음,단일로 - 기타,승용,남,57세,상해없음,승용,여,22세,경상
2022021800100005,2022년 2월 18일 00시,금요일,제주특별자치도 제주시 오라일동,경상사고,0,0,3,0,차대차 - 추돌,안전운전불이행,건조,맑음,교차로 - 교차로부근,승용,남,20세,상해없음,승용,남,54세,경상
2022021800100116,2022년 2월 18일 09시,금요일,제주특별자치도 제주시 연동,경상사고,0,0,2,0,차대차 - 측면충돌,신호위반,건조,맑음,교차로 - 교차로안,승용,남,41세,경상,승용,남,39세,경상
2022021800100117,2022년 2월 18일 09시,금요일,제주특별자치도 제주시 애월읍,부상신고사고,0,0,0,1,차대차 - 정면충돌,안전운전불이행,건조,맑음,단일로 - 기타,승용,여,21세,상해없음,이륜,남,79세,부상신고
2022021800100145,2022년 2월 18일 10시,금요일,제주특별자치도 서귀포시 서귀동,경상사고,0,0,1,0,차대차 - 측면충돌,직진우회전진행방해,건조,맑음,교차로 - 교차로안,승용,남,79세,상해없음,화물,남,30세,상해없음
2022021800100259,2022년 2월 18일 14시,금요일,제주특별자치도 제주시 도련일동,경상사고,0,0,1,0,차대사람 - 차도통행중,안전운전불이행,건조,맑음,교차로 - 교차로안,승용,여,65세,상해없음,보행자,여,18세,경상
2022021800100288,2022년 2월 18일 15시,금요일,제주특별자치도 제주시 이도이동,경상사고,0,0,1,0,차대차 - 기타,안전운전불이행,건조,맑음,기타 - 기타,승용,여,53세,상해없음,승용,남,43세,경상
2022021800100289,2022년 2월 18일 15시,금요일,제주특별자치도 제주시 이도이동,경상사고,0,0,2,0,차대차 - 기타,안전운전불이행,건조,맑음,단일로 - 기타,승용,여,56세,상해없음,승용,남,21세,경상
2022021800100290,2022년 2월 18일 15시,금요일,제주특별자치도 서귀포시 서호동,경상사고,0,0,2,0,차대차 - 측면충돌,직진우회전진행방해,건조,맑음,교차로 - 교차로안,승용,남,65세,상해없음,화물,남,43세,경상
2022021800100316,2022년 2월 18일 16시,금요일,제주특별자치도 서귀포시 안덕면,경상사고,0,0,1,0,차대사람 - 기타,기타,건조,맑음,단일로 - 기타,승용,남,72세,상해없음,보행자,남,31세,경상
2022021800100391,2022년 2월 18일 18시,금요일,제주특별자치도 제주시 화북이동,경상사고,0,0,1,0,차대차 - 기타,안전거리미확보,젖음/습기,흐림,단일로 - 기타,승용,여,49세,상해없음,승용,여,39세,경상
2022021800100456,2022년 2월 18일 20시,금요일,제주특별자치도 서귀포시 서홍동,부상신고사고,0,0,0,1,차대차 - 측면충돌,안전운전불이행,건조,맑음,단일로 - 기타,원동기,남,41세,상해없음,승용,여,33세,상해없음
2022021800100457,2022년 2월 18일 20시,금요일,제주특별자치도 제주시 노형동,경상사고,0,0,2,0,차대차 - 측면충돌,신호위반,건조,맑음,교차로 - 교차로안,이륜,남,28세,경상,이륜,남,43세,경상
2022021800100485,2022년 2월 18일 21시,금요일,제주특별자치도 제주시 노형동,경상사고,0,0,1,0,차대사람 - 횡단중,보행자보호의무위반,건조,맑음,교차로 - 교차로횡단보도내,승용,남,47세,상해없음,보행자,여,44세,경상
2022021800100521,2022년 2월 18일 23시,금요일,제주특별자치도 제주시 용담이동,경상사고,0,0,2,0,차대차 - 정면충돌,중앙선침범,젖음/습기,비,교차로 - 교차로부근,승용,여,51세,상해없음,승용,남,49세,경상
2022021900100027,2022년 2월 19일 04시,토요일,제주특별자치도 서귀포시 대정읍,경상사고,0,0,1,0,차대차 - 측면충돌,직진우회전진행방해,젖음/습기,비,교차로 - 교차로안,승용,여,65세,상해없음,승용,여,60세,경상
2022021900100093,2022년 2월 19일 10시,토요일,제주특별자치도 제주시 한경면,중상사고,0,1,0,1,차대차 - 측면충돌,교차로운행방법위반,건조,맑음,교차로 - 교차로안,승합,여,48세,부상신고,승용,남,64세,중상
2022021900100200,2022년 2월 19일 14시,토요일,제주특별자치도 제주시 아라일동,중상사고,0,1,0,0,차대차 - 기타,안전운전불이행,젖음/습기,비,교차로 - 교차로안,이륜,남,37세,중상,승용,남,70세,상해없음
2022021900100229,2022년 2월 19일 15시,토요일,제주특별자치도 제주시 화북일동,중상사고,0,1,0,0,차대차 - 정면충돌,보행자보호의무위반,건조,흐림,단일로 - 기타,승용,여,48세,상해없음,자전거,남,8세,중상
2022021900100254,2022년 2월 19일 16시,토요일,제주특별자치도 제주시 한경면,중상사고,0,1,0,0,차량단독 - 공작물충돌,안전운전불이행,건조,맑음,단일로 - 기타,승용,여,20세,상해없음,,,,
2022021900100284,2022년 2월 19일 17시,토요일,제주특별자치도 제주시 용담이동,경상사고,0,0,1,0,차대사람 - 횡단중,보행자보호의무위반,젖음/습기,비,교차로 - 교차로횡단보도내,승용,남,70세,상해없음,보행자,여,26세,경상
2022021900100326,2022년 2월 19일 18시,토요일,제주특별자치도 제주시 노형동,부상신고사고,0,0,0,1,차량단독 - 공작물충돌,안전운전불이행,건조,맑음,단일로 - 기타,승용,남,62세,부상신고,,,,
2022021900100380,2022년 2월 19일 20시,토요일,제주특별자치도 제주시 한림읍,경상사고,0,0,1,0,차대차 - 측면충돌,안전운전불이행,건조,흐림,교차로 - 교차로안,승용,여,43세,경상,승용,남,57세,상해없음
2022022000100006,2022년 2월 20일 00시,일요일,제주특별자치도 제주시 연동,경상사고,0,0,3,0,차대차 - 측면충돌,직진우회전진행방해,건조,맑음,교차로 - 교차로안,승용,남,23세,상해없음,승용,남,61세,경상
2022022000100027,2022년 2월 20일 03시,일요일,제주특별자치도 서귀포시 하원동,경상사고,0,0,2,0,차대차 - 기타,안전운전불이행,적설,눈,단일로 - 기타,화물,여,56세,경상,승용,여,49세,기타불명
2022022000100034,2022년 2월 20일 06시,일요일,제주특별자치도 제주시 일도이동,경상사고,0,0,2,0,차대차 - 측면충돌,신호위반,서리/결빙,눈,교차로 - 교차로안,승용,여,54세,상해없음,승용,남,31세,경상
2022022000100035,2022년 2월 20일 06시,일요일,제주특별자치도 서귀포시 회수동,경상사고,0,0,1,0,차대차 - 추돌,안전운전불이행,서리/결빙,눈,단일로 - 기타,화물,남,24세,상해없음,승용,여,56세,경상
2022022000100042,2022년 2월 20일 08시,일요일,제주특별자치도 제주시 애월읍,중상사고,0,1,0,0,차대사람 - 기타,안전운전불이행,서리/결빙,눈,단일로 - 기타,승용,여,31세,상해없음,보행자,남,62세,중상
2022022000100043,2022년 2월 20일 08시,일요일,제주특별자치도 제주시 외도일동,경상사고,0,0,1,0,차대차 - 정면충돌,안전운전불이행,적설,맑음,교차로 - 교차로부근,승용,남,66세,상해없음,승용,여,58세,경상
2022022000100108,2022년 2월 20일 12시,일요일,제주특별자치도 서귀포시 표선면,경상사고,0,0,2,0,차대차 - 기타,직진우회전진행방해,건조,맑음,교차로 - 교차로안,승용,남,80세,상해없음,화물,남,53세,경상
2022022000100185,2022년 2월 20일 15시,일요일,제주특별자치도 서귀포시 서귀동,경상사고,0,0,1,0,차대차 - 측면충돌,직진우회전진행방해,건조,맑음,교차로 - 교차로안,승용,남,44세,상해없음,이륜,남,76세,경상
2022022000100208,2022년 2월 20일 16시,일요일,제주특별자치도 서귀포시 중문동,부상신고사고,0,0,0,1,차대차 - 기타,기타,기타,기타,교차로 - 교차로안,이륜,남,43세,부상신고,승용,남,68세,상해없음
2022022000100278,2022년 2월 20일 19시,일요일,제주특별자치도 제주시 삼도이동,경상사고,0,0,2,0,차대차 - 측면충돌,안전거리미확보,건조,맑음,기타 - 기타,승용,남,48세,상해없음,승용,남,61세,상해없음
2022022000100279,2022년 2월 20일 19시,일요일,제주특별자치도 제주시 애월읍,경상사고,0,0,1,0,차대차 - 추돌,안전운전불이행,건조,맑음,단일로 - 기타,승용,남,27세,상해없음,이륜,남,58세,경상
2022022000100298,2022년 2월 20일 20시,일요일,제주특별자치도 서귀포시 토평동,경상사고,0,0,2,0,차대차 - 기타,안전거리미확보,건조,맑음,단일로 - 기타,승용,남,56세,경상,승용,남,81세,상해없음
2022022000100315,2022년 2월 20일 21시,일요일,제주특별자치도 제주시 이도일동,중상사고,0,1,0,0,차대차 - 측면충돌,안전운전불이행,건조,맑음,교차로 - 교차로안,승용,여,64세,상해없음,승용,여,63세,중상
2022022000100316,2022년 2월 20일 21시,일요일,제주특별자치도 서귀포시 대정읍,부상신고사고,0,0,0,1,차량단독 - 기타,안전운전불이행,건조,맑음,단일로 - 기타,이륜,남,54세,부상신고,,,,
2022022000100336,2022년 2월 20일 22시,일요일,제주특별자치도 제주시 이도이동,경상사고,0,0,1,0,차대사람 - 횡단중,보행자보호의무위반,건조,맑음,단일로 - 기타,승용,남,27세,상해없음,보행자,남,37세,경상
2022022000100337,2022년 2월 20일 22시,일요일,제주특별자치도 제주시 이도이동,중상사고,0,1,0,0,차대사람 - 차도통행중,안전운전불이행,건조,맑음,단일로 - 기타,승용,남,58세,상해없음,보행자,남,50세,중상
2022022100100007,2022년 2월 21일 00시,월요일,제주특별자치도 서귀포시 서귀동,경상사고,0,0,1,0,차대차 - 추돌,안전운전불이행,건조,맑음,단일로 - 기타,이륜,남,54세,경상,승용,여,31세,기타불명
2022022100100054,2022년 2월 21일 07시,월요일,제주특별자치도 서귀포시 법환동,경상사고,0,0,1,0,차대차 - 측면충돌,기타,건조,맑음,교차로 - 교차로안,승용,남,84세,상해없음,승용,남,60세,경상
2022022100100107,2022년 2월 21일 09시,월요일,제주특별자치도 서귀포시 중문동,경상사고,0,0,2,0,차대사람 - 기타,안전운전불이행,적설,눈,단일로 - 기타,승용,여,59세,경상,보행자,남,47세,경상
2022022100100233,2022년 2월 21일 13시,월요일,제주특별자치도 서귀포시 중문동,경상사고,0,0,1,0,차대차 - 측면충돌,안전운전불이행,건조,맑음,단일로 - 기타,승용,남,22세,상해없음,승용,여,40세,경상
2022022100100341,2022년 2월 21일 16시,월요일,제주특별자치도 제주시 용담이동,경상사고,0,0,2,0,차대차 - 측면충돌,안전운전불이행,건조,맑음,교차로 - 교차로부근,승용,남,62세,상해없음,승용,남,30세,경상
2022022100100407,2022년 2월 21일 18시,월요일,제주특별자치도 서귀포시 동홍동,경상사고,0,0,1,0,차대차 - 기타,안전운전불이행,건조,맑음,교차로 - 교차로안,승합,남,78세,상해없음,승용,남,30세,경상
2022022100100408,2022년 2월 21일 18시,월요일,제주특별자치도 제주시 외도일동,경상사고,0,0,1,0,차대차 - 기타,직진우회전진행방해,건조,맑음,교차로 - 교차로안,승용,남,30세,상해없음,승용,남,45세,경상
2022022100100452,2022년 2월 21일 19시,월요일,제주특별자치도 제주시 구좌읍,부상신고사고,0,0,0,1,차대차 - 기타,안전운전불이행,건조,기타,기타 - 기타,이륜,남,29세,부상신고,승합,남,54세,상해없음
2022022100100453,2022년 2월 21일 19시,월요일,제주특별자치도 제주시 용담일동,중상사고,0,1,0,0,차대차 - 기타,교차로운행방법위반,건조,맑음,교차로 - 교차로안,승용,남,57세,상해없음,이륜,남,54세,중상
2022022100100454,2022년 2월 21일 19시,월요일,제주특별자치도 서귀포시 동홍동,부상신고사고,0,0,0,2,차대차 - 정면충돌,직진우회전진행방해,건조,맑음,교차로 - 교차로안,승용,남,35세,부상신고,화물,남,68세,부상신고
2022022100100473,2022년 2월 21일 20시,월요일,제주특별자치도 서귀포시 대정읍,경상사고,0,0,1,0,차대차 - 측면충돌,차로위반,건조,맑음,교차로 - 교차로부근,승용,여,67세,상해없음,승용,여,23세,경상
2022022100100496,2022년 2월 21일 21시,월요일,제주특별자치도 제주시 이도이동,경상사고,0,0,1,0,차대차 - 측면충돌,교차로운행방법위반,건조,맑음,교차로 - 교차로안,승용,여,50세,상해없음,이륜,남,27세,경상
2022022100100497,2022년 2월 21일 21시,월요일,제주특별자치도 서귀포시 회수동,경상사고,0,0,1,0,차량단독 - 공작물충돌,안전운전불이행,젖음/습기,맑음,단일로 - 기타,이륜,남,30세,경상,,,,
2022022100100498,2022년 2월 21일 21시,월요일,제주특별자치도 제주시 노형동,부상신고사고,0,0,0,1,차대차 - 후진중충돌,안전운전불이행,건조,맑음,단일로 - 기타,승용,여,35세,상해없음,이륜,남,29세,부상신고
2022022200100009,2022년 2월 22일 02시,화요일,제주특별자치도 서귀포시 하예동,중상사고,0,1,0,0,차량단독 - 도로외이탈 - 추락,안전운전불이행,건조,맑음,단일로 - 기타,승용,남,26세,상해없음,,,,
2022022200100187,2022년 2월 22일 12시,화요일,제주특별자치도 제주시 용담이동,경상사고,0,0,1,0,차대차 - 기타,교차로운행방법위반,건조,맑음,교차로 - 교차로안,승용,남,38세,상해없음,승합,남,47세,상해없음
2022022200100275,2022년 2월 22일 15시,화요일,제주특별자치도 제주시 노형동,중상사고,0,1,0,0,차대차 - 측면충돌,직진우회전진행방해,건조,맑음,교차로 - 교차로안,승용,남,24세,상해없음,이륜,여,27세,중상
2022022200100367,2022년 2월 22일 18시,화요일,제주특별자치도 서귀포시 서호동,중상사고,0,1,1,0,차대차 - 추돌,안전운전불이행,건조,맑음,단일로 - 기타,승용,남,25세,중상,화물,남,60세,기타불명
2022022200100368,2022년 2월 22일 18시,화요일,제주특별자치도 제주시 연동,경상사고,0,0,1,0,차대차 - 기타,직진우회전진행방해,건조,맑음,교차로 - 교차로안,승합,남,39세,상해없음,이륜,남,52세,경상
2022022200100413,2022년 2월 22일 19시,화요일,제주특별자치도 서귀포시 안덕면,경상사고,0,0,1,0,차대차 - 기타,안전운전불이행,건조,맑음,교차로 - 교차로안,승용,남,21세,상해없음,화물,남,36세,경상
2022022200100462,2022년 2월 22일 21시,화요일,제주특별자치도 제주시 외도일동,중상사고,0,1,0,1,차대차 - 측면충돌,직진우회전진행방해,건조,맑음,교차로 - 교차로안,승용,남,63세,부상신고,이륜,남,26세,중상
2022022300100038,2022년 2월 23일 07시,수요일,제주특별자치도 제주시 건입동,경상사고,0,0,2,0,차대차 - 측면충돌,신호위반,건조,흐림,교차로 - 교차로안,승용,남,29세,상해없음,승용,남,59세,경상
2022022300100039,2022년 2월 23일 07시,수요일,제주특별자치도 서귀포시 표선면,부상신고사고,0,0,0,2,차대차 - 측면충돌,직진우회전진행방해,건조,맑음,교차로 - 교차로안,화물,여,47세,부상신고,승용,남,34세,부상신고
2022022300100132,2022년 2월 23일 11시,수요일,제주특별자치도 서귀포시 서귀동,부상신고사고,0,0,0,1,차대차 - 정면충돌,직진우회전진행방해,건조,맑음,교차로 - 교차로부근,승용,여,46세,상해없음,이륜,남,64세,부상신고
2022022300100133,2022년 2월 23일 11시,수요일,제주특별자치도 제주시 연동,경상사고,0,0,1,0,차대사람 - 기타,보행자보호의무위반,건조,맑음,교차로 - 교차로안,승용,남,74세,상해없음,보행자,여,35세,경상
2022022300100161,2022년 2월 23일 12시,수요일,제주특별자치도 제주시 삼도일동,경상사고,0,0,3,0,차대차 - 측면충돌,안전거리미확보,건조,맑음,교차로 - 교차로부근,승용,여,62세,상해없음,승용,여,44세,경상
2022022300100224,2022년 2월 23일 14시,수요일,제주특별자치도 제주시 연동,경상사고,0,0,1,0,차대사람 - 차도통행중,안전운전불이행,건조,맑음,단일로 - 기타,승용,남,51세,상해없음,보행자,여,72세,경상
2022022300100249,2022년 2월 23일 15시,수요일,제주특별자치도 제주시 회천동,경상사고,0,0,1,0,차대차 - 추돌,안전거리미확보,건조,맑음,단일로 - 기타,건설기계,남,52세,상해없음,승용,남,22세,경상
2022022300100250,2022년 2월 23일 15시,수요일,제주특별자치도 서귀포시 대정읍,경상사고,0,0,1,1,차대차 - 측면충돌,신호위반,건조,맑음,교차로 - 교차로안,승용,남,23세,상해없음,화물,남,54세,상해없음
2022022300100320,2022년 2월 23일 17시,수요일,제주특별자치도 제주시 이도이동,경상사고,0,0,1,0,차대사람 - 기타,안전운전불이행,건조,맑음,단일로 - 기타,승용,여,64세,기타불명,보행자,여,28세,경상
2022022300100321,2022년 2월 23일 17시,수요일,제주특별자치도 서귀포시 서호동,중상사고,0,1,0,0,차대사람 - 횡단중,보행자보호의무위반,건조,맑음,교차로 - 교차로안,승용,여,28세,상해없음,보행자,남,15세,중상
2022022300100322,2022년 2월 23일 17시,수요일,제주특별자치도 제주시 연동,경상사고,0,0,1,0,차대차 - 기타,안전운전불이행,건조,맑음,교차로 - 교차로부근,이륜,남,23세,기타불명,이륜,남,36세,경상
2022022300100364,2022년 2월 23일 18시,수요일,제주특별자치도 제주시 이도이동,경상사고,0,0,3,0,차대차 - 측면충돌,직진우회전진행방해,건조,맑음,교차로 - 교차로안,승용,남,31세,경상,승용,남,63세,경상
2022022300100388,2022년 2월 23일 19시,수요일,제주특별자치도 제주시 화북일동,중상사고,0,1,0,0,차대사람 - 횡단중,보행자보호의무위반,건조,맑음,교차로 - 교차로횡단보도내,승용,여,66세,상해없음,보행자,남,60세,중상
2022022300100435,2022년 2월 23일 21시,수요일,제주특별자치도 제주시 건입동,경상사고,0,0,1,0,차대차 - 기타,안전거리미확보,건조,맑음,단일로 - 기타,이륜,남,36세,경상,화물,남,67세,상해없음
2022022300100459,2022년 2월 23일 22시,수요일,제주특별자치도 제주시 삼도이동,중상사고,0,1,0,0,차대사람 - 횡단중,안전운전불이행,건조,맑음,단일로 - 기타,승용,남,24세,상해없음,보행자,남,64세,중상
2022022400100087,2022년 2월 24일 08시,목요일,제주특별자치도 제주시 도련일동,경상사고,0,0,1,0,차대차 - 추돌,안전거리미확보,건조,맑음,단일로 - 기타,승용,여,24세,상해없음,건설기계,남,51세,경상
2022022400100088,2022년 2월 24일 08시,목요일,제주특별자치도 제주시 한림읍,중상사고,0,1,0,0,차량단독 - 공작물충돌,안전운전불이행,건조,맑음,단일로 - 기타,승용,남,74세,상해없음,,,,
2022022400100204,2022년 2월 24일 12시,목요일,제주특별자치도 제주시 아라일동,부상신고사고,0,0,0,1,차대차 - 기타,안전운전불이행,건조,맑음,교차로 - 교차로부근,이륜,남,36세,부상신고,승용,남,29세,상해없음
2022022400100405,2022년 2월 24일 18시,목요일,제주특별자치도 서귀포시 동홍동,중상사고,0,1,0,0,차대사람 - 횡단중,보행자보호의무위반,건조,맑음,단일로 - 기타,승용,남,44세,상해없음,보행자,여,70세,중상
2022022400100440,2022년 2월 24일 19시,목요일,제주특별자치도 제주시 용담삼동,중상사고,0,1,0,0,차대사람 - 차도통행중,안전운전불이행,건조,맑음,단일로 - 기타,승용,남,48세,상해없음,보행자,여,55세,중상
2022022400100540,2022년 2월 24일 23시,목요일,제주특별자치도 제주시 도남동,경상사고,0,0,1,0,차대차 - 측면충돌,신호위반,건조,맑음,교차로 - 교차로부근,이륜,남,25세,경상,승용,남,56세,상해없음
2022022500100088,2022년 2월 25일 08시,금요일,제주특별자치도 서귀포시 남원읍,경상사고,0,0,1,0,차대차 - 측면충돌,직진우회전진행방해,건조,맑음,교차로 - 교차로안,화물,남,59세,상해없음,승용,여,27세,경상
2022022500100089,2022년 2월 25일 08시,금요일,제주특별자치도 제주시 용담이동,경상사고,0,0,1,0,차대차 - 측면충돌,안전거리미확보,건조,맑음,단일로 - 기타,화물,남,62세,상해없음,승용,남,32세,경상
2022022500100130,2022년 2월 25일 09시,금요일,제주특별자치도 제주시 용담이동,중상사고,0,1,1,0,차대차 - 기타,안전운전불이행,건조,맑음,단일로 - 기타,승용,남,62세,상해없음,승용,남,70세,중상
2022022500100229,2022년 2월 25일 12시,금요일,제주특별자치도 제주시 오라이동,경상사고,0,0,1,0,차대차 - 추돌,안전운전불이행,건조,맑음,단일로 - 기타,이륜,남,43세,경상,승용,남,51세,상해없음
2022022500100230,2022년 2월 25일 12시,금요일,제주특별자치도 제주시 아라이동,경상사고,0,0,1,0,차대사람 - 기타,중앙선침범,건조,맑음,단일로 - 기타,승용,여,47세,기타불명,보행자,여,17세,경상
2022022500100231,2022년 2월 25일 12시,금요일,제주특별자치도 제주시 화북이동,경상사고,0,0,1,0,차대차 - 추돌,안전운전불이행,건조,맑음,단일로 - 기타,승용,남,77세,상해없음,승용,여,61세,경상
2022022500100232,2022년 2월 25일 12시,금요일,제주특별자치도 서귀포시 서홍동,중상사고,0,1,0,0,차대사람 - 기타,안전운전불이행,건조,맑음,단일로 - 기타,승용,남,59세,상해없음,보행자,여,80세,중상
2022022500100255,2022년 2월 25일 13시,금요일,제주특별자치도 제주시 아라일동,경상사고,0,0,1,0,차대차 - 측면충돌,교차로운행방법위반,건조,맑음,교차로 - 교차로부근,이륜,남,40세,상해없음,승용,남,62세,경상
2022022500100256,2022년 2월 25일 13시,금요일,제주특별자치도 서귀포시 도순동,경상사고,0,0,1,0,차대차 - 기타,안전운전불이행,건조,맑음,단일로 - 기타,승용,남,73세,경상,승용,남,59세,기타불명
2022022500100257,2022년 2월 25일 13시,금요일,제주특별자치도 서귀포시 대정읍,중상사고,0,1,0,0,차량단독 - 전도전복 - 전복,안전운전불이행,건조,맑음,기타 - 기타,화물,남,35세,중상,,,,
2022022500100258,2022년 2월 25일 13시,금요일,제주특별자치도 제주시 한림읍,경상사고,0,0,1,0,차대차 - 기타,직진우회전진행방해,건조,맑음,교차로 - 교차로안,이륜,남,36세,경상,승용,남,28세,상해없음
2022022500100314,2022년 2월 25일 15시,금요일,제주특별자치도 제주시 이도이동,경상사고,0,0,1,0,차대차 - 기타,안전거리미확보,건조,맑음,교차로 - 교차로안,승용,여,49세,상해없음,화물,남,27세,경상
2022022500100345,2022년 2월 25일 16시,금요일,제주특별자치도 제주시 일도일동,경상사고,0,0,1,0,차대사람 - 횡단중,보행자보호의무위반,건조,맑음,교차로 - 교차로안,화물,남,34세,상해없음,보행자,여,74세,경상
2022022500100346,2022년 2월 25일 16시,금요일,제주특별자치도 서귀포시 표선면,중상사고,0,1,0,0,차대차 - 측면충돌,안전운전불이행,건조,맑음,단일로 - 기타,이륜,남,67세,중상,승용,여,53세,상해없음
2022022500100347,2022년 2월 25일 16시,금요일,제주특별자치도 서귀포시 대정읍,경상사고,0,0,1,0,차대차 - 정면충돌,교차로운행방법위반,건조,맑음,교차로 - 교차로안,자전거,남,9세,경상,승용,여,43세,상해없음