사고번호,사고일시,요일,시군구,사고내용,사망자수,중상자수,경상자수,부상신고자수,사고유형,법규위반,노면상태,기상상태,도로형태,가해운전자 차종,가해운전자 성별,가해운전자 연령,가해운전자 상해정도,피해운전자 차종,피해운전자 성별,피해운전자 연령,피해운전자 상해정도
2022022500100348,2022년 2월 25일 16시,금요일,제주특별자치도 제주시 용담이동,경상사고,0,0,1,0,차대차 - 측면충돌,안전운전불이행,건조,맑음,단일로 - 기타,승용,남,65세,상해없음,이륜,남,54세,경상
2022022500100473,2022년 2월 25일 19시,금요일,제주특별자치도 서귀포시 대정읍,중상사고,0,1,0,0,차대차 - 기타,직진우회전진행방해,건조,맑음,교차로 - 교차로안,승용,남,50세,상해없음,원동기,남,41세,중상
2022022500100499,2022년 2월 25일 20시,금요일,제주특별자치도 서귀포시 대정읍,경상사고,0,0,1,0,차량단독 - 공작물충돌,안전운전불이행,건조,맑음,단일로 - 기타,승용,남,52세,경상,,,,
2022022500100522,2022년 2월 25일 21시,금요일,제주특별자치도 제주시 조천읍,경상사고,0,0,2,0,차대차 - 추돌,안전운전불이행,건조,맑음,단일로 - 기타,승용,남,44세,상해없음,승용,남,29세,경상
2022022500100523,2022년 2월 25일 21시,금요일,제주특별자치도 제주시 연동,중상사고,0,1,0,0,차대사람 - 차도통행중,안전운전불이행,건조,맑음,단일로 - 기타,승용,남,52세,상해없음,보행자,여,41세,중상
2022022500100560,2022년 2월 25일 22시,금요일,제주특별자치도 제주시 용담이동,부상신고사고,0,0,0,1,차대차 - 측면충돌,안전거리미확보,건조,맑음,단일로 - 기타,승용,남,28세,상해없음,승용,남,61세,부상신고
2022022600100050,2022년 2월 26일 06시,토요일,제주특별자치도 서귀포시 토평동,경상사고,0,0,1,0,차대차 - 측면충돌,안전운전불이행,건조,맑음,단일로 - 기타,건설기계,남,51세,상해없음,화물,남,71세,경상
2022022600100081,2022년 2월 26일 08시,토요일,제주특별자치도 서귀포시 표선면,경상사고,0,0,2,0,차대차 - 기타,기타,건조,맑음,단일로 - 기타,화물,남,43세,상해없음,화물,남,39세,경상
2022022600100115,2022년 2월 26일 10시,토요일,제주특별자치도 제주시 도남동,경상사고,0,0,1,0,차대사람 - 횡단중,안전운전불이행,기타,맑음,교차로 - 교차로안,화물,남,29세,상해없음,보행자,여,70세,경상
2022022600100139,2022년 2월 26일 11시,토요일,제주특별자치도 제주시 우도면,경상사고,0,0,1,0,차대사람 - 기타,안전운전불이행,건조,맑음,단일로 - 기타,이륜,남,58세,상해없음,보행자,여,57세,경상
2022022600100171,2022년 2월 26일 12시,토요일,제주특별자치도 제주시 조천읍,경상사고,0,0,1,0,차대차 - 기타,안전운전불이행,건조,맑음,단일로 - 기타,이륜,여,76세,경상,승용,여,54세,상해없음
2022022600100239,2022년 2월 26일 14시,토요일,제주특별자치도 서귀포시 대정읍,경상사고,0,0,1,1,차대차 - 측면충돌,안전운전불이행,건조,맑음,교차로 - 교차로안,승용,남,39세,부상신고,승용,여,37세,경상
2022022600100240,2022년 2월 26일 14시,토요일,제주특별자치도 서귀포시 대정읍,경상사고,0,0,2,0,차대차 - 측면충돌,안전운전불이행,건조,맑음,교차로 - 교차로안,화물,남,23세,상해없음,승용,남,23세,경상
2022022600100241,2022년 2월 26일 14시,토요일,제주특별자치도 제주시 한경면,중상사고,0,1,0,0,차대차 - 기타,안전운전불이행,건조,맑음,단일로 - 기타,화물,남,66세,상해없음,이륜,여,76세,중상
2022022600100291,2022년 2월 26일 16시,토요일,제주특별자치도 서귀포시 안덕면,부상신고사고,0,0,0,2,차대차 - 기타,안전운전불이행,건조,맑음,단일로 - 기타,승용,여,41세,상해없음,화물,남,48세,상해없음
2022022600100359,2022년 2월 26일 18시,토요일,제주특별자치도 제주시 이도이동,경상사고,0,0,1,0,차대차 - 측면충돌,교차로운행방법위반,건조,맑음,교차로 - 교차로부근,승용,남,47세,상해없음,승용,남,56세,경상
2022022600100435,2022년 2월 26일 20시,토요일,제주특별자치도 제주시 애월읍,경상사고,0,0,1,0,차대사람 - 횡단중,보행자보호의무위반,건조,맑음,교차로 - 교차로부근,승용,남,27세,상해없음,보행자,여,26세,경상
2022022700100028,2022년 2월 27일 06시,일요일,제주특별자치도 제주시 노형동,경상사고,0,0,2,0,차대차 - 측면충돌,신호위반,건조,맑음,교차로 - 교차로안,승용,남,28세,경상,승용,남,65세,경상
2022022700100069,2022년 2월 27일 10시,일요일,제주특별자치도 서귀포시 강정동,중상사고,0,1,1,0,차대차 - 기타,안전운전불이행,건조,맑음,교차로 - 교차로안,승용,여,29세,경상,승용,남,53세,중상
2022022700100093,2022년 2월 27일 11시,일요일,제주특별자치도 제주시 조천읍,경상사고,0,0,2,0,차대차 - 추돌,안전운전불이행,건조,맑음,기타 - 기타,승용,여,28세,상해없음,승용,남,53세,경상
2022022700100115,2022년 2월 27일 12시,일요일,제주특별자치도 제주시 이도이동,경상사고,0,0,1,0,차대차 - 기타,안전운전불이행,건조,맑음,교차로 - 교차로안,이륜,남,44세,경상,승용,남,39세,상해없음
2022022700100171,2022년 2월 27일 14시,일요일,제주특별자치도 제주시 외도일동,경상사고,0,0,1,0,차대차 - 기타,안전운전불이행,건조,맑음,단일로 - 기타,승용,여,34세,경상,건설기계,남,51세,상해없음
2022022700100255,2022년 2월 27일 17시,일요일,제주특별자치도 제주시 구좌읍,경상사고,0,0,2,0,차대차 - 기타,안전운전불이행,건조,맑음,단일로 - 기타,승용,남,27세,상해없음,승용,여,64세,경상
2022022700100256,2022년 2월 27일 17시,일요일,제주특별자치도 서귀포시 대정읍,경상사고,0,0,4,0,차대차 - 기타,기타,건조,맑음,교차로 - 교차로안,승용,여,31세,상해없음,승용,남,40세,경상
2022022700100306,2022년 2월 27일 19시,일요일,제주특별자치도 제주시 노형동,경상사고,0,0,1,0,차대차 - 기타,안전거리미확보,건조,맑음,단일로 - 기타,승용,남,37세,상해없음,승용,여,65세,경상
2022022700100340,2022년 2월 27일 21시,일요일,제주특별자치도 제주시 화북이동,경상사고,0,0,1,0,차대차 - 정면충돌,신호위반,건조,맑음,교차로 - 교차로안,승용,여,40세,상해없음,승용,남,31세,경상
2022022700100341,2022년 2월 27일 21시,일요일,제주특별자치도 서귀포시 안덕면,경상사고,0,0,1,0,차대사람 - 기타,안전운전불이행,건조,맑음,주차장 - 주차장,승용,남,46세,상해없음,보행자,여,23세,경상
2022022800100025,2022년 2월 28일 05시,월요일,제주특별자치도 서귀포시 성산읍,중상사고,0,1,0,0,차량단독 - 전도전복 - 전도,안전운전불이행,건조,맑음,기타 - 기타,자전거,여,63세,중상,,,,
2022022800100036,2022년 2월 28일 06시,월요일,제주특별자치도 제주시 외도일동,부상신고사고,0,0,0,3,차대차 - 측면충돌,직진우회전진행방해,건조,맑음,교차로 - 교차로안,승용,여,39세,부상신고,승용,남,21세,부상신고
2022022800100057,2022년 2월 28일 07시,월요일,제주특별자치도 제주시 한림읍,부상신고사고,0,0,0,1,차대차 - 측면충돌,교차로운행방법위반,건조,맑음,교차로 - 교차로안,화물,남,50세,부상신고,화물,여,60세,상해없음
2022022800100075,2022년 2월 28일 08시,월요일,제주특별자치도 제주시 구좌읍,경상사고,0,0,1,0,차대차 - 추돌,안전운전불이행,건조,맑음,기타 - 기타,승용,남,37세,상해없음,승용,남,27세,경상
2022022800100127,2022년 2월 28일 10시,월요일,제주특별자치도 제주시 도두일동,중상사고,0,1,0,1,차대차 - 정면충돌,중앙선침범,건조,맑음,단일로 - 기타,승용,남,44세,상해없음,승용,여,42세,중상
2022022800100262,2022년 2월 28일 14시,월요일,제주특별자치도 제주시 아라일동,부상신고사고,0,0,0,1,차대차 - 기타,안전운전불이행,건조,맑음,단일로 - 기타,화물,남,38세,상해없음,승용,남,24세,부상신고
2022022800100371,2022년 2월 28일 17시,월요일,제주특별자치도 서귀포시 동홍동,경상사고,0,0,1,0,차대차 - 측면충돌,교차로운행방법위반,건조,맑음,교차로 - 교차로안,승용,여,64세,상해없음,승용,여,26세,경상
2022022800100414,2022년 2월 28일 18시,월요일,제주특별자치도 서귀포시 토평동,경상사고,0,0,1,0,차대차 - 측면충돌,불법유턴,건조,맑음,단일로 - 기타,승용,여,49세,상해없음,화물,남,40세,경상
2022022800100457,2022년 2월 28일 19시,월요일,제주특별자치도 서귀포시 서홍동,부상신고사고,0,0,0,1,차대차 - 추돌,안전운전불이행,건조,맑음,교차로 - 교차로안,이륜,남,18세,부상신고,승용,남,29세,상해없음
2022022800100458,2022년 2월 28일 19시,월요일,제주특별자치도 서귀포시 성산읍,경상사고,0,0,2,0,차대차 - 측면충돌,직진우회전진행방해,건조,맑음,교차로 - 교차로안,승용,남,53세,상해없음,승용,여,36세,경상
2022030100100117,2022년 3월 1일 12시,화요일,제주특별자치도 제주시 한경면,중상사고,0,1,0,0,차대사람 - 길가장자리구역통행중,안전운전불이행,건조,맑음,단일로 - 기타,승용,남,21세,상해없음,보행자,남,43세,중상
2022030100100193,2022년 3월 1일 15시,화요일,제주특별자치도 제주시 오라이동,경상사고,0,0,1,0,차대차 - 추돌,안전운전불이행,건조,흐림,교차로 - 교차로부근,승용,남,24세,상해없음,승용,여,25세,경상
2022030100100283,2022년 3월 1일 18시,화요일,제주특별자치도 서귀포시 대정읍,경상사고,0,0,3,0,차대차 - 추돌,안전운전불이행,건조,맑음,단일로 - 기타,승용,남,57세,상해없음,승용,남,70세,경상
2022030100100303,2022년 3월 1일 19시,화요일,제주특별자치도 서귀포시 중문동,중상사고,0,1,0,0,차대차 - 정면충돌,중앙선침범,건조,맑음,단일로 - 기타,승용,남,21세,상해없음,원동기,남,28세,중상
2022030200100028,2022년 3월 2일 06시,수요일,제주특별자치도 제주시 노형동,경상사고,0,0,1,0,차대차 - 기타,안전운전불이행,건조,맑음,교차로 - 교차로부근,화물,남,59세,상해없음,자전거,여,29세,경상
2022030200100079,2022년 3월 2일 08시,수요일,제주특별자치도 서귀포시 토평동,중상사고,0,1,1,0,차대차 - 기타,안전운전불이행,건조,맑음,단일로 - 기타,승용,여,43세,경상,승용,여,44세,중상
2022030200100175,2022년 3월 2일 11시,수요일,제주특별자치도 제주시 애월읍,경상사고,0,0,2,0,차대차 - 기타,안전운전불이행,건조,맑음,단일로 - 기타,화물,남,56세,경상,화물,남,64세,경상
2022030200100211,2022년 3월 2일 12시,수요일,제주특별자치도 제주시 도남동,경상사고,0,0,2,0,차대차 - 추돌,안전운전불이행,건조,맑음,단일로 - 기타,승용,남,34세,상해없음,승용,남,25세,경상
2022030200100212,2022년 3월 2일 12시,수요일,제주특별자치도 제주시 노형동,경상사고,0,0,1,0,차대차 - 후진중충돌,안전운전불이행,건조,맑음,단일로 - 기타,승용,남,45세,상해없음,승용,남,29세,경상
2022030200100240,2022년 3월 2일 13시,수요일,제주특별자치도 제주시 연동,부상신고사고,0,0,0,1,차대차 - 측면충돌,직진우회전진행방해,건조,맑음,교차로 - 교차로안,이륜,남,63세,부상신고,승합,남,68세,상해없음
2022030200100263,2022년 3월 2일 14시,수요일,제주특별자치도 제주시 노형동,경상사고,0,0,1,0,차대차 - 측면충돌,안전운전불이행,건조,맑음,단일로 - 기타,이륜,남,27세,경상,승용,남,55세,상해없음
2022030200100339,2022년 3월 2일 16시,수요일,제주특별자치도 서귀포시 하원동,중상사고,0,1,0,0,차량단독 - 도로외이탈 - 기타,안전운전불이행,건조,맑음,단일로 - 기타,승용,여,57세,중상,,,,
2022030200100340,2022년 3월 2일 16시,수요일,제주특별자치도 제주시 용담이동,경상사고,0,0,1,0,차대차 - 측면충돌,안전운전불이행,건조,맑음,단일로 - 기타,승용,남,52세,상해없음,승용,남,70세,상해없음
2022030200100422,2022년 3월 2일 18시,수요일,제주특별자치도 제주시 애월읍,경상사고,0,0,1,0,차대차 - 측면충돌,안전운전불이행,건조,맑음,단일로 - 기타,승용,여,38세,기타불명,승용,남,32세,경상
2022030200100547,2022년 3월 2일 23시,수요일,제주특별자치도 제주시 애월읍,사망사고,1,0,0,0,차대사람 - 차도통행중,기타,건조,맑음,단일로 - 기타,승용,남,27세,상해없음,보행자,여,60세,사망
2022030300100014,2022년 3월 3일 01시,목요일,제주특별자치도 제주시 노형동,경상사고,0,0,1,0,차대사람 - 횡단중,안전운전불이행,건조,맑음,교차로 - 교차로횡단보도내,승용,남,39세,상해없음,보행자,남,43세,경상
2022030300100097,2022년 3월 3일 08시,목요일,제주특별자치도 제주시 조천읍,경상사고,0,0,1,0,차대사람 - 기타,안전운전불이행,건조,맑음,단일로 - 기타,승용,남,72세,상해없음,보행자,여,52세,경상
2022030300100130,2022년 3월 3일 09시,목요일,제주특별자치도 제주시 일도일동,중상사고,0,1,0,0,차대사람 - 횡단중,중앙선침범,건조,맑음,교차로 - 교차로부근,승용,남,65세,상해없음,보행자,여,65세,중상
2022030300100153,2022년 3월 3일 10시,목요일,제주특별자치도 제주시 외도일동,경상사고,0,0,1,0,차대차 - 기타,직진우회전진행방해,건조,맑음,교차로 - 교차로안,승용,여,45세,상해없음,이륜,남,20세,경상
2022030300100231,2022년 3월 3일 13시,목요일,제주특별자치도 서귀포시 대정읍,경상사고,0,0,1,0,차대차 - 정면충돌,안전운전불이행,건조,맑음,단일로 - 기타,승용,남,30세,기타불명,승용,여,58세,경상
2022030300100303,2022년 3월 3일 15시,목요일,제주특별자치도 제주시 연동,경상사고,0,0,1,1,차대차 - 측면충돌,안전거리미확보,건조,맑음,단일로 - 기타,승용,여,34세,부상신고,화물,남,49세,경상
2022030300100408,2022년 3월 3일 18시,목요일,제주특별자치도 제주시 오라이동,경상사고,0,0,1,0,차대차 - 기타,직진우회전진행방해,건조,맑음,교차로 - 교차로안,승용,남,60세,상해없음,이륜,남,27세,경상
2022030300100430,2022년 3월 3일 19시,목요일,제주특별자치도 제주시 연동,중상사고,0,1,0,0,차대차 - 측면충돌,신호위반,건조,흐림,교차로 - 교차로안,승용,기타불명,미분류,기타불명,승용,여,45세,중상
2022030300100431,2022년 3월 3일 19시,목요일,제주특별자치도 제주시 내도동,경상사고,0,0,1,0,차대차 - 기타,안전운전불이행,건조,기타,교차로 - 교차로부근,승합,남,42세,상해없음,이륜,남,27세,경상
2022030400100073,2022년 3월 4일 09시,금요일,제주특별자치도 제주시 구좌읍,사망사고,1,0,1,0,차대차 - 측면충돌,기타,건조,맑음,교차로 - 교차로안,이륜,남,40세,경상,사륜오토바이(ATV),여,66세,사망
2022030400100149,2022년 3월 4일 12시,금요일,제주특별자치도 제주시 용강동,경상사고,0,0,1,0,차대차 - 기타,안전운전불이행,건조,맑음,단일로 - 기타,승용,남,51세,상해없음,특수,남,35세,경상
2022030400100150,2022년 3월 4일 12시,금요일,제주특별자치도 제주시 연동,부상신고사고,0,0,0,1,차대차 - 기타,안전운전불이행,건조,맑음,단일로 - 기타,승용,여,26세,상해없음,원동기,남,21세,부상신고
2022030400100206,2022년 3월 4일 14시,금요일,제주특별자치도 서귀포시 성산읍,경상사고,0,0,2,0,차대차 - 기타,안전거리미확보,건조,맑음,교차로 - 교차로안,승용,남,59세,상해없음,화물,남,28세,경상
2022030400100207,2022년 3월 4일 14시,금요일,제주특별자치도 제주시 애월읍,중상사고,0,1,0,0,차대차 - 정면충돌,기타,건조,맑음,단일로 - 기타,승용,남,25세,상해없음,화물,남,50세,중상
2022030400100236,2022년 3월 4일 15시,금요일,제주특별자치도 제주시 애월읍,경상사고,0,0,1,0,차대사람 - 횡단중,보행자보호의무위반,건조,맑음,단일로 - 기타,승용,남,26세,상해없음,보행자,여,23세,경상
2022030400100260,2022년 3월 4일 16시,금요일,제주특별자치도 서귀포시 서호동,경상사고,0,0,1,0,차대차 - 측면충돌,안전운전불이행,건조,맑음,교차로 - 교차로안,건설기계,남,47세,상해없음,승용,여,67세,경상
2022030400100297,2022년 3월 4일 17시,금요일,제주특별자치도 제주시 외도일동,경상사고,0,0,1,0,차대차 - 기타,안전운전불이행,건조,맑음,기타 - 기타,화물,남,40세,상해없음,자전거,여,63세,경상
2022030400100368,2022년 3월 4일 19시,금요일,제주특별자치도 제주시 이도이동,경상사고,0,0,4,0,차대차 - 추돌,안전운전불이행,건조,맑음,단일로 - 기타,화물,남,73세,상해없음,승용,남,27세,상해없음
2022030400100369,2022년 3월 4일 19시,금요일,제주특별자치도 제주시 화북이동,중상사고,0,2,0,0,차대차 - 정면충돌,신호위반,건조,맑음,교차로 - 교차로안,승용,남,40세,중상,승용,남,24세,중상
2022030400100399,2022년 3월 4일 20시,금요일,제주특별자치도 제주시 이도이동,중상사고,0,1,0,0,차대차 - 기타,안전운전불이행,건조,맑음,단일로 - 기타,승용,남,57세,상해없음,이륜,남,20세,중상
2022030400100400,2022년 3월 4일 20시,금요일,제주특별자치도 제주시 노형동,중상사고,0,1,0,0,차대사람 - 횡단중,보행자보호의무위반,건조,맑음,교차로 - 교차로횡단보도내,승용,여,25세,상해없음,보행자,남,51세,중상
2022030400100432,2022년 3월 4일 21시,금요일,제주특별자치도 제주시 노형동,중상사고,0,1,0,0,차대사람 - 횡단중,안전운전불이행,건조,맑음,단일로 - 기타,승용,남,61세,상해없음,보행자,남,52세,중상
2022030400100481,2022년 3월 4일 23시,금요일,제주특별자치도 제주시 오라일동,경상사고,0,0,2,0,차대차 - 추돌,안전운전불이행,건조,맑음,교차로 - 교차로부근,승합,남,28세,상해없음,승합,남,26세,경상
2022030500100009,2022년 3월 5일 00시,토요일,제주특별자치도 제주시 한림읍,중상사고,0,2,0,0,차대차 - 측면충돌,안전운전불이행,건조,흐림,단일로 - 기타,승용,남,22세,상해없음,승용,여,22세,기타불명
2022030500100046,2022년 3월 5일 07시,토요일,제주특별자치도 제주시 연동,경상사고,0,0,1,0,차대차 - 측면충돌,교차로운행방법위반,건조,맑음,교차로 - 교차로안,승용,남,58세,상해없음,승용,남,31세,경상
2022030500100103,2022년 3월 5일 10시,토요일,제주특별자치도 제주시 노형동,경상사고,0,0,1,0,차대사람 - 길가장자리구역통행중,안전운전불이행,건조,맑음,단일로 - 기타,화물,남,53세,상해없음,보행자,남,39세,경상
2022030500100143,2022년 3월 5일 11시,토요일,제주특별자치도 서귀포시 대정읍,경상사고,0,0,1,0,차대차 - 측면충돌,직진우회전진행방해,건조,맑음,교차로 - 교차로안,화물,남,52세,경상,승용,남,42세,상해없음
2022030500100215,2022년 3월 5일 13시,토요일,제주특별자치도 서귀포시 서귀동,중상사고,0,1,0,0,차대사람 - 횡단중,안전운전불이행,건조,맑음,교차로 - 교차로안,승용,남,84세,상해없음,보행자,여,40세,중상
2022030500100271,2022년 3월 5일 15시,토요일,제주특별자치도 제주시 한림읍,중상사고,0,1,1,0,차대차 - 추돌,안전운전불이행,건조,맑음,교차로 - 교차로부근,화물,남,46세,상해없음,화물,남,71세,경상
2022030500100299,2022년 3월 5일 16시,토요일,제주특별자치도 서귀포시 남원읍,경상사고,0,0,2,0,차대차 - 추돌,안전운전불이행,건조,맑음,교차로 - 교차로부근,승용,여,35세,상해없음,승용,남,32세,경상
2022030500100300,2022년 3월 5일 16시,토요일,제주특별자치도 제주시 용담이동,경상사고,0,0,1,0,차대차 - 측면충돌,안전운전불이행,건조,맑음,교차로 - 교차로안,승용,남,70세,기타불명,승용,남,57세,상해없음
2022030500100355,2022년 3월 5일 18시,토요일,제주특별자치도 제주시 연동,경상사고,0,0,2,0,차대차 - 측면충돌,신호위반,건조,맑음,교차로 - 교차로안,승용,남,30세,상해없음,원동기,남,26세,경상
2022030500100380,2022년 3월 5일 19시,토요일,제주특별자치도 제주시 삼도일동,경상사고,0,0,2,0,차대사람 - 기타,안전운전불이행,건조,기타,기타 - 기타,승용,남,59세,상해없음,보행자,남,53세,상해없음
2022030500100461,2022년 3월 5일 23시,토요일,제주특별자치도 제주시 우도면,경상사고,0,0,3,0,차대차 - 기타,안전운전불이행,기타,기타,단일로 - 기타,승용,남,34세,상해없음,자전거,남,19세,경상
2022030500100462,2022년 3월 5일 23시,토요일,제주특별자치도 제주시 연동,경상사고,0,0,1,0,차대차 - 기타,안전운전불이행,건조,기타,교차로 - 교차로안,승용,남,56세,상해없음,이륜,남,35세,경상
2022030600100081,2022년 3월 6일 11시,일요일,제주특별자치도 제주시 도련일동,경상사고,0,0,1,0,차대사람 - 횡단중,보행자보호의무위반,건조,맑음,교차로 - 교차로횡단보도내,자전거,남,18세,상해없음,보행자,여,52세,경상
2022030600100082,2022년 3월 6일 11시,일요일,제주특별자치도 제주시 용담삼동,경상사고,0,0,1,0,차대차 - 측면충돌,교차로운행방법위반,건조,맑음,교차로 - 교차로안,승용,남,58세,상해없음,승용,남,64세,경상
2022030600100098,2022년 3월 6일 12시,일요일,제주특별자치도 제주시 구좌읍,중상사고,0,1,1,0,차대차 - 후진중충돌,안전운전불이행,건조,맑음,단일로 - 기타,승용,남,43세,상해없음,승용,남,35세,경상
2022030600100182,2022년 3월 6일 15시,일요일,제주특별자치도 제주시 연동,경상사고,0,0,1,0,차량단독 - 기타,안전운전불이행,건조,맑음,단일로 - 기타,승합,남,52세,상해없음,,,,
2022030600100212,2022년 3월 6일 16시,일요일,제주특별자치도 서귀포시 남원읍,경상사고,0,0,1,0,차대차 - 기타,직진우회전진행방해,건조,맑음,교차로 - 교차로안,승용,여,24세,기타불명,화물,여,60세,경상
2022030600100213,2022년 3월 6일 16시,일요일,제주특별자치도 제주시 애월읍,경상사고,0,0,2,1,차량단독 - 도로외이탈 - 기타,안전운전불이행,건조,맑음,교차로 - 교차로안,승용,여,26세,부상신고,,,,
2022030600100260,2022년 3월 6일 18시,일요일,제주특별자치도 서귀포시 동홍동,경상사고,0,0,1,0,차대차 - 측면충돌,안전운전불이행,건조,맑음,교차로 - 교차로안,화물,남,62세,상해없음,승용,남,38세,경상
2022030600100282,2022년 3월 6일 19시,일요일,제주특별자치도 제주시 이도이동,경상사고,0,0,3,0,차대차 - 측면충돌,안전거리미확보,건조,맑음,단일로 - 기타,승용,여,60세,상해없음,승용,남,27세,경상
2022030600100310,2022년 3월 6일 21시,일요일,제주특별자치도 서귀포시 회수동,경상사고,0,0,3,0,차대차 - 기타,직진우회전진행방해,건조,맑음,교차로 - 교차로안,승용,남,70세,경상,승용,남,36세,경상
2022030600100320,2022년 3월 6일 22시,일요일,제주특별자치도 제주시 이도일동,경상사고,0,0,2,0,차대차 - 추돌,안전거리미확보,건조,맑음,단일로 - 기타,승용,여,26세,상해없음,승용,남,34세,경상
2022030700100078,2022년 3월 7일 08시,월요일,제주특별자치도 제주시 노형동,경상사고,0,0,1,0,차대차 - 정면충돌,안전운전불이행,건조,맑음,단일로 - 기타,화물,남,69세,상해없음,승용,남,49세,경상
2022030700100118,2022년 3월 7일 09시,월요일,제주특별자치도 제주시 구좌읍,경상사고,0,0,1,0,차대차 - 측면충돌,직진우회전진행방해,건조,맑음,교차로 - 교차로안,승용,남,59세,상해없음,화물,남,55세,경상
2022030700100251,2022년 3월 7일 15시,월요일,제주특별자치도 제주시 한경면,부상신고사고,0,0,0,1,차대차 - 후진중충돌,안전운전불이행,건조,맑음,단일로 - 기타,화물,남,43세,상해없음,승용,여,25세,부상신고
2022030700100252,2022년 3월 7일 15시,월요일,제주특별자치도 제주시 노형동,부상신고사고,0,0,0,1,차대차 - 측면충돌,안전거리미확보,건조,맑음,교차로 - 교차로안,승용,여,45세,부상신고,승용,여,36세,상해없음
2022030700100328,2022년 3월 7일 18시,월요일,제주특별자치도 제주시 한경면,중상사고,0,1,0,0,차대차 - 측면충돌,기타,건조,맑음,교차로 - 교차로안,승용,여,59세,상해없음,사륜오토바이(ATV),여,70세,중상
2022030700100359,2022년 3월 7일 19시,월요일,제주특별자치도 제주시 외도일동,중상사고,0,1,0,0,차대사람 - 횡단중,보행자보호의무위반,건조,맑음,교차로 - 교차로부근,화물,남,39세,상해없음,보행자,남,59세,중상
2022030700100378,2022년 3월 7일 20시,월요일,제주특별자치도 제주시 화북일동,경상사고,0,0,1,0,차대사람 - 차도통행중,안전운전불이행,건조,맑음,단일로 - 기타,승용,남,75세,상해없음,보행자,남,57세,경상
2022030700100379,2022년 3월 7일 20시,월요일,제주특별자치도 제주시 한림읍,경상사고,0,0,2,0,차대차 - 기타,신호위반,건조,맑음,교차로 - 교차로안,승용,남,39세,기타불명,승용,남,30세,경상
2022030800100066,2022년 3월 8일 08시,화요일,제주특별자치도 제주시 애월읍,경상사고,0,0,1,0,차대차 - 기타,안전거리미확보,건조,맑음,단일로 - 기타,건설기계,남,51세,기타불명,승용,여,26세,경상
2022030800100092,2022년 3월 8일 09시,화요일,제주특별자치도 서귀포시 표선면,중상사고,0,1,0,0,차대차 - 기타,안전운전불이행,건조,맑음,교차로 - 교차로부근,화물,남,74세,상해없음,승용,남,83세,중상
2022030800100120,2022년 3월 8일 10시,화요일,제주특별자치도 제주시 일도이동,경상사고,0,0,2,1,차대차 - 측면충돌,직진우회전진행방해,건조,맑음,교차로 - 교차로안,승용,여,30세,경상,승용,여,61세,경상
2022030800100121,2022년 3월 8일 10시,화요일,제주특별자치도 서귀포시 하원동,경상사고,0,0,1,0,차대차 - 추돌,안전거리미확보,건조,맑음,단일로 - 기타,승용,남,28세,상해없음,화물,남,52세,경상
2022030800100122,2022년 3월 8일 10시,화요일,제주특별자치도 서귀포시 강정동,경상사고,0,0,1,0,차대차 - 기타,안전거리미확보,건조,맑음,단일로 - 기타,승용,여,31세,상해없음,승합,남,51세,상해없음
2022030800100145,2022년 3월 8일 11시,화요일,제주특별자치도 제주시 애월읍,중상사고,0,1,0,0,차대차 - 정면충돌,신호위반,건조,맑음,교차로 - 교차로안,승용,남,48세,상해없음,승용,여,67세,중상
2022030800100175,2022년 3월 8일 12시,화요일,제주특별자치도 제주시 이도이동,경상사고,0,0,1,0,차대차 - 기타,교차로운행방법위반,건조,맑음,교차로 - 교차로안,승용,남,51세,상해없음,이륜,남,35세,경상
2022030800100224,2022년 3월 8일 14시,화요일,제주특별자치도 제주시 일도이동,부상신고사고,0,0,0,1,차대차 - 기타,직진우회전진행방해,건조,맑음,교차로 - 교차로안,이륜,남,39세,부상신고,화물,남,76세,상해없음
2022030800100225,2022년 3월 8일 14시,화요일,제주특별자치도 제주시 외도일동,부상신고사고,0,0,0,1,차대차 - 기타,안전운전불이행,건조,맑음,교차로 - 교차로안,승용,여,64세,상해없음,승용,남,51세,부상신고
2022030800100325,2022년 3월 8일 17시,화요일,제주특별자치도 서귀포시 동홍동,중상사고,0,1,0,0,차대차 - 정면충돌,안전운전불이행,건조,맑음,단일로 - 기타,승용,여,46세,상해없음,이륜,남,23세,중상
2022030800100326,2022년 3월 8일 17시,화요일,제주특별자치도 제주시 애월읍,경상사고,0,0,1,1,차대차 - 측면충돌,안전거리미확보,건조,맑음,단일로 - 기타,승용,남,70세,부상신고,승용,여,28세,경상
2022030800100327,2022년 3월 8일 17시,화요일,제주특별자치도 제주시 연동,경상사고,0,0,1,0,차대차 - 기타,직진우회전진행방해,건조,맑음,교차로 - 교차로안,승용,여,71세,상해없음,승용,남,30세,경상
2022030800100398,2022년 3월 8일 19시,화요일,제주특별자치도 제주시 애월읍,중상사고,0,1,1,0,차대차 - 측면충돌,신호위반,건조,맑음,교차로 - 교차로안,이륜,남,29세,중상,승용,남,38세,경상
2022030800100399,2022년 3월 8일 19시,화요일,제주특별자치도 제주시 연동,경상사고,0,0,1,0,차대차 - 추돌,안전운전불이행,건조,맑음,기타 - 기타,승용,남,64세,상해없음,승용,남,61세,상해없음