사고번호,사고일시,요일,시군구,사고내용,사망자수,중상자수,경상자수,부상신고자수,사고유형,법규위반,노면상태,기상상태,도로형태,가해운전자 차종,가해운전자 성별,가해운전자 연령,가해운전자 상해정도,피해운전자 차종,피해운전자 성별,피해운전자 연령,피해운전자 상해정도
2022033100100361,2022년 3월 31일 18시,목요일,제주특별자치도 제주시 연동,경상사고,0,0,1,0,차대차 - 측면충돌,직진우회전진행방해,건조,맑음,교차로 - 교차로안,이륜,남,51세,경상,승용,남,21세,상해없음
2022033100100400,2022년 3월 31일 19시,목요일,제주특별자치도 제주시 삼양일동,경상사고,0,0,1,0,차대사람 - 기타,안전운전불이행,건조,맑음,단일로 - 기타,승용,남,37세,상해없음,보행자,남,41세,경상
2022033100100472,2022년 3월 31일 22시,목요일,제주특별자치도 제주시 이도이동,부상신고사고,0,0,0,1,차대사람 - 기타,안전운전불이행,건조,맑음,단일로 - 기타,승용,남,41세,상해없음,보행자,남,70세,부상신고
2022040100100079,2022년 4월 1일 08시,금요일,제주특별자치도 제주시 노형동,경상사고,0,0,1,0,차대차 - 기타,안전운전불이행,건조,맑음,단일로 - 기타,승용,여,44세,상해없음,승합,여,23세,경상
2022040100100132,2022년 4월 1일 10시,금요일,제주특별자치도 제주시 연동,경상사고,0,0,1,0,차대차 - 측면충돌,안전운전불이행,건조,맑음,교차로 - 교차로안,승용,여,26세,상해없음,승용,여,46세,경상
2022040100100242,2022년 4월 1일 14시,금요일,제주특별자치도 서귀포시 상예동,경상사고,0,0,1,0,차량단독 - 공작물충돌,안전운전불이행,건조,맑음,단일로 - 기타,승합,여,58세,경상,,,,
2022040100100348,2022년 4월 1일 17시,금요일,제주특별자치도 제주시 외도일동,경상사고,0,0,1,0,차대사람 - 차도통행중,안전운전불이행,건조,맑음,단일로 - 기타,승용,남,78세,상해없음,보행자,남,16세,경상
2022040100100349,2022년 4월 1일 17시,금요일,제주특별자치도 제주시 연동,경상사고,0,0,4,0,차대차 - 기타,안전운전불이행,건조,맑음,교차로 - 교차로안,화물,남,63세,상해없음,승용,남,31세,경상
2022040100100391,2022년 4월 1일 18시,금요일,제주특별자치도 제주시 연동,경상사고,0,0,1,0,차대차 - 기타,안전거리미확보,건조,맑음,교차로 - 교차로부근,승용,남,48세,상해없음,이륜,남,32세,경상
2022040100100428,2022년 4월 1일 19시,금요일,제주특별자치도 서귀포시 대정읍,중상사고,0,1,0,0,차대사람 - 횡단중,안전운전불이행,건조,맑음,단일로 - 기타,승용,남,65세,상해없음,보행자,남,60세,중상
2022040100100468,2022년 4월 1일 20시,금요일,제주특별자치도 제주시 이도이동,중상사고,0,1,0,0,차대사람 - 횡단중,보행자보호의무위반,건조,맑음,교차로 - 교차로횡단보도내,승용,남,65세,상해없음,보행자,여,54세,중상
2022040100100469,2022년 4월 1일 20시,금요일,제주특별자치도 제주시 노형동,부상신고사고,0,0,0,1,차대차 - 측면충돌,안전운전불이행,건조,맑음,단일로 - 기타,승용,남,42세,상해없음,이륜,여,47세,부상신고
2022040200100066,2022년 4월 2일 08시,토요일,제주특별자치도 제주시 애월읍,경상사고,0,0,1,0,차대차 - 측면충돌,기타,건조,맑음,교차로 - 교차로안,화물,남,60세,상해없음,승용,남,43세,경상
2022040200100157,2022년 4월 2일 11시,토요일,제주특별자치도 서귀포시 대정읍,경상사고,0,0,1,0,차대차 - 측면충돌,안전운전불이행,건조,맑음,교차로 - 교차로부근,화물,남,60세,상해없음,자전거,남,70세,경상
2022040200100195,2022년 4월 2일 12시,토요일,제주특별자치도 제주시 이도일동,경상사고,0,0,1,1,차대차 - 기타,중앙선침범,건조,맑음,단일로 - 기타,이륜,남,20세,부상신고,이륜,남,33세,경상
2022040200100234,2022년 4월 2일 13시,토요일,제주특별자치도 서귀포시 중문동,중상사고,0,1,0,0,차대사람 - 기타,안전운전불이행,건조,맑음,단일로 - 기타,승용,여,55세,상해없음,보행자,여,89세,중상
2022040200100235,2022년 4월 2일 13시,토요일,제주특별자치도 서귀포시 동홍동,중상사고,0,1,0,0,차대차 - 기타,안전거리미확보,건조,맑음,단일로 - 기타,승용,여,39세,상해없음,승용,남,37세,중상
2022040200100271,2022년 4월 2일 14시,토요일,제주특별자치도 제주시 노형동,경상사고,0,0,2,0,차대차 - 측면충돌,직진우회전진행방해,건조,맑음,교차로 - 교차로안,승용,여,42세,경상,승용,남,26세,경상
2022040200100314,2022년 4월 2일 15시,토요일,제주특별자치도 서귀포시 대정읍,중상사고,0,3,0,0,차대차 - 정면충돌,기타,건조,맑음,교차로 - 교차로안,화물,남,57세,상해없음,승용,여,52세,중상
2022040200100392,2022년 4월 2일 17시,토요일,제주특별자치도 제주시 구좌읍,중상사고,0,1,2,0,차대차 - 정면충돌,중앙선침범,건조,맑음,단일로 - 기타,승용,여,29세,상해없음,화물,남,67세,경상
2022040200100393,2022년 4월 2일 17시,토요일,제주특별자치도 서귀포시 상예동,경상사고,0,0,1,0,차대차 - 측면충돌,안전운전불이행,건조,맑음,단일로 - 기타,승용,남,24세,상해없음,승용,여,62세,기타불명
2022040200100429,2022년 4월 2일 18시,토요일,제주특별자치도 서귀포시 성산읍,중상사고,0,1,0,0,차량단독 - 기타,안전운전불이행,건조,맑음,단일로 - 기타,이륜,남,59세,중상,,,,
2022040200100488,2022년 4월 2일 20시,토요일,제주특별자치도 제주시 조천읍,경상사고,0,0,1,0,차대차 - 기타,교차로운행방법위반,기타,기타,교차로 - 교차로안,승용,남,58세,상해없음,이륜,남,33세,경상
2022040200100502,2022년 4월 2일 21시,토요일,제주특별자치도 제주시 삼도일동,경상사고,0,0,1,0,차대사람 - 기타,안전운전불이행,건조,맑음,단일로 - 기타,승합,남,58세,상해없음,보행자,남,55세,경상
2022040200100524,2022년 4월 2일 22시,토요일,제주특별자치도 서귀포시 표선면,경상사고,0,0,1,0,차대차 - 기타,안전운전불이행,건조,맑음,단일로 - 기타,승용,남,50세,상해없음,승용,여,30세,경상
2022040300100036,2022년 4월 3일 06시,일요일,제주특별자치도 제주시 애월읍,경상사고,0,0,1,0,차대차 - 기타,직진우회전진행방해,건조,맑음,교차로 - 교차로안,승용,여,49세,상해없음,승용,남,52세,경상
2022040300100144,2022년 4월 3일 13시,일요일,제주특별자치도 제주시 삼도일동,경상사고,0,0,1,0,차대차 - 측면충돌,안전거리미확보,건조,맑음,교차로 - 교차로부근,승용,여,30세,상해없음,승용,여,20세,경상
2022040300100288,2022년 4월 3일 17시,일요일,제주특별자치도 서귀포시 안덕면,중상사고,0,2,2,0,차대차 - 정면충돌,신호위반,건조,맑음,교차로 - 교차로안,승용,여,26세,경상,승용,여,45세,중상
2022040300100429,2022년 4월 3일 23시,일요일,제주특별자치도 제주시 삼도이동,중상사고,0,1,0,0,차대차 - 기타,안전운전불이행,건조,맑음,교차로 - 교차로부근,이륜,남,44세,중상,이륜,남,43세,상해없음
2022040300100430,2022년 4월 3일 23시,일요일,제주특별자치도 제주시 연동,중상사고,0,1,0,0,차대차 - 추돌,기타,건조,맑음,단일로 - 기타,승용,여,24세,상해없음,이륜,남,26세,중상
2022040400100009,2022년 4월 4일 00시,월요일,제주특별자치도 서귀포시 남원읍,부상신고사고,0,0,0,1,차대차 - 기타,안전운전불이행,건조,맑음,단일로 - 기타,승용,남,54세,부상신고,화물,남,50세,기타불명
2022040400100173,2022년 4월 4일 10시,월요일,제주특별자치도 제주시 삼도이동,경상사고,0,0,1,0,차대차 - 측면충돌,중앙선침범,건조,맑음,교차로 - 교차로안,자전거,남,23세,경상,화물,남,50세,상해없음
2022040400100286,2022년 4월 4일 14시,월요일,제주특별자치도 서귀포시 서귀동,부상신고사고,0,0,0,1,차대차 - 측면충돌,직진우회전진행방해,건조,맑음,교차로 - 교차로안,화물,남,30세,상해없음,이륜,남,19세,부상신고
2022040400100287,2022년 4월 4일 14시,월요일,제주특별자치도 제주시 용담이동,부상신고사고,0,0,0,1,차대차 - 측면충돌,안전운전불이행,건조,맑음,교차로 - 교차로안,승합,남,65세,상해없음,승용,여,51세,부상신고
2022040400100318,2022년 4월 4일 15시,월요일,제주특별자치도 서귀포시 안덕면,경상사고,0,0,1,0,차대차 - 측면충돌,신호위반,건조,맑음,교차로 - 교차로안,승용,남,22세,상해없음,화물,남,41세,경상
2022040400100319,2022년 4월 4일 15시,월요일,제주특별자치도 서귀포시 하효동,경상사고,0,0,1,0,차대차 - 후진중충돌,안전운전불이행,건조,맑음,기타 - 기타,화물,남,71세,상해없음,승용,여,57세,경상
2022040400100320,2022년 4월 4일 15시,월요일,제주특별자치도 제주시 해안동,경상사고,0,0,1,0,차대차 - 기타,안전거리미확보,건조,맑음,단일로 - 기타,건설기계,남,44세,상해없음,승용,남,50세,경상
2022040400100389,2022년 4월 4일 17시,월요일,제주특별자치도 서귀포시 남원읍,경상사고,0,0,1,0,차량단독 - 공작물충돌,안전운전불이행,건조,맑음,교차로 - 교차로안,승용,여,38세,경상,,,,
2022040400100390,2022년 4월 4일 17시,월요일,제주특별자치도 서귀포시 법환동,중상사고,0,1,0,0,차대사람 - 횡단중,안전운전불이행,건조,맑음,단일로 - 기타,승용,남,22세,상해없음,보행자,남,67세,중상
2022040400100429,2022년 4월 4일 18시,월요일,제주특별자치도 제주시 아라일동,경상사고,0,0,2,0,차대차 - 측면충돌,직진우회전진행방해,건조,맑음,교차로 - 교차로안,승용,남,41세,상해없음,승용,여,26세,경상
2022040400100430,2022년 4월 4일 18시,월요일,제주특별자치도 서귀포시 서홍동,경상사고,0,0,2,0,차대차 - 기타,안전운전불이행,건조,맑음,단일로 - 기타,승용,여,29세,상해없음,화물,여,67세,경상
2022040400100431,2022년 4월 4일 18시,월요일,제주특별자치도 제주시 노형동,부상신고사고,0,0,0,1,차대차 - 추돌,안전운전불이행,건조,맑음,교차로 - 교차로안,승용,남,40세,상해없음,이륜,남,55세,부상신고
2022040500100064,2022년 4월 5일 07시,화요일,제주특별자치도 서귀포시 대정읍,중상사고,0,1,0,0,차대사람 - 횡단중,보행자보호의무위반,건조,맑음,단일로 - 기타,승용,여,48세,상해없음,보행자,여,27세,중상
2022040500100262,2022년 4월 5일 13시,화요일,제주특별자치도 제주시 도남동,중상사고,0,1,0,0,차대차 - 측면충돌,중앙선침범,건조,맑음,교차로 - 교차로부근,승용,여,57세,상해없음,원동기,남,26세,중상
2022040500100326,2022년 4월 5일 15시,화요일,제주특별자치도 서귀포시 남원읍,경상사고,0,0,2,0,차대차 - 기타,직진우회전진행방해,건조,맑음,교차로 - 교차로안,승용,여,32세,경상,승용,남,87세,경상
2022040500100391,2022년 4월 5일 17시,화요일,제주특별자치도 제주시 화북일동,경상사고,0,0,1,0,차대차 - 기타,불법유턴,건조,맑음,교차로 - 교차로횡단보도내,자전거,남,10세,경상,승용,남,49세,상해없음
2022040500100392,2022년 4월 5일 17시,화요일,제주특별자치도 제주시 봉개동,경상사고,0,0,1,0,차대차 - 측면충돌,안전운전불이행,건조,맑음,교차로 - 교차로안,이륜,남,80세,경상,승용,남,46세,상해없음
2022040500100426,2022년 4월 5일 18시,화요일,제주특별자치도 제주시 이도이동,경상사고,0,0,1,0,차대사람 - 횡단중,안전운전불이행,건조,맑음,단일로 - 기타,승용,여,61세,상해없음,보행자,남,16세,경상
2022040500100427,2022년 4월 5일 18시,화요일,제주특별자치도 제주시 노형동,경상사고,0,0,1,0,차대사람 - 기타,안전운전불이행,건조,맑음,단일로 - 기타,승용,남,60세,상해없음,보행자,여,17세,경상
2022040500100512,2022년 4월 5일 21시,화요일,제주특별자치도 제주시 연동,경상사고,0,0,1,0,차대사람 - 차도통행중,안전운전불이행,건조,맑음,단일로 - 기타,승용,남,29세,상해없음,보행자,남,54세,경상
2022040600100009,2022년 4월 6일 00시,수요일,제주특별자치도 제주시 아라일동,경상사고,0,0,2,0,차대차 - 추돌,안전운전불이행,건조,맑음,단일로 - 기타,승용,남,50세,상해없음,승용,여,30세,경상
2022040600100010,2022년 4월 6일 00시,수요일,제주특별자치도 제주시 용담이동,경상사고,0,0,1,0,차대차 - 후진중충돌,안전운전불이행,건조,맑음,단일로 - 기타,승용,남,39세,상해없음,승용,남,48세,경상
2022040600100033,2022년 4월 6일 05시,수요일,제주특별자치도 제주시 용담이동,부상신고사고,0,0,0,1,차대차 - 추돌,안전운전불이행,건조,맑음,단일로 - 기타,화물,남,49세,상해없음,화물,남,62세,부상신고
2022040600100141,2022년 4월 6일 10시,수요일,제주특별자치도 서귀포시 서귀동,경상사고,0,0,1,0,차대차 - 추돌,안전거리미확보,건조,맑음,교차로 - 교차로안,화물,남,52세,상해없음,승용,남,37세,경상
2022040600100170,2022년 4월 6일 11시,수요일,제주특별자치도 제주시 용담이동,경상사고,0,0,1,0,차대차 - 측면충돌,안전거리미확보,건조,맑음,단일로 - 기타,승용,남,68세,상해없음,승합,남,50세,경상
2022040600100198,2022년 4월 6일 12시,수요일,제주특별자치도 제주시 이도이동,경상사고,0,0,1,1,차대차 - 기타,교차로운행방법위반,건조,맑음,교차로 - 교차로안,승용,여,51세,부상신고,승용,여,59세,경상
2022040600100223,2022년 4월 6일 13시,수요일,제주특별자치도 제주시 화북이동,경상사고,0,0,1,0,차대차 - 기타,안전거리미확보,기타,맑음,단일로 - 기타,승용,남,66세,상해없음,이륜,남,26세,경상
2022040600100244,2022년 4월 6일 14시,수요일,제주특별자치도 제주시 이도일동,중상사고,0,2,2,0,차대차 - 추돌,안전운전불이행,건조,맑음,단일로 - 기타,승용,여,72세,경상,승용,여,40세,중상
2022040600100274,2022년 4월 6일 15시,수요일,제주특별자치도 서귀포시 색달동,경상사고,0,0,4,0,차대차 - 측면충돌,신호위반,건조,맑음,교차로 - 교차로안,승용,남,60세,상해없음,승용,남,47세,경상
2022040600100362,2022년 4월 6일 17시,수요일,제주특별자치도 서귀포시 중문동,경상사고,0,0,3,0,차대차 - 추돌,안전거리미확보,건조,맑음,교차로 - 교차로안,승용,남,56세,상해없음,승용,여,39세,경상
2022040600100363,2022년 4월 6일 17시,수요일,제주특별자치도 서귀포시 하효동,경상사고,0,0,1,0,차대차 - 추돌,안전거리미확보,건조,맑음,단일로 - 기타,승용,남,67세,상해없음,승용,남,27세,경상
2022040600100410,2022년 4월 6일 18시,수요일,제주특별자치도 제주시 도련일동,경상사고,0,0,1,0,차대차 - 기타,안전거리미확보,건조,맑음,단일로 - 기타,승용,여,41세,상해없음,이륜,남,61세,경상
2022040600100442,2022년 4월 6일 19시,수요일,제주특별자치도 서귀포시 안덕면,중상사고,0,1,1,0,차대사람 - 횡단중,신호위반,건조,맑음,교차로 - 교차로횡단보도내,승용,남,30세,상해없음,보행자,여,66세,중상
2022040700100056,2022년 4월 7일 07시,목요일,제주특별자치도 서귀포시 중문동,경상사고,0,0,1,0,차대사람 - 횡단중,안전운전불이행,건조,맑음,교차로 - 교차로안,승용,여,56세,상해없음,보행자,남,41세,경상
2022040700100057,2022년 4월 7일 07시,목요일,제주특별자치도 제주시 연동,경상사고,0,0,1,0,차대차 - 측면충돌,중앙선침범,건조,맑음,단일로 - 기타,승용,여,37세,상해없음,승용,여,45세,경상
2022040700100095,2022년 4월 7일 08시,목요일,제주특별자치도 제주시 이도이동,경상사고,0,0,1,0,차대차 - 추돌,안전운전불이행,건조,맑음,단일로 - 기타,승용,여,58세,상해없음,승용,여,24세,경상
2022040700100096,2022년 4월 7일 08시,목요일,제주특별자치도 제주시 건입동,경상사고,0,0,1,0,차대차 - 추돌,안전거리미확보,건조,맑음,교차로 - 교차로부근,승용,남,39세,상해없음,승용,남,48세,경상
2022040700100127,2022년 4월 7일 09시,목요일,제주특별자치도 제주시 일도이동,경상사고,0,0,1,0,차대차 - 추돌,안전운전불이행,건조,맑음,기타 - 기타,승용,여,29세,상해없음,승용,여,64세,경상
2022040700100148,2022년 4월 7일 10시,목요일,제주특별자치도 서귀포시 남원읍,경상사고,0,0,1,0,차대차 - 추돌,안전운전불이행,건조,맑음,단일로 - 기타,특수,남,36세,상해없음,승용,여,38세,경상
2022040700100149,2022년 4월 7일 10시,목요일,제주특별자치도 제주시 한림읍,경상사고,0,0,1,0,차대차 - 측면충돌,직진우회전진행방해,건조,맑음,교차로 - 교차로안,승용,남,24세,경상,화물,남,27세,상해없음
2022040700100211,2022년 4월 7일 12시,목요일,제주특별자치도 제주시 이도이동,경상사고,0,0,2,0,차대차 - 기타,기타,건조,맑음,교차로 - 교차로부근,화물,남,42세,경상,승용,남,33세,경상
2022040700100292,2022년 4월 7일 15시,목요일,제주특별자치도 서귀포시 서호동,경상사고,0,0,2,0,차대차 - 정면충돌,중앙선침범,건조,맑음,단일로 - 기타,승용,여,66세,상해없음,화물,남,28세,경상
2022040700100382,2022년 4월 7일 17시,목요일,제주특별자치도 제주시 용담삼동,부상신고사고,0,0,0,4,차량단독 - 기타,안전운전불이행,건조,맑음,주차장 - 주차장,승합,남,67세,상해없음,,,,
2022040700100475,2022년 4월 7일 19시,목요일,제주특별자치도 제주시 용담일동,중상사고,0,1,0,0,차대차 - 추돌,안전운전불이행,건조,맑음,교차로 - 교차로부근,승용,남,25세,상해없음,이륜,남,35세,중상
2022040700100476,2022년 4월 7일 19시,목요일,제주특별자치도 제주시 연동,경상사고,0,0,1,0,차대사람 - 기타,안전운전불이행,건조,맑음,교차로 - 교차로안,승용,여,52세,상해없음,보행자,남,14세,경상
2022040800100045,2022년 4월 8일 06시,금요일,제주특별자치도 제주시 해안동,경상사고,0,0,1,0,차대차 - 기타,안전거리미확보,건조,맑음,단일로 - 기타,화물,남,67세,상해없음,화물,남,56세,경상
2022040800100107,2022년 4월 8일 08시,금요일,제주특별자치도 제주시 일도이동,경상사고,0,0,1,0,차대사람 - 횡단중,보행자보호의무위반,건조,맑음,교차로 - 교차로횡단보도내,승용,여,61세,상해없음,보행자,여,13세,경상
2022040800100108,2022년 4월 8일 08시,금요일,제주특별자치도 제주시 도두일동,경상사고,0,0,2,0,차대차 - 추돌,안전운전불이행,건조,맑음,단일로 - 기타,화물,남,51세,상해없음,승용,여,39세,경상
2022040800100149,2022년 4월 8일 09시,금요일,제주특별자치도 제주시 조천읍,경상사고,0,0,1,0,차대사람 - 횡단중,안전운전불이행,건조,맑음,교차로 - 교차로안,승용,남,32세,상해없음,보행자,여,71세,경상
2022040800100150,2022년 4월 8일 09시,금요일,제주특별자치도 서귀포시 안덕면,중상사고,0,1,0,0,차대차 - 기타,직진우회전진행방해,건조,맑음,교차로 - 교차로안,승용,남,56세,상해없음,이륜,여,52세,중상
2022040800100174,2022년 4월 8일 10시,금요일,제주특별자치도 서귀포시 토평동,중상사고,0,1,0,0,차대차 - 기타,안전운전불이행,건조,맑음,단일로 - 기타,화물,남,58세,상해없음,이륜,여,81세,중상
2022040800100175,2022년 4월 8일 10시,금요일,제주특별자치도 제주시 한경면,경상사고,0,0,4,0,차대차 - 측면충돌,교차로운행방법위반,건조,맑음,교차로 - 교차로안,화물,남,54세,상해없음,승용,남,68세,경상
2022040800100205,2022년 4월 8일 11시,금요일,제주특별자치도 제주시 삼도이동,경상사고,0,0,1,0,차대차 - 기타,차로위반,건조,맑음,단일로 - 기타,승용,여,69세,상해없음,승용,여,39세,경상
2022040800100300,2022년 4월 8일 14시,금요일,제주특별자치도 제주시 용담일동,경상사고,0,0,1,0,차대차 - 추돌,신호위반,건조,맑음,교차로 - 교차로안,이륜,남,58세,경상,승용,남,53세,상해없음
2022040800100394,2022년 4월 8일 16시,금요일,제주특별자치도 제주시 연동,중상사고,0,1,0,0,차대차 - 기타,안전운전불이행,건조,맑음,교차로 - 교차로부근,승용,여,53세,기타불명,승용,남,50세,중상
2022040800100444,2022년 4월 8일 17시,금요일,제주특별자치도 제주시 조천읍,중상사고,0,1,3,0,차대차 - 정면충돌,중앙선침범,건조,맑음,단일로 - 기타,승용,남,34세,상해없음,승용,남,60세,중상
2022040800100445,2022년 4월 8일 17시,금요일,제주특별자치도 제주시 아라일동,경상사고,0,0,3,0,차대차 - 기타,직진우회전진행방해,건조,맑음,교차로 - 교차로안,승용,여,25세,경상,승용,여,57세,경상
2022040800100446,2022년 4월 8일 17시,금요일,제주특별자치도 제주시 노형동,경상사고,0,0,1,0,차대차 - 기타,기타,건조,맑음,기타 - 기타,승용,여,47세,상해없음,이륜,남,41세,경상
2022040800100612,2022년 4월 8일 20시,금요일,제주특별자치도 제주시 연동,경상사고,0,0,1,0,차대차 - 추돌,안전운전불이행,건조,맑음,단일로 - 기타,승용,남,22세,상해없음,승용,남,43세,경상
2022040800100642,2022년 4월 8일 21시,금요일,제주특별자치도 제주시 노형동,중상사고,0,1,0,0,차대차 - 측면충돌,안전운전불이행,건조,맑음,교차로 - 교차로안,승용,남,44세,상해없음,이륜,남,52세,중상
2022040800100691,2022년 4월 8일 23시,금요일,제주특별자치도 제주시 노형동,경상사고,0,0,1,0,차대차 - 측면충돌,기타,건조,맑음,단일로 - 기타,승용,남,28세,경상,승용,남,38세,상해없음
2022040900100094,2022년 4월 9일 08시,토요일,제주특별자치도 제주시 영평동,경상사고,0,0,2,0,차대차 - 기타,안전운전불이행,건조,맑음,기타 - 기타,승용,남,59세,상해없음,승용,남,37세,경상
2022040900100112,2022년 4월 9일 09시,토요일,제주특별자치도 제주시 건입동,경상사고,0,0,1,0,차대사람 - 기타,안전운전불이행,건조,맑음,단일로 - 기타,승용,남,59세,상해없음,보행자,여,56세,경상
2022040900100174,2022년 4월 9일 11시,토요일,제주특별자치도 서귀포시 서호동,중상사고,0,1,3,0,차대차 - 추돌,안전운전불이행,건조,맑음,교차로 - 교차로부근,승용,남,63세,상해없음,승용,남,42세,경상
2022040900100214,2022년 4월 9일 12시,토요일,제주특별자치도 제주시 도련일동,경상사고,0,0,1,0,차대사람 - 횡단중,신호위반,기타,기타,교차로 - 교차로횡단보도내,승용,여,35세,상해없음,보행자,남,7세,경상
2022040900100359,2022년 4월 9일 15시,토요일,제주특별자치도 제주시 조천읍,경상사고,0,0,1,0,차대차 - 측면충돌,안전운전불이행,건조,맑음,교차로 - 교차로안,이륜,여,83세,경상,승용,남,32세,상해없음
2022040900100360,2022년 4월 9일 15시,토요일,제주특별자치도 제주시 애월읍,경상사고,0,0,4,0,차대차 - 추돌,안전거리미확보,건조,맑음,교차로 - 교차로부근,화물,남,75세,상해없음,승용,여,56세,경상
2022040900100444,2022년 4월 9일 17시,토요일,제주특별자치도 서귀포시 색달동,부상신고사고,0,0,0,2,차대차 - 측면충돌,교차로운행방법위반,건조,맑음,교차로 - 교차로안,승용,여,52세,상해없음,화물,남,73세,부상신고
2022040900100445,2022년 4월 9일 17시,토요일,제주특별자치도 서귀포시 월평동,경상사고,0,0,3,0,차대차 - 측면충돌,기타,건조,맑음,교차로 - 교차로안,승용,남,46세,경상,승용,여,36세,경상
2022040900100471,2022년 4월 9일 18시,토요일,제주특별자치도 제주시 조천읍,경상사고,0,0,2,0,차대차 - 추돌,안전운전불이행,건조,맑음,교차로 - 교차로안,승용,남,40세,상해없음,승용,남,36세,경상
2022040900100584,2022년 4월 9일 22시,토요일,제주특별자치도 제주시 애월읍,중상사고,0,1,0,0,차량단독 - 공작물충돌,안전운전불이행,건조,맑음,단일로 - 기타,승용,여,34세,중상,,,,
2022041000100028,2022년 4월 10일 01시,일요일,제주특별자치도 제주시 연동,경상사고,0,0,1,0,차대차 - 측면충돌,교차로운행방법위반,건조,맑음,교차로 - 교차로안,승용,남,27세,상해없음,승용,남,29세,경상
2022041000100039,2022년 4월 10일 03시,일요일,제주특별자치도 제주시 애월읍,중상사고,0,2,0,0,차량단독 - 공작물충돌,기타,건조,맑음,교차로 - 교차로안,승용,남,22세,상해없음,,,,
2022041000100151,2022년 4월 10일 12시,일요일,제주특별자치도 서귀포시 중문동,경상사고,0,0,1,0,차대사람 - 기타,안전운전불이행,건조,맑음,기타 - 기타,승용,남,33세,상해없음,보행자,여,46세,경상
2022041000100327,2022년 4월 10일 17시,일요일,제주특별자치도 제주시 해안동,경상사고,0,0,2,0,차대차 - 추돌,안전운전불이행,건조,맑음,단일로 - 기타,승용,남,26세,상해없음,승용,여,39세,경상
2022041000100353,2022년 4월 10일 18시,일요일,제주특별자치도 서귀포시 상효동,중상사고,0,1,0,0,차량단독 - 공작물충돌,안전운전불이행,건조,맑음,단일로 - 기타,이륜,남,28세,상해없음,,,,
2022041100100187,2022년 4월 11일 10시,월요일,제주특별자치도 제주시 연동,경상사고,0,0,5,0,차대차 - 정면충돌,중앙선침범,건조,맑음,단일로 - 기타,승용,여,27세,상해없음,승용,여,53세,경상
2022041100100188,2022년 4월 11일 10시,월요일,제주특별자치도 제주시 연동,경상사고,0,0,1,0,차대차 - 측면충돌,안전거리미확보,건조,맑음,단일로 - 기타,승용,여,58세,상해없음,승용,남,38세,경상
2022041100100189,2022년 4월 11일 10시,월요일,제주특별자치도 제주시 이호일동,경상사고,0,0,2,0,차대차 - 측면충돌,안전운전불이행,건조,맑음,단일로 - 기타,화물,남,76세,기타불명,승용,남,38세,경상
2022041100100246,2022년 4월 11일 12시,월요일,제주특별자치도 서귀포시 안덕면,중상사고,0,1,0,0,차량단독 - 전도전복 - 전도,안전운전불이행,건조,맑음,단일로 - 기타,승용,여,36세,상해없음,,,,
2022041100100281,2022년 4월 11일 13시,월요일,제주특별자치도 서귀포시 남원읍,중상사고,0,1,0,0,차량단독 - 기타,안전운전불이행,건조,맑음,단일로 - 기타,화물,여,76세,상해없음,,,,
2022041100100283,2022년 4월 11일 13시,월요일,제주특별자치도 제주시 오라삼동,경상사고,0,0,1,1,차대차 - 추돌,안전거리미확보,건조,맑음,교차로 - 교차로부근,승용,여,41세,상해없음,화물,남,28세,경상
2022041100100313,2022년 4월 11일 14시,월요일,제주특별자치도 서귀포시 서귀동,중상사고,0,1,0,0,차대사람 - 기타,보행자보호의무위반,건조,맑음,단일로 - 기타,승용,남,61세,상해없음,보행자,남,66세,중상
2022041100100352,2022년 4월 11일 15시,월요일,제주특별자치도 제주시 건입동,경상사고,0,0,1,0,차대차 - 추돌,안전운전불이행,건조,맑음,교차로 - 교차로부근,승용,여,53세,상해없음,승용,남,29세,경상
2022041100100436,2022년 4월 11일 17시,월요일,제주특별자치도 제주시 일도일동,중상사고,0,1,0,0,차대사람 - 보도통행중,보행자보호의무위반,건조,맑음,교차로 - 교차로횡단보도내,승용,남,60세,상해없음,보행자,남,69세,중상
2022041100100539,2022년 4월 11일 20시,월요일,제주특별자치도 서귀포시 색달동,중상사고,0,1,1,0,차대사람 - 차도통행중,안전운전불이행,건조,맑음,단일로 - 기타,승용,남,49세,상해없음,보행자,여,63세,중상
2022041100100540,2022년 4월 11일 20시,월요일,제주특별자치도 제주시 노형동,부상신고사고,0,0,0,1,차대차 - 측면충돌,직진우회전진행방해,건조,맑음,교차로 - 교차로안,승용,여,38세,상해없음,이륜,남,50세,부상신고
2022041200100048,2022년 4월 12일 05시,화요일,제주특별자치도 서귀포시 서홍동,부상신고사고,0,0,0,1,차대차 - 추돌,안전운전불이행,건조,맑음,단일로 - 기타,승용,여,54세,부상신고,화물,여,60세,기타불명
2022041200100054,2022년 4월 12일 06시,화요일,제주특별자치도 제주시 외도일동,경상사고,0,0,1,0,차대차 - 측면충돌,직진우회전진행방해,건조,맑음,교차로 - 교차로안,화물,남,49세,상해없음,승용,여,70세,경상
2022041200100109,2022년 4월 12일 08시,화요일,제주특별자치도 제주시 해안동,경상사고,0,0,1,0,차대차 - 추돌,안전운전불이행,건조,맑음,기타 - 기타,승용,남,51세,상해없음,승용,여,24세,경상