사고번호,사고일시,요일,시군구,사고내용,사망자수,중상자수,경상자수,부상신고자수,사고유형,법규위반,노면상태,기상상태,도로형태,가해운전자 차종,가해운전자 성별,가해운전자 연령,가해운전자 상해정도,피해운전자 차종,피해운전자 성별,피해운전자 연령,피해운전자 상해정도
2022041200100177,2022년 4월 12일 10시,화요일,제주특별자치도 제주시 노형동,경상사고,0,0,1,4,차대차 - 측면충돌,직진우회전진행방해,건조,맑음,교차로 - 교차로안,승용,여,43세,부상신고,승용,남,49세,경상
2022041200100287,2022년 4월 12일 14시,화요일,제주특별자치도 제주시 애월읍,중상사고,0,1,0,0,차량단독 - 공작물충돌,안전운전불이행,건조,맑음,단일로 - 기타,화물,남,52세,중상,,,,
2022041200100348,2022년 4월 12일 16시,화요일,제주특별자치도 제주시 아라이동,경상사고,0,0,1,0,차대차 - 기타,안전운전불이행,건조,맑음,기타 - 기타,자전거,남,13세,경상,승용,여,74세,상해없음
2022041200100395,2022년 4월 12일 17시,화요일,제주특별자치도 제주시 오라일동,경상사고,0,0,3,0,차대차 - 추돌,안전거리미확보,기타,기타,교차로 - 교차로부근,승용,남,49세,상해없음,승용,남,43세,경상
2022041200100396,2022년 4월 12일 17시,화요일,제주특별자치도 서귀포시 성산읍,중상사고,0,1,0,0,차대차 - 정면충돌,안전운전불이행,건조,맑음,교차로 - 교차로안,화물,남,54세,상해없음,이륜,여,77세,중상
2022041200100435,2022년 4월 12일 18시,화요일,제주특별자치도 서귀포시 서귀동,경상사고,0,0,1,0,차대차 - 기타,안전거리미확보,건조,맑음,단일로 - 기타,화물,여,55세,상해없음,화물,남,57세,경상
2022041200100467,2022년 4월 12일 19시,화요일,제주특별자치도 제주시 내도동,경상사고,0,0,1,0,차대차 - 추돌,안전운전불이행,건조,맑음,단일로 - 기타,승용,남,45세,상해없음,이륜,남,41세,경상
2022041300100064,2022년 4월 13일 07시,수요일,제주특별자치도 제주시 봉개동,경상사고,0,0,1,0,차대차 - 측면충돌,교차로운행방법위반,건조,맑음,단일로 - 기타,화물,남,54세,상해없음,승용,남,53세,경상
2022041300100065,2022년 4월 13일 07시,수요일,제주특별자치도 제주시 조천읍,경상사고,0,0,1,0,차대차 - 기타,안전거리미확보,건조,맑음,단일로 - 기타,승용,남,58세,상해없음,승용,여,32세,경상
2022041300100066,2022년 4월 13일 07시,수요일,제주특별자치도 서귀포시 색달동,경상사고,0,0,2,0,차대차 - 정면충돌,직진우회전진행방해,건조,맑음,교차로 - 교차로안,승용,여,50세,경상,승용,남,30세,경상
2022041300100105,2022년 4월 13일 08시,수요일,제주특별자치도 제주시 일도이동,경상사고,0,0,2,0,차대차 - 측면충돌,신호위반,건조,맑음,교차로 - 교차로안,승용,여,61세,상해없음,승용,남,80세,경상
2022041300100106,2022년 4월 13일 08시,수요일,제주특별자치도 서귀포시 대정읍,부상신고사고,0,0,0,1,차대차 - 측면충돌,안전운전불이행,건조,맑음,교차로 - 교차로안,자전거,남,14세,부상신고,승용,여,42세,상해없음
2022041300100133,2022년 4월 13일 09시,수요일,제주특별자치도 제주시 도남동,경상사고,0,0,1,0,차대차 - 정면충돌,안전운전불이행,건조,맑음,교차로 - 교차로부근,승용,여,63세,상해없음,승용,여,48세,경상
2022041300100180,2022년 4월 13일 11시,수요일,제주특별자치도 제주시 연동,중상사고,0,1,0,0,차대차 - 측면충돌,직진우회전진행방해,건조,맑음,단일로 - 기타,승용,여,23세,상해없음,이륜,여,30세,중상
2022041300100257,2022년 4월 13일 14시,수요일,제주특별자치도 제주시 도남동,부상신고사고,0,0,0,1,차대차 - 추돌,기타,건조,맑음,단일로 - 기타,승용,남,43세,부상신고,화물,남,47세,상해없음
2022041300100287,2022년 4월 13일 15시,수요일,제주특별자치도 제주시 연동,중상사고,0,1,0,0,차대사람 - 기타,안전운전불이행,건조,맑음,단일로 - 기타,화물,남,51세,상해없음,보행자,남,11세,중상
2022041300100325,2022년 4월 13일 16시,수요일,제주특별자치도 제주시 구좌읍,중상사고,0,1,1,1,차대차 - 기타,교차로운행방법위반,건조,맑음,교차로 - 교차로안,승용,여,28세,부상신고,승용,여,25세,경상
2022041300100365,2022년 4월 13일 17시,수요일,제주특별자치도 서귀포시 서귀동,경상사고,0,0,1,0,차대차 - 측면충돌,차로위반,건조,맑음,단일로 - 기타,승용,여,65세,상해없음,승용,여,33세,경상
2022041300100442,2022년 4월 13일 19시,수요일,제주특별자치도 제주시 연동,경상사고,0,0,1,0,차대사람 - 기타,안전운전불이행,건조,맑음,단일로 - 기타,승용,여,45세,상해없음,보행자,여,26세,경상
2022041300100478,2022년 4월 13일 20시,수요일,제주특별자치도 서귀포시 법환동,경상사고,0,0,1,0,차대차 - 측면충돌,직진우회전진행방해,젖음/습기,비,단일로 - 기타,승용,여,58세,상해없음,승용,남,43세,경상
2022041300100521,2022년 4월 13일 21시,수요일,제주특별자치도 제주시 노형동,경상사고,0,0,1,0,차대차 - 추돌,안전운전불이행,젖음/습기,비,교차로 - 교차로부근,승용,여,38세,상해없음,승용,남,35세,경상
2022041300100562,2022년 4월 13일 23시,수요일,제주특별자치도 제주시 오라이동,중상사고,0,1,0,0,차량단독 - 기타,안전운전불이행,젖음/습기,비,기타 - 기타,승용,여,45세,중상,,,,
2022041400100029,2022년 4월 14일 03시,목요일,제주특별자치도 서귀포시 안덕면,중상사고,0,1,0,0,차량단독 - 공작물충돌,안전운전불이행,젖음/습기,비,교차로 - 교차로부근,승용,남,44세,중상,,,,
2022041400100107,2022년 4월 14일 08시,목요일,제주특별자치도 제주시 용담일동,경상사고,0,0,1,0,차대차 - 기타,안전운전불이행,젖음/습기,비,단일로 - 기타,승용,남,53세,상해없음,승용,남,52세,경상
2022041400100183,2022년 4월 14일 11시,목요일,제주특별자치도 제주시 한림읍,경상사고,0,0,1,0,차대사람 - 차도통행중,안전운전불이행,건조,맑음,교차로 - 교차로안,승용,여,43세,상해없음,보행자,여,62세,경상
2022041400100215,2022년 4월 14일 12시,목요일,제주특별자치도 제주시 오라이동,경상사고,0,0,2,0,차대차 - 측면충돌,안전운전불이행,기타,기타,교차로 - 교차로안,승용,여,66세,상해없음,승용,여,44세,경상
2022041400100256,2022년 4월 14일 13시,목요일,제주특별자치도 제주시 일도일동,경상사고,0,0,1,0,차대차 - 기타,안전거리미확보,건조,맑음,교차로 - 교차로안,승용,남,26세,상해없음,이륜,남,52세,경상
2022041400100257,2022년 4월 14일 13시,목요일,제주특별자치도 제주시 애월읍,경상사고,0,0,1,0,차대차 - 추돌,안전운전불이행,건조,맑음,교차로 - 교차로부근,승용,여,49세,상해없음,승용,여,42세,경상
2022041400100258,2022년 4월 14일 13시,목요일,제주특별자치도 제주시 애월읍,중상사고,0,1,0,0,차대차 - 정면충돌,안전운전불이행,건조,맑음,단일로 - 기타,화물,남,70세,상해없음,자전거,여,51세,중상
2022041400100285,2022년 4월 14일 14시,목요일,제주특별자치도 서귀포시 남원읍,중상사고,0,1,0,0,차대사람 - 횡단중,보행자보호의무위반,건조,맑음,단일로 - 기타,승용,남,49세,상해없음,보행자,남,8세,중상
2022041400100312,2022년 4월 14일 15시,목요일,제주특별자치도 제주시 화북일동,중상사고,0,1,0,1,차대사람 - 기타,안전운전불이행,건조,맑음,단일로 - 기타,승용,남,79세,중상,보행자,여,66세,부상신고
2022041400100313,2022년 4월 14일 15시,목요일,제주특별자치도 제주시 구좌읍,경상사고,0,0,2,0,차대차 - 추돌,안전운전불이행,건조,맑음,단일로 - 기타,승용,남,24세,상해없음,승용,남,49세,경상
2022041400100349,2022년 4월 14일 16시,목요일,제주특별자치도 제주시 도련이동,경상사고,0,0,1,0,차대차 - 기타,안전운전불이행,건조,맑음,교차로 - 교차로부근,이륜,남,37세,상해없음,승용,남,50세,경상
2022041400100350,2022년 4월 14일 16시,목요일,제주특별자치도 서귀포시 안덕면,경상사고,0,0,1,0,차대차 - 기타,안전운전불이행,건조,맑음,단일로 - 기타,승용,여,54세,상해없음,승용,여,55세,경상
2022041400100380,2022년 4월 14일 17시,목요일,제주특별자치도 서귀포시 성산읍,경상사고,0,0,1,0,차대차 - 기타,안전운전불이행,건조,맑음,단일로 - 기타,사륜오토바이(ATV),여,80세,상해없음,승용,남,51세,상해없음
2022041400100411,2022년 4월 14일 18시,목요일,제주특별자치도 제주시 화북이동,경상사고,0,0,1,0,차대차 - 측면충돌,안전거리미확보,건조,맑음,교차로 - 교차로부근,승용,남,56세,상해없음,화물,남,30세,경상
2022041400100412,2022년 4월 14일 18시,목요일,제주특별자치도 서귀포시 서홍동,경상사고,0,0,1,0,차대사람 - 횡단중,안전운전불이행,건조,맑음,교차로 - 교차로부근,승용,남,29세,상해없음,보행자,남,12세,경상
2022041400100500,2022년 4월 14일 22시,목요일,제주특별자치도 제주시 구좌읍,경상사고,0,0,1,0,차대사람 - 기타,안전운전불이행,건조,기타,기타 - 기타,승용,남,68세,상해없음,보행자,남,32세,경상
2022041400100501,2022년 4월 14일 22시,목요일,제주특별자치도 서귀포시 강정동,중상사고,0,5,1,0,차대차 - 후진중충돌,안전운전불이행,건조,맑음,단일로 - 기타,화물,남,53세,상해없음,승용,남,31세,경상
2022041500100030,2022년 4월 15일 05시,금요일,제주특별자치도 서귀포시 동홍동,중상사고,0,1,0,0,차대사람 - 횡단중,안전운전불이행,건조,맑음,단일로 - 기타,승용,여,70세,기타불명,보행자,남,73세,중상
2022041500100103,2022년 4월 15일 08시,금요일,제주특별자치도 서귀포시 안덕면,중상사고,0,1,1,0,차대차 - 기타,직진우회전진행방해,건조,맑음,교차로 - 교차로안,화물,여,47세,경상,승용,남,62세,상해없음
2022041500100104,2022년 4월 15일 08시,금요일,제주특별자치도 서귀포시 표선면,중상사고,0,2,0,0,차대차 - 기타,직진우회전진행방해,건조,맑음,교차로 - 교차로안,화물,남,74세,중상,승용,남,71세,중상
2022041500100105,2022년 4월 15일 08시,금요일,제주특별자치도 서귀포시 서홍동,경상사고,0,0,1,0,차대차 - 기타,안전운전불이행,건조,맑음,교차로 - 교차로부근,화물,여,69세,기타불명,승용,여,19세,경상
2022041500100145,2022년 4월 15일 09시,금요일,제주특별자치도 서귀포시 성산읍,부상신고사고,0,0,0,1,차대차 - 기타,직진우회전진행방해,건조,맑음,교차로 - 교차로부근,원동기,남,26세,부상신고,승용,여,51세,상해없음
2022041500100202,2022년 4월 15일 11시,금요일,제주특별자치도 서귀포시 성산읍,경상사고,0,0,4,0,차대차 - 추돌,안전운전불이행,건조,맑음,단일로 - 지하차도(도로)내,화물,남,65세,상해없음,승용,남,51세,경상
2022041500100203,2022년 4월 15일 11시,금요일,제주특별자치도 제주시 노형동,중상사고,0,1,0,0,차대차 - 측면충돌,불법유턴,건조,맑음,교차로 - 교차로부근,승용,남,51세,상해없음,이륜,남,43세,중상
2022041500100265,2022년 4월 15일 13시,금요일,제주특별자치도 제주시 우도면,경상사고,0,0,2,0,차대사람 - 기타,안전운전불이행,건조,맑음,단일로 - 기타,자전거,여,31세,상해없음,보행자,여,35세,경상
2022041500100293,2022년 4월 15일 14시,금요일,제주특별자치도 제주시 한림읍,경상사고,0,0,1,0,차대사람 - 차도통행중,안전운전불이행,건조,맑음,단일로 - 기타,승용,남,56세,상해없음,보행자,남,8세,경상
2022041500100336,2022년 4월 15일 15시,금요일,제주특별자치도 서귀포시 서호동,중상사고,0,1,0,0,차대차 - 기타,안전거리미확보,건조,맑음,단일로 - 기타,승용,남,27세,상해없음,원동기,남,47세,중상
2022041500100386,2022년 4월 15일 16시,금요일,제주특별자치도 제주시 외도일동,부상신고사고,0,0,0,1,차대차 - 정면충돌,직진우회전진행방해,건조,맑음,교차로 - 교차로안,승용,여,21세,상해없음,승용,여,41세,부상신고
2022041500100427,2022년 4월 15일 17시,금요일,제주특별자치도 제주시 이도이동,중상사고,0,1,0,0,차대사람 - 기타,안전운전불이행,건조,맑음,기타 - 기타,승용,남,27세,상해없음,보행자,남,57세,중상
2022041500100529,2022년 4월 15일 19시,금요일,제주특별자치도 제주시 용담삼동,경상사고,0,0,3,0,차대차 - 측면충돌,안전운전불이행,건조,맑음,교차로 - 교차로안,승용,남,26세,기타불명,승용,남,70세,상해없음
2022041500100567,2022년 4월 15일 20시,금요일,제주특별자치도 제주시 구좌읍,사망사고,1,0,0,0,차대사람 - 횡단중,안전운전불이행,건조,맑음,교차로 - 교차로횡단보도내,승용,남,59세,상해없음,보행자,여,83세,사망
2022041500100590,2022년 4월 15일 21시,금요일,제주특별자치도 제주시 건입동,경상사고,0,0,1,0,차대차 - 추돌,안전운전불이행,건조,맑음,교차로 - 교차로부근,화물,남,57세,상해없음,승합,여,48세,경상
2022041600100030,2022년 4월 16일 01시,토요일,제주특별자치도 제주시 이도이동,경상사고,0,0,1,0,차대차 - 측면충돌,직진우회전진행방해,건조,맑음,교차로 - 교차로안,원동기,남,43세,상해없음,승용,여,24세,경상
2022041600100151,2022년 4월 16일 10시,토요일,제주특별자치도 제주시 이도이동,경상사고,0,0,1,0,차대사람 - 기타,안전운전불이행,건조,맑음,단일로 - 기타,승용,남,50세,상해없음,보행자,남,19세,경상
2022041600100152,2022년 4월 16일 10시,토요일,제주특별자치도 제주시 화북일동,경상사고,0,0,1,0,차대차 - 기타,교차로운행방법위반,건조,맑음,교차로 - 교차로안,승용,남,75세,상해없음,화물,남,60세,경상
2022041600100153,2022년 4월 16일 10시,토요일,제주특별자치도 서귀포시 표선면,경상사고,0,0,2,1,차대차 - 추돌,안전운전불이행,건조,맑음,교차로 - 교차로부근,승용,남,36세,상해없음,화물,남,48세,부상신고
2022041600100191,2022년 4월 16일 11시,토요일,제주특별자치도 서귀포시 대정읍,중상사고,0,3,3,0,차대차 - 정면충돌,중앙선침범,건조,맑음,단일로 - 기타,이륜,여,78세,경상,승용,남,55세,경상
2022041600100234,2022년 4월 16일 12시,토요일,제주특별자치도 제주시 이도이동,부상신고사고,0,0,0,1,차대차 - 기타,기타,건조,맑음,교차로 - 교차로횡단보도내,자전거,남,52세,부상신고,이륜,남,68세,상해없음
2022041600100272,2022년 4월 16일 13시,토요일,제주특별자치도 제주시 도련일동,경상사고,0,0,1,0,차대차 - 추돌,안전거리미확보,건조,맑음,단일로 - 기타,승용,남,39세,상해없음,승용,여,43세,경상
2022041600100273,2022년 4월 16일 13시,토요일,제주특별자치도 서귀포시 성산읍,중상사고,0,1,0,0,차대사람 - 보도통행중,기타,건조,맑음,기타 - 기타,자전거,여,19세,상해없음,보행자,여,81세,중상
2022041600100325,2022년 4월 16일 14시,토요일,제주특별자치도 서귀포시 신효동,경상사고,0,0,1,0,차대차 - 기타,직진우회전진행방해,건조,맑음,교차로 - 교차로안,승용,남,32세,상해없음,승용,여,28세,경상
2022041600100375,2022년 4월 16일 15시,토요일,제주특별자치도 제주시 연동,경상사고,0,0,1,0,차대차 - 기타,직진우회전진행방해,건조,맑음,교차로 - 교차로안,승용,여,36세,상해없음,원동기,남,21세,경상
2022041600100419,2022년 4월 16일 16시,토요일,제주특별자치도 제주시 도두일동,경상사고,0,0,1,0,차대사람 - 기타,기타,건조,맑음,단일로 - 기타,이륜,남,77세,상해없음,보행자,여,31세,경상
2022041600100532,2022년 4월 16일 19시,토요일,제주특별자치도 제주시 조천읍,부상신고사고,0,0,0,2,차대차 - 기타,안전운전불이행,건조,맑음,단일로 - 기타,이륜,남,48세,부상신고,승용,남,26세,상해없음
2022041600100562,2022년 4월 16일 20시,토요일,제주특별자치도 제주시 오등동,경상사고,0,0,1,0,차대차 - 기타,안전운전불이행,건조,맑음,기타 - 기타,승용,남,18세,상해없음,승용,여,25세,경상
2022041600100563,2022년 4월 16일 20시,토요일,제주특별자치도 서귀포시 토평동,중상사고,0,3,2,0,차대차 - 측면충돌,안전거리미확보,건조,맑음,단일로 - 기타,승용,남,55세,경상,승합,남,44세,상해없음
2022041700100019,2022년 4월 17일 00시,일요일,제주특별자치도 제주시 화북이동,사망사고,1,0,0,0,차대차 - 측면충돌,신호위반,건조,맑음,교차로 - 교차로안,승용,남,63세,상해없음,개인형이동수단(PM),남,37세,사망
2022041700100187,2022년 4월 17일 12시,일요일,제주특별자치도 제주시 화북일동,경상사고,0,0,1,0,차대차 - 기타,신호위반,기타,기타,교차로 - 교차로안,승용,남,26세,상해없음,화물,남,64세,경상
2022041700100246,2022년 4월 17일 14시,일요일,제주특별자치도 제주시 이도이동,경상사고,0,0,1,0,차대차 - 기타,교차로운행방법위반,건조,맑음,교차로 - 교차로안,이륜,남,30세,경상,승용,남,31세,상해없음
2022041700100312,2022년 4월 17일 16시,일요일,제주특별자치도 제주시 화북일동,경상사고,0,0,1,0,차대차 - 측면충돌,안전운전불이행,건조,맑음,단일로 - 기타,화물,남,65세,상해없음,승용,남,49세,경상
2022041700100313,2022년 4월 17일 16시,일요일,제주특별자치도 제주시 연동,경상사고,0,0,1,0,차대차 - 측면충돌,안전거리미확보,건조,맑음,단일로 - 기타,승용,여,24세,상해없음,승합,남,47세,경상
2022041700100376,2022년 4월 17일 18시,일요일,제주특별자치도 서귀포시 회수동,부상신고사고,0,0,0,1,차량단독 - 공작물충돌,안전운전불이행,건조,맑음,단일로 - 기타,화물,여,59세,부상신고,,,,
2022041800100034,2022년 4월 18일 05시,월요일,제주특별자치도 제주시 도남동,중상사고,0,1,0,0,차대사람 - 횡단중,안전운전불이행,건조,맑음,교차로 - 교차로횡단보도내,승용,남,41세,상해없음,보행자,여,73세,중상
2022041800100220,2022년 4월 18일 12시,월요일,제주특별자치도 제주시 화북이동,경상사고,0,0,1,0,차대차 - 기타,불법유턴,건조,맑음,단일로 - 기타,자전거,남,27세,경상,승용,여,32세,상해없음
2022041800100337,2022년 4월 18일 15시,월요일,제주특별자치도 제주시 조천읍,중상사고,0,1,1,0,차대차 - 정면충돌,중앙선침범,건조,맑음,단일로 - 기타,승용,남,67세,경상,승용,남,52세,상해없음
2022041800100370,2022년 4월 18일 16시,월요일,제주특별자치도 제주시 연동,부상신고사고,0,0,0,1,차대차 - 측면충돌,직진우회전진행방해,건조,맑음,교차로 - 교차로안,이륜,여,55세,부상신고,승용,남,47세,상해없음
2022041800100449,2022년 4월 18일 18시,월요일,제주특별자치도 서귀포시 서홍동,경상사고,0,0,1,0,차대사람 - 차도통행중,안전운전불이행,건조,맑음,단일로 - 기타,승용,여,51세,상해없음,보행자,남,41세,경상
2022041800100480,2022년 4월 18일 19시,월요일,제주특별자치도 제주시 조천읍,경상사고,0,0,3,0,차대차 - 후진중충돌,안전운전불이행,건조,맑음,주차장 - 주차장,승용,여,55세,상해없음,승용,여,43세,상해없음
2022041800100503,2022년 4월 18일 20시,월요일,제주특별자치도 서귀포시 서귀동,경상사고,0,0,4,0,차대차 - 기타,안전운전불이행,건조,맑음,교차로 - 교차로안,승용,남,41세,상해없음,승용,남,29세,경상
2022041900100011,2022년 4월 19일 00시,화요일,제주특별자치도 제주시 삼도이동,경상사고,0,0,2,0,차대차 - 측면충돌,직진우회전진행방해,건조,맑음,교차로 - 교차로안,승용,여,56세,경상,승용,여,36세,경상
2022041900100079,2022년 4월 19일 07시,화요일,제주특별자치도 제주시 조천읍,경상사고,0,0,1,0,차대차 - 추돌,안전운전불이행,건조,맑음,단일로 - 기타,승용,남,24세,상해없음,승용,남,46세,경상
2022041900100124,2022년 4월 19일 08시,화요일,제주특별자치도 제주시 도련이동,경상사고,0,0,2,0,차대차 - 추돌,안전운전불이행,건조,맑음,교차로 - 교차로안,승용,여,39세,상해없음,화물,남,61세,기타불명
2022041900100156,2022년 4월 19일 09시,화요일,제주특별자치도 제주시 노형동,경상사고,0,0,1,0,차대차 - 기타,교차로운행방법위반,건조,맑음,교차로 - 교차로안,승용,남,27세,상해없음,이륜,남,47세,경상
2022041900100199,2022년 4월 19일 10시,화요일,제주특별자치도 제주시 용담이동,경상사고,0,0,1,0,차대차 - 측면충돌,안전거리미확보,건조,맑음,단일로 - 기타,화물,남,58세,상해없음,승용,남,52세,경상
2022041900100227,2022년 4월 19일 11시,화요일,제주특별자치도 서귀포시 대정읍,경상사고,0,0,1,0,차대사람 - 횡단중,신호위반,건조,맑음,교차로 - 교차로횡단보도내,승용,여,36세,상해없음,보행자,남,25세,경상
2022041900100228,2022년 4월 19일 11시,화요일,제주특별자치도 서귀포시 남원읍,중상사고,0,2,1,0,차대차 - 추돌,안전운전불이행,건조,맑음,교차로 - 교차로부근,승용,남,70세,상해없음,승용,남,56세,중상
2022041900100304,2022년 4월 19일 13시,화요일,제주특별자치도 서귀포시 성산읍,중상사고,0,1,1,0,차대차 - 정면충돌,중앙선침범,건조,맑음,단일로 - 기타,승용,남,22세,상해없음,화물,남,71세,경상
2022041900100368,2022년 4월 19일 15시,화요일,제주특별자치도 제주시 오라이동,경상사고,0,0,1,0,차대사람 - 횡단중,보행자보호의무위반,건조,맑음,단일로 - 기타,승용,남,51세,상해없음,보행자,여,9세,경상
2022041900100369,2022년 4월 19일 15시,화요일,제주특별자치도 제주시 용담일동,경상사고,0,0,2,0,차대차 - 후진중충돌,안전운전불이행,건조,맑음,단일로 - 기타,화물,남,45세,상해없음,승용,남,31세,경상
2022041900100370,2022년 4월 19일 15시,화요일,제주특별자치도 서귀포시 색달동,중상사고,0,1,0,0,차대사람 - 기타,안전운전불이행,건조,맑음,주차장 - 주차장,승용,남,46세,상해없음,보행자,여,34세,중상
2022041900100371,2022년 4월 19일 15시,화요일,제주특별자치도 제주시 노형동,경상사고,0,0,2,0,차대차 - 추돌,안전운전불이행,건조,맑음,단일로 - 기타,승용,남,55세,상해없음,승용,남,40세,경상
2022041900100413,2022년 4월 19일 16시,화요일,제주특별자치도 제주시 노형동,경상사고,0,0,1,0,차대사람 - 횡단중,보행자보호의무위반,건조,맑음,교차로 - 교차로횡단보도내,승용,여,63세,상해없음,보행자,남,11세,경상
2022041900100551,2022년 4월 19일 19시,화요일,제주특별자치도 서귀포시 강정동,중상사고,0,2,0,0,차대차 - 추돌,안전운전불이행,건조,맑음,단일로 - 기타,승용,남,65세,상해없음,승용,여,47세,중상
2022041900100581,2022년 4월 19일 20시,화요일,제주특별자치도 제주시 연동,경상사고,0,0,4,0,차대사람 - 횡단중,보행자보호의무위반,건조,맑음,단일로 - 기타,승용,남,59세,상해없음,보행자,남,37세,경상
2022041900100604,2022년 4월 19일 21시,화요일,제주특별자치도 서귀포시 토평동,경상사고,0,0,1,0,차대차 - 측면충돌,직진우회전진행방해,건조,맑음,교차로 - 교차로안,승용,여,39세,상해없음,승용,남,23세,경상
2022041900100623,2022년 4월 19일 22시,화요일,제주특별자치도 제주시 연동,경상사고,0,0,1,0,차대사람 - 차도통행중,안전운전불이행,건조,흐림,단일로 - 기타,승용,남,28세,상해없음,보행자,남,35세,경상
2022042000100020,2022년 4월 20일 01시,수요일,제주특별자치도 서귀포시 대정읍,중상사고,0,1,0,0,차량단독 - 공작물충돌,안전운전불이행,건조,맑음,교차로 - 교차로부근,승용,남,60세,중상,,,,
2022042000100077,2022년 4월 20일 07시,수요일,제주특별자치도 제주시 노형동,경상사고,0,0,1,0,차대사람 - 기타,보행자보호의무위반,건조,맑음,교차로 - 교차로횡단보도내,이륜,남,20세,기타불명,보행자,여,26세,경상
2022042000100127,2022년 4월 20일 08시,수요일,제주특별자치도 제주시 오라이동,경상사고,0,0,1,0,차대차 - 측면충돌,안전거리미확보,건조,맑음,교차로 - 교차로부근,특수,남,37세,기타불명,승용,여,28세,경상
2022042000100233,2022년 4월 20일 11시,수요일,제주특별자치도 제주시 도련일동,경상사고,0,0,1,0,차대사람 - 횡단중,신호위반,건조,맑음,교차로 - 교차로횡단보도내,승용,여,60세,상해없음,보행자,여,9세,경상
2022042000100234,2022년 4월 20일 11시,수요일,제주특별자치도 제주시 오등동,경상사고,0,0,1,0,차대차 - 추돌,안전운전불이행,건조,맑음,기타 - 기타,화물,남,57세,경상,승용,남,40세,기타불명
2022042000100268,2022년 4월 20일 12시,수요일,제주특별자치도 제주시 아라이동,경상사고,0,0,1,0,차대차 - 기타,교차로운행방법위반,건조,맑음,교차로 - 교차로안,화물,여,50세,경상,승용,남,40세,상해없음
2022042000100339,2022년 4월 20일 14시,수요일,제주특별자치도 제주시 조천읍,중상사고,0,1,0,0,차대차 - 기타,신호위반,건조,맑음,교차로 - 교차로안,이륜,여,75세,중상,승용,여,33세,상해없음
2022042000100340,2022년 4월 20일 14시,수요일,제주특별자치도 서귀포시 서귀동,중상사고,0,1,3,0,차대차 - 기타,직진우회전진행방해,건조,맑음,교차로 - 교차로안,승용,남,84세,중상,승합,남,55세,경상
2022042000100439,2022년 4월 20일 17시,수요일,제주특별자치도 제주시 일도이동,중상사고,0,1,0,0,차대사람 - 차도통행중,안전운전불이행,기타,기타,교차로 - 교차로안,승용,여,58세,상해없음,보행자,여,10세,중상
2022042000100482,2022년 4월 20일 18시,수요일,제주특별자치도 제주시 일도이동,경상사고,0,0,1,0,차대차 - 기타,안전운전불이행,건조,맑음,교차로 - 교차로부근,승용,남,59세,상해없음,승용,여,34세,경상
2022042000100528,2022년 4월 20일 19시,수요일,제주특별자치도 서귀포시 색달동,경상사고,0,0,1,0,차대차 - 기타,안전운전불이행,건조,맑음,단일로 - 기타,승용,남,68세,상해없음,이륜,남,28세,경상
2022042000100598,2022년 4월 20일 22시,수요일,제주특별자치도 서귀포시 대정읍,중상사고,0,1,0,0,차대차 - 기타,직진우회전진행방해,건조,기타,교차로 - 교차로안,승용,남,46세,상해없음,이륜,여,31세,중상
2022042000100621,2022년 4월 20일 23시,수요일,제주특별자치도 서귀포시 서귀동,중상사고,0,1,1,0,차대차 - 기타,신호위반,건조,맑음,교차로 - 교차로안,승용,남,48세,경상,이륜,남,18세,중상
2022042000100622,2022년 4월 20일 23시,수요일,제주특별자치도 제주시 연동,중상사고,0,1,1,0,차대차 - 기타,직진우회전진행방해,건조,맑음,교차로 - 교차로안,승용,남,67세,상해없음,승용,남,52세,중상
2022042000100623,2022년 4월 20일 23시,수요일,제주특별자치도 제주시 연동,경상사고,0,0,1,0,차대사람 - 횡단중,안전운전불이행,건조,맑음,단일로 - 기타,승용,남,57세,상해없음,보행자,남,25세,경상
2022042100100159,2022년 4월 21일 10시,목요일,제주특별자치도 서귀포시 표선면,경상사고,0,0,1,0,차대차 - 기타,안전운전불이행,젖음/습기,비,단일로 - 기타,승용,남,44세,상해없음,승용,남,35세,경상
2022042100100160,2022년 4월 21일 10시,목요일,제주특별자치도 제주시 애월읍,중상사고,0,2,0,0,차대차 - 측면충돌,직진우회전진행방해,젖음/습기,비,교차로 - 교차로안,승용,여,49세,중상,화물,남,60세,상해없음
2022042100100213,2022년 4월 21일 12시,목요일,제주특별자치도 서귀포시 대정읍,경상사고,0,0,2,0,차대차 - 기타,안전거리미확보,젖음/습기,맑음,단일로 - 기타,승용,여,59세,상해없음,승용,남,26세,경상
2022042100100242,2022년 4월 21일 13시,목요일,제주특별자치도 제주시 구좌읍,중상사고,0,1,3,0,차대차 - 기타,안전운전불이행,젖음/습기,비,미분류 - 미분류,승용,남,29세,상해없음,승용,남,63세,경상
2022042100100338,2022년 4월 21일 16시,목요일,제주특별자치도 제주시 한림읍,경상사고,0,0,1,0,차대차 - 추돌,안전운전불이행,건조,맑음,단일로 - 기타,승용,남,44세,상해없음,승용,남,39세,상해없음