사고번호,사고일시,요일,시군구,사고내용,사망자수,중상자수,경상자수,부상신고자수,사고유형,법규위반,노면상태,기상상태,도로형태,가해운전자 차종,가해운전자 성별,가해운전자 연령,가해운전자 상해정도,피해운전자 차종,피해운전자 성별,피해운전자 연령,피해운전자 상해정도
2022050200100358,2022년 5월 2일 15시,월요일,제주특별자치도 제주시 구좌읍,경상사고,0,0,2,0,차대차 - 추돌,안전거리미확보,건조,맑음,교차로 - 교차로부근,승용,남,49세,상해없음,승용,여,39세,경상
2022050200100359,2022년 5월 2일 15시,월요일,제주특별자치도 제주시 노형동,부상신고사고,0,0,0,1,차대사람 - 차도통행중,보행자보호의무위반,건조,맑음,교차로 - 교차로안,화물,남,56세,상해없음,보행자,여,74세,부상신고
2022050200100398,2022년 5월 2일 16시,월요일,제주특별자치도 제주시 화북일동,경상사고,0,0,1,0,차대차 - 측면충돌,신호위반,건조,맑음,교차로 - 교차로부근,승용,남,59세,상해없음,승용,여,50세,경상
2022050200100554,2022년 5월 2일 20시,월요일,제주특별자치도 제주시 연동,경상사고,0,0,1,0,차대차 - 측면충돌,중앙선침범,건조,맑음,단일로 - 기타,승용,여,27세,상해없음,승용,여,35세,경상
2022050300100042,2022년 5월 3일 06시,화요일,제주특별자치도 제주시 삼도이동,중상사고,0,1,0,0,차대차 - 기타,신호위반,기타,기타,단일로 - 기타,승용,여,62세,상해없음,이륜,남,56세,중상
2022050300100101,2022년 5월 3일 08시,화요일,제주특별자치도 제주시 삼도일동,경상사고,0,0,1,0,차대차 - 측면충돌,직진우회전진행방해,건조,맑음,교차로 - 교차로안,승용,남,64세,상해없음,승용,남,37세,경상
2022050300100178,2022년 5월 3일 10시,화요일,제주특별자치도 제주시 해안동,경상사고,0,0,1,1,차대차 - 추돌,안전거리미확보,건조,맑음,단일로 - 기타,승용,남,54세,상해없음,승용,여,51세,부상신고
2022050300100222,2022년 5월 3일 11시,화요일,제주특별자치도 서귀포시 서귀동,경상사고,0,0,1,0,차대차 - 측면충돌,직진우회전진행방해,건조,맑음,교차로 - 교차로안,화물,남,57세,상해없음,승합,여,67세,경상
2022050300100223,2022년 5월 3일 11시,화요일,제주특별자치도 제주시 애월읍,경상사고,0,0,2,0,차대차 - 측면충돌,교차로운행방법위반,건조,맑음,교차로 - 교차로안,승용,여,38세,기타불명,승용,남,43세,경상
2022050300100251,2022년 5월 3일 12시,화요일,제주특별자치도 서귀포시 도순동,경상사고,0,0,1,0,차대차 - 기타,안전운전불이행,건조,맑음,교차로 - 교차로안,승합,기타불명,미분류,기타불명,화물,남,52세,상해없음
2022050300100278,2022년 5월 3일 13시,화요일,제주특별자치도 제주시 삼양이동,경상사고,0,0,1,0,차대차 - 기타,안전운전불이행,건조,맑음,교차로 - 교차로부근,승용,남,33세,상해없음,이륜,남,53세,경상
2022050300100315,2022년 5월 3일 14시,화요일,제주특별자치도 제주시 구좌읍,부상신고사고,0,0,0,1,차대차 - 측면충돌,안전운전불이행,건조,맑음,교차로 - 교차로부근,농기계,남,73세,부상신고,화물,남,43세,상해없음
2022050300100355,2022년 5월 3일 15시,화요일,제주특별자치도 서귀포시 중문동,경상사고,0,0,1,0,차대차 - 측면충돌,안전운전불이행,건조,맑음,교차로 - 교차로안,화물,남,57세,상해없음,화물,여,58세,경상
2022050300100356,2022년 5월 3일 15시,화요일,제주특별자치도 제주시 연동,경상사고,0,0,5,1,차대차 - 기타,안전거리미확보,건조,맑음,단일로 - 기타,승용,여,28세,경상,승합,남,57세,경상
2022050300100357,2022년 5월 3일 15시,화요일,제주특별자치도 제주시 연동,중상사고,0,1,0,0,차대차 - 기타,안전운전불이행,건조,맑음,교차로 - 교차로안,승용,남,44세,상해없음,승합,남,56세,상해없음
2022050300100500,2022년 5월 3일 18시,화요일,제주특별자치도 제주시 이도이동,중상사고,0,1,0,0,차대사람 - 횡단중,보행자보호의무위반,건조,맑음,교차로 - 교차로부근,승용,여,29세,상해없음,보행자,남,51세,중상
2022050300100501,2022년 5월 3일 18시,화요일,제주특별자치도 제주시 노형동,경상사고,0,0,1,0,차대차 - 측면충돌,안전운전불이행,건조,맑음,교차로 - 교차로부근,이륜,남,31세,상해없음,승용,남,55세,상해없음
2022050300100532,2022년 5월 3일 19시,화요일,제주특별자치도 제주시 아라이동,중상사고,0,1,0,0,차대차 - 추돌,안전운전불이행,건조,맑음,기타 - 기타,승용,여,39세,상해없음,자전거,남,12세,중상
2022050300100563,2022년 5월 3일 20시,화요일,제주특별자치도 제주시 조천읍,중상사고,0,1,0,0,차대차 - 기타,안전운전불이행,건조,맑음,단일로 - 기타,승용,남,49세,상해없음,승용,여,29세,상해없음
2022050400100192,2022년 5월 4일 09시,수요일,제주특별자치도 제주시 애월읍,경상사고,0,0,1,0,차대차 - 추돌,안전거리미확보,건조,맑음,단일로 - 기타,화물,남,55세,상해없음,승용,여,31세,경상
2022050400100265,2022년 5월 4일 11시,수요일,제주특별자치도 제주시 한림읍,경상사고,0,0,5,0,차대차 - 기타,직진우회전진행방해,건조,맑음,교차로 - 교차로안,승용,여,61세,경상,승용,남,64세,경상
2022050400100370,2022년 5월 4일 14시,수요일,제주특별자치도 서귀포시 중문동,경상사고,0,0,1,0,차대차 - 추돌,안전운전불이행,건조,맑음,기타 - 기타,승용,여,47세,상해없음,승용,남,42세,경상
2022050400100437,2022년 5월 4일 16시,수요일,제주특별자치도 제주시 노형동,경상사고,0,0,1,0,차대차 - 측면충돌,안전운전불이행,건조,맑음,단일로 - 기타,승용,여,64세,상해없음,승용,여,49세,경상
2022050400100438,2022년 5월 4일 16시,수요일,제주특별자치도 제주시 한림읍,경상사고,0,0,1,0,차대차 - 후진중충돌,안전운전불이행,건조,맑음,단일로 - 기타,화물,남,66세,상해없음,승용,여,23세,경상
2022050400100499,2022년 5월 4일 17시,수요일,제주특별자치도 서귀포시 대정읍,중상사고,0,1,2,0,차대차 - 기타,안전거리미확보,건조,맑음,단일로 - 기타,승용,남,64세,상해없음,승용,여,30세,경상
2022050400100500,2022년 5월 4일 17시,수요일,제주특별자치도 제주시 노형동,경상사고,0,0,1,0,차대차 - 측면충돌,안전거리미확보,건조,맑음,단일로 - 기타,승용,남,66세,상해없음,승용,여,39세,경상
2022050400100501,2022년 5월 4일 17시,수요일,제주특별자치도 제주시 용담이동,중상사고,0,1,0,0,차대사람 - 횡단중,보행자보호의무위반,건조,맑음,교차로 - 교차로안,승용,여,60세,상해없음,보행자,남,12세,중상
2022050400100679,2022년 5월 4일 21시,수요일,제주특별자치도 제주시 노형동,경상사고,0,0,3,0,차대차 - 기타,안전운전불이행,건조,맑음,단일로 - 기타,승용,남,21세,상해없음,승용,남,50세,경상
2022050500100012,2022년 5월 5일 00시,목요일,제주특별자치도 제주시 애월읍,경상사고,0,0,2,0,차대차 - 기타,안전운전불이행,건조,맑음,단일로 - 기타,승용,남,32세,경상,승용,남,44세,경상
2022050500100126,2022년 5월 5일 10시,목요일,제주특별자치도 제주시 회천동,경상사고,0,0,1,0,차대차 - 기타,안전거리미확보,건조,맑음,단일로 - 기타,승용,여,75세,상해없음,승용,남,63세,경상
2022050500100161,2022년 5월 5일 11시,목요일,제주특별자치도 서귀포시 중문동,경상사고,0,0,2,0,차대차 - 추돌,안전운전불이행,건조,맑음,단일로 - 기타,승용,여,41세,상해없음,승용,여,50세,경상
2022050500100162,2022년 5월 5일 11시,목요일,제주특별자치도 서귀포시 중문동,경상사고,0,0,1,0,차대차 - 측면충돌,직진우회전진행방해,건조,맑음,교차로 - 교차로안,승용,여,50세,기타불명,승용,여,37세,경상
2022050500100304,2022년 5월 5일 15시,목요일,제주특별자치도 제주시 화북이동,부상신고사고,0,0,0,1,차량단독 - 기타,안전운전불이행,건조,맑음,단일로 - 기타,자전거,남,39세,부상신고,,,,
2022050500100348,2022년 5월 5일 16시,목요일,제주특별자치도 제주시 도남동,중상사고,0,1,0,0,차대차 - 측면충돌,안전운전불이행,건조,맑음,단일로 - 기타,승용,남,60세,상해없음,이륜,남,50세,중상
2022050500100349,2022년 5월 5일 16시,목요일,제주특별자치도 서귀포시 서귀동,중상사고,0,1,0,0,차대사람 - 횡단중,안전운전불이행,건조,맑음,교차로 - 교차로안,승용,여,38세,상해없음,보행자,여,75세,중상
2022050500100350,2022년 5월 5일 16시,목요일,제주특별자치도 서귀포시 서귀동,중상사고,0,3,5,0,차대차 - 기타,안전거리미확보,건조,맑음,교차로 - 교차로부근,화물,남,80세,경상,승용,남,40세,중상
2022050500100451,2022년 5월 5일 19시,목요일,제주특별자치도 제주시 노형동,중상사고,0,1,0,0,차대차 - 측면충돌,안전운전불이행,건조,맑음,교차로 - 교차로부근,승용,여,50세,상해없음,이륜,여,29세,중상
2022050500100452,2022년 5월 5일 19시,목요일,제주특별자치도 제주시 한림읍,경상사고,0,0,1,0,차대차 - 측면충돌,안전운전불이행,건조,맑음,단일로 - 기타,이륜,여,75세,경상,승용,여,61세,기타불명
2022050500100526,2022년 5월 5일 22시,목요일,제주특별자치도 제주시 노형동,중상사고,0,1,1,0,차대차 - 기타,중앙선침범,건조,맑음,단일로 - 기타,승용,남,37세,상해없음,이륜,남,16세,중상
2022050600100062,2022년 5월 6일 07시,금요일,제주특별자치도 제주시 구좌읍,경상사고,0,0,1,0,차대차 - 정면충돌,안전운전불이행,건조,맑음,교차로 - 교차로부근,승용,남,64세,상해없음,승용,남,47세,경상
2022050600100063,2022년 5월 6일 07시,금요일,제주특별자치도 제주시 화북일동,경상사고,0,0,3,0,차대차 - 기타,안전운전불이행,건조,맑음,교차로 - 교차로안,승용,남,35세,경상,승용,여,24세,경상
2022050600100089,2022년 5월 6일 08시,금요일,제주특별자치도 제주시 조천읍,사망사고,1,0,0,0,차대차 - 정면충돌,안전운전불이행,건조,맑음,단일로 - 기타,화물,남,68세,상해없음,이륜,여,76세,사망
2022050600100124,2022년 5월 6일 09시,금요일,제주특별자치도 제주시 구좌읍,중상사고,0,1,0,0,차대차 - 추돌,안전운전불이행,건조,맑음,단일로 - 기타,자전거,남,62세,중상,화물,남,54세,상해없음
2022050600100285,2022년 5월 6일 13시,금요일,제주특별자치도 제주시 노형동,경상사고,0,0,1,0,차대차 - 측면충돌,안전운전불이행,건조,맑음,단일로 - 기타,승용,여,38세,상해없음,승용,남,61세,경상
2022050600100473,2022년 5월 6일 17시,금요일,제주특별자치도 서귀포시 안덕면,경상사고,0,0,1,0,차대차 - 측면충돌,직진우회전진행방해,건조,맑음,교차로 - 교차로안,승용,남,70세,기타불명,승용,남,33세,경상
2022050600100528,2022년 5월 6일 18시,금요일,제주특별자치도 서귀포시 법환동,부상신고사고,0,0,0,1,차대차 - 정면충돌,안전운전불이행,건조,맑음,단일로 - 기타,자전거,남,11세,부상신고,승용,여,39세,상해없음
2022050600100597,2022년 5월 6일 20시,금요일,제주특별자치도 제주시 용담이동,경상사고,0,0,1,0,차대차 - 측면충돌,안전운전불이행,건조,맑음,교차로 - 교차로안,승용,여,55세,기타불명,승용,남,63세,경상
2022050600100628,2022년 5월 6일 21시,금요일,제주특별자치도 제주시 노형동,중상사고,0,1,0,1,차대차 - 정면충돌,신호위반,건조,맑음,교차로 - 교차로안,이륜,남,28세,중상,이륜,남,53세,부상신고
2022050700100010,2022년 5월 7일 00시,토요일,제주특별자치도 제주시 오라이동,경상사고,0,0,1,0,차대차 - 기타,신호위반,건조,맑음,교차로 - 교차로안,승용,남,52세,상해없음,이륜,남,22세,경상
2022050700100092,2022년 5월 7일 09시,토요일,제주특별자치도 제주시 삼도이동,중상사고,0,1,0,0,차대차 - 기타,불법유턴,건조,맑음,단일로 - 기타,개인형이동수단(PM),여,24세,중상,화물,남,60세,상해없음
2022050700100188,2022년 5월 7일 12시,토요일,제주특별자치도 제주시 월평동,경상사고,0,0,1,0,차대차 - 측면충돌,안전운전불이행,건조,맑음,단일로 - 기타,승용,남,43세,상해없음,자전거,남,42세,경상
2022050700100189,2022년 5월 7일 12시,토요일,제주특별자치도 서귀포시 남원읍,경상사고,0,0,3,0,차대차 - 후진중충돌,안전운전불이행,건조,맑음,단일로 - 기타,승용,남,55세,상해없음,승용,남,43세,경상
2022050700100313,2022년 5월 7일 15시,토요일,제주특별자치도 서귀포시 중문동,경상사고,0,0,2,0,차대차 - 정면충돌,신호위반,건조,맑음,교차로 - 교차로안,승용,여,68세,상해없음,승용,남,67세,경상
2022050700100425,2022년 5월 7일 18시,토요일,제주특별자치도 서귀포시 안덕면,경상사고,0,0,2,0,차대차 - 정면충돌,안전운전불이행,건조,맑음,단일로 - 기타,화물,남,64세,상해없음,승용,여,41세,경상
2022050700100526,2022년 5월 7일 22시,토요일,제주특별자치도 제주시 삼도일동,경상사고,0,0,1,0,차대차 - 기타,안전거리미확보,건조,기타,기타 - 기타,원동기,남,59세,상해없음,승용,남,24세,경상
2022050800100028,2022년 5월 8일 02시,일요일,제주특별자치도 제주시 오라삼동,경상사고,0,0,3,0,차대차 - 추돌,안전운전불이행,건조,맑음,단일로 - 기타,승용,남,33세,상해없음,승용,여,28세,경상
2022050800100083,2022년 5월 8일 09시,일요일,제주특별자치도 서귀포시 대포동,경상사고,0,0,3,0,차대차 - 추돌,안전운전불이행,건조,맑음,단일로 - 기타,승합,남,59세,상해없음,승용,남,67세,경상
2022050800100084,2022년 5월 8일 09시,일요일,제주특별자치도 제주시 노형동,경상사고,0,0,1,0,차대차 - 측면충돌,신호위반,건조,맑음,교차로 - 교차로안,승용,남,23세,상해없음,승용,여,66세,경상
2022050800100160,2022년 5월 8일 12시,일요일,제주특별자치도 서귀포시 중문동,부상신고사고,0,0,0,1,차대차 - 기타,안전운전불이행,건조,맑음,단일로 - 기타,승용,여,38세,상해없음,승용,남,36세,기타불명
2022050800100357,2022년 5월 8일 18시,일요일,제주특별자치도 제주시 한경면,경상사고,0,0,1,0,차량단독 - 공작물충돌,안전운전불이행,건조,맑음,단일로 - 기타,이륜,남,18세,경상,,,,
2022050800100385,2022년 5월 8일 19시,일요일,제주특별자치도 제주시 삼도일동,경상사고,0,0,1,0,차대차 - 측면충돌,안전거리미확보,건조,맑음,단일로 - 기타,승용,남,58세,기타불명,승합,남,60세,경상
2022050800100386,2022년 5월 8일 19시,일요일,제주특별자치도 제주시 조천읍,경상사고,0,0,2,0,차대차 - 측면충돌,신호위반,건조,맑음,교차로 - 교차로안,승용,여,67세,경상,승용,남,31세,경상
2022050800100387,2022년 5월 8일 19시,일요일,제주특별자치도 서귀포시 동홍동,중상사고,0,1,0,0,차대사람 - 기타,안전운전불이행,건조,기타,교차로 - 교차로안,승용,여,73세,상해없음,보행자,남,81세,중상
2022050800100414,2022년 5월 8일 20시,일요일,제주특별자치도 제주시 봉개동,경상사고,0,0,1,0,차대차 - 기타,안전거리미확보,건조,맑음,단일로 - 기타,승용,남,46세,기타불명,승용,여,18세,경상
2022050900100034,2022년 5월 9일 05시,월요일,제주특별자치도 제주시 영평동,경상사고,0,0,1,0,차대차 - 측면충돌,신호위반,건조,흐림,교차로 - 교차로안,승용,남,53세,상해없음,승용,여,53세,경상
2022050900100109,2022년 5월 9일 08시,월요일,제주특별자치도 제주시 영평동,중상사고,0,1,1,0,차대차 - 기타,안전거리미확보,건조,맑음,단일로 - 기타,승용,여,25세,상해없음,승용,여,49세,중상
2022050900100111,2022년 5월 9일 08시,월요일,제주특별자치도 서귀포시 서홍동,사망사고,1,0,0,0,차대사람 - 기타,안전운전불이행,건조,흐림,단일로 - 기타,화물,여,72세,상해없음,보행자,여,73세,사망
2022050900100219,2022년 5월 9일 11시,월요일,제주특별자치도 제주시 이도이동,경상사고,0,0,1,0,차대차 - 측면충돌,안전운전불이행,건조,맑음,교차로 - 교차로부근,승용,여,39세,상해없음,승용,남,40세,경상
2022050900100220,2022년 5월 9일 11시,월요일,제주특별자치도 제주시 연동,경상사고,0,0,1,0,차대사람 - 기타,안전운전불이행,건조,맑음,단일로 - 기타,승용,남,72세,상해없음,보행자,여,28세,경상
2022050900100248,2022년 5월 9일 12시,월요일,제주특별자치도 서귀포시 안덕면,경상사고,0,0,1,0,차대차 - 기타,직진우회전진행방해,건조,맑음,교차로 - 교차로안,화물,남,66세,상해없음,이륜,남,65세,경상
2022050900100286,2022년 5월 9일 13시,월요일,제주특별자치도 제주시 이호일동,경상사고,0,0,1,0,차대사람 - 차도통행중,보행자보호의무위반,건조,맑음,단일로 - 기타,승용,여,54세,상해없음,보행자,남,7세,경상
2022050900100367,2022년 5월 9일 15시,월요일,제주특별자치도 제주시 이도이동,경상사고,0,0,1,0,차대차 - 기타,안전운전불이행,건조,맑음,교차로 - 교차로부근,승용,여,48세,상해없음,이륜,남,46세,경상
2022050900100459,2022년 5월 9일 17시,월요일,제주특별자치도 제주시 구좌읍,경상사고,0,0,1,0,차대차 - 기타,교차로운행방법위반,건조,맑음,교차로 - 교차로안,화물,남,65세,상해없음,이륜,여,74세,경상
2022050900100537,2022년 5월 9일 19시,월요일,제주특별자치도 제주시 노형동,경상사고,0,0,1,0,차대차 - 기타,안전운전불이행,건조,맑음,교차로 - 교차로부근,승용,남,38세,기타불명,이륜,남,42세,경상
2022050900100564,2022년 5월 9일 20시,월요일,제주특별자치도 제주시 삼도이동,경상사고,0,0,1,0,차대사람 - 횡단중,보행자보호의무위반,건조,맑음,교차로 - 교차로횡단보도내,승용,여,56세,상해없음,보행자,남,30세,경상
2022050900100565,2022년 5월 9일 20시,월요일,제주특별자치도 제주시 영평동,경상사고,0,0,2,0,차대차 - 기타,안전운전불이행,건조,맑음,교차로 - 교차로부근,승용,여,29세,상해없음,승용,여,44세,경상
2022050900100598,2022년 5월 9일 22시,월요일,제주특별자치도 서귀포시 성산읍,경상사고,0,0,1,0,차량단독 - 기타,안전운전불이행,건조,맑음,단일로 - 기타,개인형이동수단(PM),남,27세,경상,,,,
2022050900100618,2022년 5월 9일 23시,월요일,제주특별자치도 제주시 연동,중상사고,0,1,0,0,차대차 - 측면충돌,직진우회전진행방해,건조,맑음,교차로 - 교차로안,승용,남,34세,상해없음,이륜,남,52세,중상
2022051000100048,2022년 5월 10일 06시,화요일,제주특별자치도 제주시 오라이동,경상사고,0,0,1,0,차대차 - 추돌,안전운전불이행,건조,맑음,교차로 - 교차로부근,화물,남,75세,상해없음,승용,남,31세,경상
2022051000100068,2022년 5월 10일 07시,화요일,제주특별자치도 제주시 조천읍,경상사고,0,0,1,0,차량단독 - 공작물충돌,안전운전불이행,건조,맑음,기타 - 기타,화물,남,43세,경상,,,,
2022051000100196,2022년 5월 10일 10시,화요일,제주특별자치도 제주시 일도이동,중상사고,0,1,0,0,차대사람 - 횡단중,안전운전불이행,건조,맑음,교차로 - 교차로부근,승용,남,72세,상해없음,보행자,남,50세,중상
2022051000100231,2022년 5월 10일 11시,화요일,제주특별자치도 제주시 이도이동,경상사고,0,0,1,0,차대차 - 추돌,안전운전불이행,건조,맑음,단일로 - 기타,승용,남,31세,상해없음,자전거,여,64세,경상
2022051000100306,2022년 5월 10일 13시,화요일,제주특별자치도 서귀포시 안덕면,경상사고,0,0,1,0,차대차 - 기타,안전운전불이행,건조,맑음,기타 - 기타,승용,여,44세,기타불명,승용,여,43세,경상
2022051000100307,2022년 5월 10일 13시,화요일,제주특별자치도 제주시 용담이동,경상사고,0,0,2,0,차대차 - 측면충돌,안전거리미확보,건조,맑음,단일로 - 기타,승용,남,67세,상해없음,승용,남,59세,상해없음
2022051000100373,2022년 5월 10일 15시,화요일,제주특별자치도 제주시 노형동,경상사고,0,0,2,0,차대차 - 추돌,안전거리미확보,건조,맑음,교차로 - 교차로부근,승용,남,29세,상해없음,승용,여,27세,경상
2022051000100421,2022년 5월 10일 16시,화요일,제주특별자치도 서귀포시 강정동,경상사고,0,0,1,0,차대차 - 기타,안전운전불이행,건조,맑음,단일로 - 기타,승용,여,75세,상해없음,승용,남,27세,경상
2022051000100534,2022년 5월 10일 19시,화요일,제주특별자치도 제주시 삼양이동,경상사고,0,0,2,0,차대사람 - 횡단중,안전운전불이행,건조,기타,교차로 - 교차로횡단보도내,이륜,남,40세,경상,보행자,여,10세,경상
2022051000100585,2022년 5월 10일 21시,화요일,제주특별자치도 제주시 용담일동,경상사고,0,0,4,0,차대차 - 추돌,안전운전불이행,건조,맑음,단일로 - 기타,승용,남,49세,상해없음,승용,남,25세,경상
2022051000100601,2022년 5월 10일 22시,화요일,제주특별자치도 제주시 이도일동,경상사고,0,0,1,0,차대사람 - 횡단중,안전운전불이행,기타,기타,교차로 - 교차로안,이륜,남,20세,상해없음,보행자,남,43세,경상
2022051000100602,2022년 5월 10일 22시,화요일,제주특별자치도 서귀포시 중문동,경상사고,0,0,1,0,차대차 - 기타,직진우회전진행방해,젖음/습기,흐림,교차로 - 교차로안,승용,남,29세,상해없음,승용,남,34세,경상
2022051100100007,2022년 5월 11일 00시,수요일,제주특별자치도 서귀포시 중문동,경상사고,0,0,1,0,차대사람 - 보도통행중,보행자보호의무위반,건조,맑음,교차로 - 교차로횡단보도내,승용,남,27세,상해없음,보행자,남,42세,경상
2022051100100020,2022년 5월 11일 02시,수요일,제주특별자치도 제주시 한림읍,사망사고,1,0,0,0,차량단독 - 공작물충돌,안전운전불이행,건조,맑음,단일로 - 기타,화물,남,27세,사망,,,,
2022051100100107,2022년 5월 11일 08시,수요일,제주특별자치도 제주시 아라일동,중상사고,0,1,0,0,차대사람 - 횡단중,중앙선침범,건조,맑음,교차로 - 교차로횡단보도내,승용,여,68세,상해없음,보행자,남,76세,중상
2022051100100189,2022년 5월 11일 11시,수요일,제주특별자치도 제주시 조천읍,중상사고,0,2,0,0,차량단독 - 기타,안전운전불이행,건조,맑음,단일로 - 기타,승합,남,62세,상해없음,,,,
2022051100100190,2022년 5월 11일 11시,수요일,제주특별자치도 제주시 노형동,경상사고,0,0,1,0,차대차 - 추돌,안전운전불이행,건조,맑음,단일로 - 기타,승용,남,21세,상해없음,화물,남,42세,경상
2022051100100191,2022년 5월 11일 11시,수요일,제주특별자치도 제주시 한림읍,부상신고사고,0,0,0,1,차대차 - 측면충돌,교차로운행방법위반,건조,맑음,교차로 - 교차로안,승용,남,67세,상해없음,화물,남,53세,상해없음
2022051100100252,2022년 5월 11일 13시,수요일,제주특별자치도 서귀포시 서홍동,중상사고,0,1,0,0,차대사람 - 횡단중,안전운전불이행,건조,맑음,교차로 - 교차로안,승용,여,31세,상해없음,보행자,남,64세,중상
2022051100100280,2022년 5월 11일 14시,수요일,제주특별자치도 제주시 이도이동,경상사고,0,0,2,0,차대차 - 기타,안전운전불이행,건조,맑음,교차로 - 교차로안,승용,남,82세,상해없음,승용,남,66세,경상
2022051100100281,2022년 5월 11일 14시,수요일,제주특별자치도 제주시 노형동,경상사고,0,0,1,0,차대차 - 기타,직진우회전진행방해,건조,맑음,교차로 - 교차로안,승용,여,45세,상해없음,승용,남,27세,경상
2022051100100354,2022년 5월 11일 16시,수요일,제주특별자치도 제주시 이도이동,경상사고,0,0,1,0,차대사람 - 보도통행중,보행자보호의무위반,건조,맑음,교차로 - 교차로횡단보도내,승용,남,21세,상해없음,보행자,남,43세,경상
2022051100100355,2022년 5월 11일 16시,수요일,제주특별자치도 제주시 연동,경상사고,0,0,2,0,차대차 - 추돌,직진우회전진행방해,건조,맑음,교차로 - 교차로안,승용,남,53세,상해없음,승용,남,33세,경상
2022051100100409,2022년 5월 11일 17시,수요일,제주특별자치도 서귀포시 서귀동,부상신고사고,0,0,0,1,차대사람 - 길가장자리구역통행중,안전운전불이행,젖음/습기,흐림,기타 - 기타,승용,여,68세,기타불명,보행자,남,72세,부상신고
2022051100100450,2022년 5월 11일 18시,수요일,제주특별자치도 서귀포시 대정읍,경상사고,0,0,1,0,차대차 - 기타,안전거리미확보,건조,맑음,단일로 - 기타,화물,여,62세,상해없음,승용,여,30세,경상
2022051100100451,2022년 5월 11일 18시,수요일,제주특별자치도 제주시 연동,경상사고,0,0,1,0,차대사람 - 차도통행중,안전운전불이행,건조,맑음,단일로 - 기타,승용,남,74세,상해없음,보행자,여,70세,경상
2022051100100490,2022년 5월 11일 19시,수요일,제주특별자치도 서귀포시 서홍동,경상사고,0,0,2,0,차대차 - 기타,신호위반,건조,맑음,단일로 - 기타,승용,남,26세,상해없음,승용,남,45세,경상
2022051200100014,2022년 5월 12일 00시,목요일,제주특별자치도 제주시 삼도일동,중상사고,0,1,0,0,차대차 - 추돌,안전운전불이행,건조,맑음,교차로 - 교차로안,승용,남,60세,상해없음,이륜,남,25세,중상
2022051200100118,2022년 5월 12일 08시,목요일,제주특별자치도 제주시 오라이동,중상사고,0,1,0,0,차대사람 - 횡단중,보행자보호의무위반,건조,맑음,교차로 - 교차로횡단보도내,승용,남,37세,상해없음,보행자,남,11세,중상
2022051200100207,2022년 5월 12일 11시,목요일,제주특별자치도 제주시 연동,중상사고,0,1,0,0,차대사람 - 보도통행중,보행자보호의무위반,건조,맑음,교차로 - 교차로부근,승용,여,63세,상해없음,보행자,남,57세,중상
2022051200100238,2022년 5월 12일 12시,목요일,제주특별자치도 제주시 용담이동,경상사고,0,0,2,0,차대차 - 기타,안전거리미확보,건조,맑음,교차로 - 교차로부근,화물,남,56세,상해없음,승용,남,61세,경상
2022051200100272,2022년 5월 12일 13시,목요일,제주특별자치도 제주시 오라일동,경상사고,0,0,2,0,차대차 - 추돌,안전운전불이행,건조,맑음,단일로 - 기타,승용,남,27세,상해없음,승용,여,42세,경상
2022051200100468,2022년 5월 12일 18시,목요일,제주특별자치도 제주시 이도이동,경상사고,0,0,1,0,차대차 - 측면충돌,안전운전불이행,기타,기타,교차로 - 교차로안,승용,남,63세,상해없음,승용,남,34세,경상
2022051200100469,2022년 5월 12일 18시,목요일,제주특별자치도 제주시 일도이동,경상사고,0,0,1,0,차대차 - 측면충돌,안전거리미확보,건조,맑음,단일로 - 기타,승용,남,30세,상해없음,이륜,남,53세,경상
2022051200100470,2022년 5월 12일 18시,목요일,제주특별자치도 제주시 연동,경상사고,0,0,1,0,차대사람 - 기타,보행자보호의무위반,건조,흐림,교차로 - 교차로횡단보도내,승용,여,28세,상해없음,보행자,남,8세,경상
2022051200100547,2022년 5월 12일 20시,목요일,제주특별자치도 제주시 노형동,부상신고사고,0,0,0,1,차대차 - 정면충돌,직진우회전진행방해,건조,맑음,교차로 - 교차로안,승용,남,34세,상해없음,승용,남,27세,부상신고
2022051200100589,2022년 5월 12일 22시,목요일,제주특별자치도 제주시 일도이동,중상사고,0,1,1,0,차대차 - 측면충돌,안전운전불이행,건조,맑음,교차로 - 교차로부근,승용,여,51세,경상,승용,남,32세,중상
2022051200100590,2022년 5월 12일 22시,목요일,제주특별자치도 서귀포시 서귀동,경상사고,0,0,1,0,차대사람 - 보도통행중,안전운전불이행,건조,맑음,단일로 - 기타,화물,남,38세,상해없음,보행자,남,48세,경상
2022051300100116,2022년 5월 13일 08시,금요일,제주특별자치도 제주시 화북이동,경상사고,0,0,1,0,차대차 - 추돌,안전운전불이행,젖음/습기,비,교차로 - 교차로부근,승용,여,56세,상해없음,승용,남,26세,경상
2022051300100151,2022년 5월 13일 09시,금요일,제주특별자치도 제주시 이도일동,중상사고,0,1,0,0,차대사람 - 횡단중,보행자보호의무위반,젖음/습기,비,단일로 - 기타,승용,여,41세,상해없음,보행자,여,72세,중상
2022051300100224,2022년 5월 13일 11시,금요일,제주특별자치도 제주시 용담일동,중상사고,0,1,0,0,차대사람 - 차도통행중,안전운전불이행,건조,맑음,단일로 - 기타,승용,남,75세,상해없음,보행자,여,70세,중상