사고번호,사고일시,요일,시군구,사고내용,사망자수,중상자수,경상자수,부상신고자수,사고유형,법규위반,노면상태,기상상태,도로형태,가해운전자 차종,가해운전자 성별,가해운전자 연령,가해운전자 상해정도,피해운전자 차종,피해운전자 성별,피해운전자 연령,피해운전자 상해정도
2022060200100561,2022년 6월 2일 21시,목요일,제주특별자치도 서귀포시 동홍동,중상사고,0,1,0,0,차대사람 - 횡단중,안전운전불이행,건조,맑음,교차로 - 교차로부근,승용,여,53세,상해없음,보행자,남,44세,중상
2022060300100069,2022년 6월 3일 07시,금요일,제주특별자치도 제주시 화북이동,경상사고,0,0,3,0,차대차 - 측면충돌,직진우회전진행방해,건조,맑음,교차로 - 교차로안,농기계,남,82세,경상,승용,남,39세,경상
2022060300100070,2022년 6월 3일 07시,금요일,제주특별자치도 제주시 노형동,중상사고,0,1,4,0,차대차 - 기타,중앙선침범,건조,맑음,교차로 - 교차로부근,승용,남,44세,중상,승용,남,66세,경상
2022060300100102,2022년 6월 3일 08시,금요일,제주특별자치도 제주시 삼도이동,경상사고,0,0,1,1,차대차 - 기타,직진우회전진행방해,건조,맑음,기타 - 기타,승용,여,63세,부상신고,승용,남,26세,경상
2022060300100139,2022년 6월 3일 09시,금요일,제주특별자치도 서귀포시 서귀동,중상사고,0,1,3,0,차대차 - 측면충돌,기타,건조,맑음,교차로 - 교차로안,승용,남,31세,상해없음,승용,남,39세,경상
2022060300100190,2022년 6월 3일 10시,금요일,제주특별자치도 제주시 봉개동,경상사고,0,0,1,0,차대차 - 측면충돌,안전운전불이행,건조,맑음,단일로 - 기타,화물,남,57세,상해없음,승용,여,57세,경상
2022060300100191,2022년 6월 3일 10시,금요일,제주특별자치도 제주시 용담삼동,경상사고,0,0,4,2,차대차 - 측면충돌,안전운전불이행,건조,맑음,단일로 - 기타,승용,여,50세,상해없음,승용,남,30세,경상
2022060300100263,2022년 6월 3일 12시,금요일,제주특별자치도 제주시 화북일동,경상사고,0,0,3,0,차대차 - 측면충돌,신호위반,기타,기타,교차로 - 교차로안,승합,남,40세,상해없음,승용,여,56세,경상
2022060300100288,2022년 6월 3일 13시,금요일,제주특별자치도 제주시 아라일동,경상사고,0,0,1,0,차대차 - 정면충돌,안전운전불이행,건조,맑음,단일로 - 기타,이륜,남,38세,경상,승용,여,44세,상해없음
2022060300100289,2022년 6월 3일 13시,금요일,제주특별자치도 서귀포시 중문동,경상사고,0,0,1,3,차대차 - 기타,안전운전불이행,건조,맑음,교차로 - 교차로부근,승용,남,26세,부상신고,승용,남,40세,경상
2022060300100323,2022년 6월 3일 14시,금요일,제주특별자치도 제주시 노형동,경상사고,0,0,1,0,차대사람 - 차도통행중,기타,건조,맑음,단일로 - 기타,개인형이동수단(PM),남,15세,상해없음,보행자,여,52세,경상
2022060300100359,2022년 6월 3일 15시,금요일,제주특별자치도 제주시 노형동,경상사고,0,0,1,0,차대차 - 기타,안전거리미확보,건조,맑음,교차로 - 교차로부근,화물,여,58세,상해없음,승용,여,55세,경상
2022060300100401,2022년 6월 3일 16시,금요일,제주특별자치도 서귀포시 중문동,경상사고,0,0,2,0,차대차 - 측면충돌,안전운전불이행,건조,맑음,교차로 - 교차로안,화물,남,48세,상해없음,승용,여,28세,경상
2022060300100448,2022년 6월 3일 17시,금요일,제주특별자치도 제주시 삼양이동,경상사고,0,0,1,0,차대사람 - 기타,안전운전불이행,건조,맑음,단일로 - 기타,화물,남,32세,상해없음,보행자,여,98세 이상,경상
2022060300100494,2022년 6월 3일 18시,금요일,제주특별자치도 서귀포시 상예동,사망사고,1,0,0,0,차대사람 - 기타,안전운전불이행,건조,맑음,단일로 - 기타,특수,남,39세,상해없음,보행자,여,73세,사망
2022060300100495,2022년 6월 3일 18시,금요일,제주특별자치도 제주시 애월읍,경상사고,0,0,1,0,차대차 - 기타,안전운전불이행,건조,맑음,교차로 - 교차로안,승용,남,31세,상해없음,승용,남,59세,경상
2022060300100565,2022년 6월 3일 20시,금요일,제주특별자치도 제주시 조천읍,경상사고,0,0,1,0,차대차 - 기타,신호위반,건조,맑음,교차로 - 교차로안,승용,남,45세,상해없음,승용,남,37세,경상
2022060300100566,2022년 6월 3일 20시,금요일,제주특별자치도 서귀포시 안덕면,경상사고,0,0,1,0,차대차 - 기타,안전거리미확보,건조,맑음,교차로 - 교차로부근,승용,남,37세,상해없음,승용,여,36세,경상
2022060300100590,2022년 6월 3일 21시,금요일,제주특별자치도 제주시 오등동,경상사고,0,0,1,1,차대차 - 기타,교차로운행방법위반,건조,맑음,교차로 - 교차로부근,이륜,남,24세,부상신고,승용,남,34세,경상
2022060300100623,2022년 6월 3일 22시,금요일,제주특별자치도 제주시 일도이동,경상사고,0,0,1,0,차대차 - 추돌,안전운전불이행,건조,맑음,교차로 - 교차로부근,승용,남,23세,상해없음,승용,여,45세,경상
2022060300100624,2022년 6월 3일 22시,금요일,제주특별자치도 서귀포시 서귀동,부상신고사고,0,0,0,1,차대차 - 기타,안전운전불이행,건조,맑음,단일로 - 기타,개인형이동수단(PM),남,44세,부상신고,승용,남,54세,기타불명
2022060300100643,2022년 6월 3일 23시,금요일,제주특별자치도 서귀포시 동홍동,경상사고,0,0,1,0,차대차 - 추돌,안전운전불이행,건조,맑음,교차로 - 교차로부근,승용,여,55세,상해없음,승용,남,51세,경상
2022060400100010,2022년 6월 4일 00시,토요일,제주특별자치도 제주시 조천읍,경상사고,0,0,1,0,차량단독 - 도로외이탈 - 기타,안전운전불이행,건조,맑음,단일로 - 기타,승용,남,29세,경상,,,,
2022060400100116,2022년 6월 4일 08시,토요일,제주특별자치도 서귀포시 서귀동,경상사고,0,0,1,0,차대차 - 기타,불법유턴,건조,맑음,단일로 - 기타,승용,남,42세,상해없음,승용,남,70세,경상
2022060400100134,2022년 6월 4일 09시,토요일,제주특별자치도 제주시 이도이동,경상사고,0,0,1,0,차대차 - 추돌,안전운전불이행,건조,맑음,단일로 - 기타,승용,남,48세,상해없음,승용,여,48세,경상
2022060400100261,2022년 6월 4일 12시,토요일,제주특별자치도 제주시 외도일동,경상사고,0,0,1,0,차대차 - 측면충돌,안전운전불이행,건조,맑음,주차장 - 주차장,승용,여,34세,상해없음,화물,남,39세,경상
2022060400100300,2022년 6월 4일 13시,토요일,제주특별자치도 제주시 삼도이동,중상사고,0,1,0,0,차대차 - 기타,기타,건조,맑음,기타 - 기타,승용,남,55세,상해없음,이륜,남,35세,중상
2022060400100301,2022년 6월 4일 13시,토요일,제주특별자치도 제주시 연동,경상사고,0,0,1,1,차대차 - 추돌,안전거리미확보,건조,맑음,단일로 - 기타,승용,남,35세,상해없음,승용,남,54세,경상
2022060400100434,2022년 6월 4일 17시,토요일,제주특별자치도 서귀포시 동홍동,경상사고,0,0,2,0,차대차 - 추돌,안전운전불이행,건조,맑음,단일로 - 기타,승용,남,77세,기타불명,승용,여,51세,경상
2022060400100464,2022년 6월 4일 18시,토요일,제주특별자치도 제주시 한림읍,경상사고,0,0,1,0,차대사람 - 기타,안전운전불이행,건조,맑음,교차로 - 교차로부근,승용,남,70세,상해없음,보행자,남,44세,경상
2022060400100485,2022년 6월 4일 19시,토요일,제주특별자치도 제주시 화북이동,경상사고,0,0,1,0,차대차 - 기타,중앙선침범,건조,맑음,교차로 - 교차로횡단보도내,개인형이동수단(PM),남,47세,상해없음,승용,여,48세,경상
2022060400100511,2022년 6월 4일 20시,토요일,제주특별자치도 제주시 이도이동,중상사고,0,1,0,0,차대사람 - 횡단중,안전운전불이행,건조,맑음,단일로 - 기타,승용,남,67세,상해없음,보행자,남,59세,중상
2022060400100512,2022년 6월 4일 20시,토요일,제주특별자치도 서귀포시 안덕면,사망사고,1,0,0,0,차량단독 - 기타,안전운전불이행,건조,맑음,단일로 - 교량,자전거,남,69세,사망,,,,
2022060400100545,2022년 6월 4일 21시,토요일,제주특별자치도 제주시 화북일동,경상사고,0,0,1,0,차대차 - 측면충돌,직진우회전진행방해,건조,맑음,교차로 - 교차로안,원동기,남,23세,경상,승용,남,63세,상해없음
2022060400100571,2022년 6월 4일 22시,토요일,제주특별자치도 제주시 용담이동,중상사고,0,1,0,0,차대사람 - 횡단중,보행자보호의무위반,건조,맑음,교차로 - 교차로횡단보도내,승용,남,67세,상해없음,보행자,남,60세,중상
2022060500100106,2022년 6월 5일 10시,일요일,제주특별자치도 제주시 연동,경상사고,0,0,2,0,차대차 - 추돌,안전거리미확보,건조,맑음,교차로 - 교차로안,승용,남,46세,상해없음,승용,남,32세,경상
2022060500100158,2022년 6월 5일 12시,일요일,제주특별자치도 제주시 이도이동,경상사고,0,0,1,0,차대차 - 측면충돌,안전운전불이행,젖음/습기,비,교차로 - 교차로안,이륜,남,38세,경상,승용,남,39세,상해없음
2022060500100159,2022년 6월 5일 12시,일요일,제주특별자치도 제주시 노형동,중상사고,0,1,0,1,차대사람 - 차도통행중,안전운전불이행,젖음/습기,비,단일로 - 기타,이륜,남,27세,부상신고,보행자,여,16세,중상
2022060500100187,2022년 6월 5일 13시,일요일,제주특별자치도 제주시 용담이동,중상사고,0,1,0,0,차대차 - 기타,안전운전불이행,건조,맑음,단일로 - 기타,승용,남,64세,상해없음,승합,남,61세,상해없음
2022060500100216,2022년 6월 5일 14시,일요일,제주특별자치도 서귀포시 남원읍,중상사고,0,1,0,0,차량단독 - 공작물충돌,안전운전불이행,건조,흐림,단일로 - 기타,승용,여,64세,상해없음,,,,
2022060500100261,2022년 6월 5일 16시,일요일,제주특별자치도 서귀포시 성산읍,경상사고,0,0,1,0,차대차 - 기타,안전운전불이행,건조,맑음,주차장 - 주차장,승용,남,65세,상해없음,승용,남,44세,경상
2022060500100262,2022년 6월 5일 16시,일요일,제주특별자치도 제주시 애월읍,경상사고,0,0,1,0,차대차 - 추돌,안전운전불이행,젖음/습기,비,교차로 - 교차로부근,승용,남,48세,상해없음,화물,남,49세,경상
2022060500100291,2022년 6월 5일 17시,일요일,제주특별자치도 서귀포시 안덕면,경상사고,0,0,1,0,차대차 - 기타,안전운전불이행,젖음/습기,비,단일로 - 기타,승용,남,19세,상해없음,승용,여,38세,경상
2022060500100348,2022년 6월 5일 19시,일요일,제주특별자치도 제주시 오라삼동,경상사고,0,0,1,0,차대차 - 기타,안전운전불이행,젖음/습기,비,단일로 - 기타,승용,남,47세,상해없음,승용,남,35세,상해없음
2022060500100349,2022년 6월 5일 19시,일요일,제주특별자치도 제주시 도두일동,경상사고,0,0,1,0,차대차 - 측면충돌,기타,젖음/습기,비,교차로 - 교차로안,승용,남,25세,상해없음,승용,남,56세,경상
2022060500100374,2022년 6월 5일 20시,일요일,제주특별자치도 서귀포시 성산읍,중상사고,0,1,0,0,차대차 - 기타,직진우회전진행방해,건조,맑음,교차로 - 교차로안,승용,남,64세,상해없음,승용,여,65세,중상
2022060500100396,2022년 6월 5일 21시,일요일,제주특별자치도 제주시 도련일동,경상사고,0,0,2,0,차대차 - 정면충돌,안전운전불이행,젖음/습기,비,교차로 - 교차로부근,승용,남,38세,상해없음,승용,여,48세,경상
2022060600100010,2022년 6월 6일 00시,월요일,제주특별자치도 제주시 노형동,중상사고,0,1,0,1,차대사람 - 횡단중,신호위반,건조,맑음,교차로 - 교차로횡단보도내,이륜,남,52세,부상신고,보행자,남,33세,중상
2022060600100035,2022년 6월 6일 02시,월요일,제주특별자치도 서귀포시 상예동,경상사고,0,0,1,0,차대차 - 추돌,안전운전불이행,건조,맑음,교차로 - 교차로부근,기타불명,기타불명,미분류,기타불명,승용,여,50세,경상
2022060600100087,2022년 6월 6일 08시,월요일,제주특별자치도 서귀포시 대포동,중상사고,0,1,0,0,차량단독 - 공작물충돌,안전운전불이행,건조,맑음,단일로 - 기타,승용,여,21세,상해없음,,,,
2022060600100140,2022년 6월 6일 11시,월요일,제주특별자치도 제주시 일도이동,경상사고,0,0,1,0,차대차 - 기타,안전운전불이행,건조,맑음,교차로 - 교차로안,화물,남,51세,상해없음,승용,남,63세,경상
2022060600100141,2022년 6월 6일 11시,월요일,제주특별자치도 제주시 노형동,경상사고,0,0,2,0,차대차 - 측면충돌,교차로운행방법위반,건조,맑음,교차로 - 교차로안,승합,남,61세,상해없음,승용,남,26세,경상
2022060600100193,2022년 6월 6일 13시,월요일,제주특별자치도 서귀포시 표선면,중상사고,0,1,0,0,차대사람 - 횡단중,안전운전불이행,건조,맑음,단일로 - 기타,승용,남,40세,상해없음,보행자,남,40세,중상
2022060600100267,2022년 6월 6일 15시,월요일,제주특별자치도 제주시 구좌읍,경상사고,0,0,2,0,차대차 - 정면충돌,중앙선침범,건조,맑음,단일로 - 기타,승용,남,68세,상해없음,화물,남,53세,경상
2022060600100268,2022년 6월 6일 15시,월요일,제주특별자치도 서귀포시 안덕면,경상사고,0,0,2,0,차대차 - 정면충돌,안전운전불이행,건조,맑음,기타 - 기타,승용,여,49세,상해없음,승용,여,27세,경상
2022060600100389,2022년 6월 6일 19시,월요일,제주특별자치도 제주시 삼도이동,경상사고,0,0,1,0,차대차 - 기타,교차로운행방법위반,건조,맑음,교차로 - 교차로안,승용,남,60세,상해없음,승용,남,23세,경상
2022060600100390,2022년 6월 6일 19시,월요일,제주특별자치도 제주시 구좌읍,경상사고,0,0,1,0,차대차 - 측면충돌,교차로운행방법위반,기타,기타,교차로 - 교차로안,승용,남,28세,상해없음,이륜,남,29세,경상
2022060600100391,2022년 6월 6일 19시,월요일,제주특별자치도 제주시 용담삼동,중상사고,0,1,0,0,차대사람 - 기타,안전운전불이행,건조,맑음,기타 - 기타,승용,여,44세,상해없음,보행자,여,26세,중상
2022060700100259,2022년 6월 7일 13시,화요일,제주특별자치도 서귀포시 표선면,경상사고,0,0,1,0,차대차 - 기타,안전거리미확보,건조,맑음,단일로 - 기타,승용,여,29세,상해없음,화물,남,48세,경상
2022060700100260,2022년 6월 7일 13시,화요일,제주특별자치도 제주시 연동,경상사고,0,0,1,0,차대사람 - 횡단중,보행자보호의무위반,건조,맑음,단일로 - 기타,승용,남,73세,상해없음,보행자,남,8세,경상
2022060700100290,2022년 6월 7일 14시,화요일,제주특별자치도 서귀포시 동홍동,경상사고,0,0,1,0,차대차 - 기타,안전운전불이행,건조,맑음,단일로 - 기타,승용,여,74세,상해없음,승용,여,24세,경상
2022060700100322,2022년 6월 7일 15시,화요일,제주특별자치도 서귀포시 색달동,경상사고,0,0,1,2,차대차 - 기타,기타,건조,맑음,교차로 - 교차로안,화물,남,23세,경상,승용,여,55세,부상신고
2022060700100323,2022년 6월 7일 15시,화요일,제주특별자치도 서귀포시 서호동,중상사고,0,1,4,0,차대차 - 기타,기타,건조,맑음,단일로 - 기타,승용,남,53세,중상,승용,남,36세,경상
2022060700100324,2022년 6월 7일 15시,화요일,제주특별자치도 제주시 연동,경상사고,0,0,1,0,차대차 - 측면충돌,안전거리미확보,건조,맑음,단일로 - 기타,건설기계,남,52세,상해없음,승용,남,63세,경상
2022060700100502,2022년 6월 7일 20시,화요일,제주특별자치도 서귀포시 서귀동,부상신고사고,0,0,0,1,차대사람 - 기타,안전운전불이행,건조,맑음,단일로 - 기타,승합,남,54세,상해없음,보행자,남,49세,부상신고
2022060700100503,2022년 6월 7일 20시,화요일,제주특별자치도 제주시 노형동,경상사고,0,0,1,0,차대사람 - 길가장자리구역통행중,안전운전불이행,젖음/습기,비,단일로 - 기타,승용,남,55세,기타불명,보행자,남,46세,경상
2022060700100536,2022년 6월 7일 21시,화요일,제주특별자치도 제주시 해안동,경상사고,0,0,1,0,차대차 - 추돌,안전운전불이행,건조,맑음,교차로 - 교차로안,화물,남,60세,상해없음,승합,남,39세,경상
2022060800100012,2022년 6월 8일 00시,수요일,제주특별자치도 제주시 연동,경상사고,0,0,1,0,차대차 - 추돌,안전거리미확보,건조,기타,단일로 - 기타,승용,남,71세,상해없음,승용,여,61세,경상
2022060800100037,2022년 6월 8일 04시,수요일,제주특별자치도 서귀포시 남원읍,경상사고,0,0,1,0,차량단독 - 공작물충돌,안전운전불이행,건조,맑음,단일로 - 기타,승용,남,28세,경상,,,,
2022060800100174,2022년 6월 8일 10시,수요일,제주특별자치도 서귀포시 안덕면,경상사고,0,0,1,0,차대차 - 측면충돌,신호위반,건조,맑음,교차로 - 교차로안,승용,여,51세,상해없음,승용,여,27세,경상
2022060800100205,2022년 6월 8일 11시,수요일,제주특별자치도 제주시 이도일동,중상사고,0,1,0,0,차대사람 - 기타,안전운전불이행,건조,맑음,단일로 - 기타,승용,남,66세,상해없음,보행자,여,81세,중상
2022060800100285,2022년 6월 8일 14시,수요일,제주특별자치도 제주시 노형동,경상사고,0,0,1,0,차대사람 - 횡단중,보행자보호의무위반,건조,맑음,단일로 - 기타,승용,여,52세,상해없음,보행자,여,64세,경상
2022060800100316,2022년 6월 8일 15시,수요일,제주특별자치도 제주시 일도이동,부상신고사고,0,0,0,1,차량단독 - 공작물충돌,안전운전불이행,건조,맑음,단일로 - 기타,승용,여,24세,부상신고,,,,
2022060800100317,2022년 6월 8일 15시,수요일,제주특별자치도 제주시 한림읍,경상사고,0,0,2,0,차대차 - 정면충돌,기타,건조,맑음,교차로 - 교차로안,특수,남,32세,기타불명,승용,여,49세,경상
2022060800100354,2022년 6월 8일 16시,수요일,제주특별자치도 제주시 일도이동,경상사고,0,0,1,0,차대사람 - 기타,안전운전불이행,건조,맑음,교차로 - 교차로안,승용,남,63세,상해없음,보행자,남,59세,경상
2022060800100355,2022년 6월 8일 16시,수요일,제주특별자치도 제주시 연동,경상사고,0,0,2,0,차대차 - 측면충돌,안전운전불이행,건조,맑음,단일로 - 기타,승합,남,61세,기타불명,승용,여,57세,경상
2022060800100356,2022년 6월 8일 16시,수요일,제주특별자치도 제주시 애월읍,경상사고,0,0,1,0,차량단독 - 기타,안전운전불이행,건조,맑음,단일로 - 기타,이륜,남,72세,경상,,,,
2022060800100530,2022년 6월 8일 21시,수요일,제주특별자치도 제주시 노형동,경상사고,0,0,1,0,차대차 - 추돌,안전거리미확보,건조,맑음,단일로 - 기타,승용,여,60세,상해없음,이륜,남,29세,경상
2022060800100559,2022년 6월 8일 22시,수요일,제주특별자치도 제주시 이도이동,경상사고,0,0,1,0,차대사람 - 차도통행중,안전운전불이행,건조,맑음,단일로 - 기타,승용,남,48세,상해없음,보행자,남,39세,경상
2022060900100104,2022년 6월 9일 08시,목요일,제주특별자치도 제주시 건입동,경상사고,0,0,1,0,차대차 - 기타,안전거리미확보,건조,맑음,기타 - 기타,이륜,남,33세,경상,승용,남,61세,상해없음
2022060900100105,2022년 6월 9일 08시,목요일,제주특별자치도 제주시 아라이동,경상사고,0,0,2,0,차대차 - 추돌,안전운전불이행,건조,맑음,기타 - 기타,화물,여,49세,경상,승용,남,58세,경상
2022060900100106,2022년 6월 9일 08시,목요일,제주특별자치도 서귀포시 남원읍,경상사고,0,0,1,0,차대차 - 측면충돌,안전거리미확보,건조,맑음,단일로 - 기타,승용,여,27세,상해없음,승용,여,30세,경상
2022060900100107,2022년 6월 9일 08시,목요일,제주특별자치도 제주시 외도이동,경상사고,0,0,1,0,차대차 - 기타,안전운전불이행,건조,맑음,단일로 - 기타,승합,남,63세,상해없음,자전거,남,38세,경상
2022060900100178,2022년 6월 9일 10시,목요일,제주특별자치도 서귀포시 남원읍,경상사고,0,0,2,0,차대차 - 기타,직진우회전진행방해,건조,맑음,교차로 - 교차로안,승용,여,58세,상해없음,승용,남,49세,경상
2022060900100203,2022년 6월 9일 11시,목요일,제주특별자치도 서귀포시 호근동,경상사고,0,0,1,0,차대차 - 기타,신호위반,건조,맑음,교차로 - 교차로안,화물,남,52세,상해없음,승용,여,47세,경상
2022060900100204,2022년 6월 9일 11시,목요일,제주특별자치도 서귀포시 성산읍,중상사고,0,1,0,0,차대차 - 기타,직진우회전진행방해,건조,맑음,교차로 - 교차로안,이륜,여,76세,중상,승용,남,39세,상해없음
2022060900100205,2022년 6월 9일 11시,목요일,제주특별자치도 서귀포시 대정읍,경상사고,0,0,3,0,차대차 - 기타,직진우회전진행방해,건조,맑음,교차로 - 교차로안,원동기,남,21세,상해없음,승용,여,31세,경상
2022060900100227,2022년 6월 9일 12시,목요일,제주특별자치도 제주시 노형동,경상사고,0,0,1,0,차대차 - 측면충돌,직진우회전진행방해,건조,맑음,교차로 - 교차로안,승용,남,23세,상해없음,승용,남,21세,경상
2022060900100251,2022년 6월 9일 13시,목요일,제주특별자치도 제주시 노형동,경상사고,0,0,1,0,차대차 - 기타,안전운전불이행,건조,맑음,단일로 - 기타,이륜,남,19세,경상,승용,여,53세,상해없음
2022060900100276,2022년 6월 9일 14시,목요일,제주특별자치도 서귀포시 동홍동,경상사고,0,0,1,0,차대차 - 기타,신호위반,건조,맑음,교차로 - 교차로안,승용,남,67세,상해없음,승용,남,53세,경상
2022060900100277,2022년 6월 9일 14시,목요일,제주특별자치도 제주시 노형동,경상사고,0,0,1,0,차대차 - 기타,직진우회전진행방해,건조,맑음,교차로 - 교차로안,승용,여,46세,기타불명,승용,여,32세,경상
2022060900100462,2022년 6월 9일 19시,목요일,제주특별자치도 제주시 조천읍,경상사고,0,0,1,0,차대사람 - 기타,안전운전불이행,건조,맑음,단일로 - 기타,승용,남,64세,상해없음,보행자,여,21세,경상
2022060900100463,2022년 6월 9일 19시,목요일,제주특별자치도 서귀포시 서귀동,경상사고,0,0,4,0,차대차 - 기타,안전거리미확보,건조,맑음,교차로 - 교차로안,승합,남,54세,상해없음,승용,남,31세,경상
2022060900100488,2022년 6월 9일 20시,목요일,제주특별자치도 제주시 외도일동,경상사고,0,0,1,0,차대사람 - 횡단중,보행자보호의무위반,건조,맑음,단일로 - 기타,이륜,남,26세,상해없음,보행자,남,50세,경상
2022060900100528,2022년 6월 9일 22시,목요일,제주특별자치도 제주시 연동,중상사고,0,1,0,2,차대사람 - 차도통행중,안전운전불이행,건조,흐림,단일로 - 기타,승용,여,77세,상해없음,보행자,남,30세,중상
2022061000100034,2022년 6월 10일 04시,금요일,제주특별자치도 제주시 도련일동,부상신고사고,0,0,0,1,차량단독 - 공작물충돌,안전운전불이행,건조,맑음,교차로 - 교차로부근,화물,남,42세,부상신고,,,,
2022061000100055,2022년 6월 10일 06시,금요일,제주특별자치도 제주시 조천읍,중상사고,0,1,0,0,차대차 - 추돌,안전운전불이행,건조,맑음,교차로 - 교차로횡단보도내,승용,남,42세,상해없음,이륜,여,66세,중상
2022061000100115,2022년 6월 10일 08시,금요일,제주특별자치도 제주시 노형동,경상사고,0,0,2,0,차대차 - 기타,신호위반,건조,맑음,교차로 - 교차로안,승용,남,59세,경상,승용,여,64세,경상
2022061000100116,2022년 6월 10일 08시,금요일,제주특별자치도 제주시 노형동,경상사고,0,0,2,0,차대차 - 측면충돌,안전운전불이행,건조,맑음,단일로 - 기타,승용,여,55세,경상,승용,여,23세,경상
2022061000100156,2022년 6월 10일 09시,금요일,제주특별자치도 제주시 건입동,경상사고,0,0,1,0,차대차 - 측면충돌,중앙선침범,건조,맑음,단일로 - 기타,승용,여,24세,상해없음,승용,남,64세,경상
2022061000100157,2022년 6월 10일 09시,금요일,제주특별자치도 제주시 조천읍,경상사고,0,0,3,0,차대차 - 추돌,안전운전불이행,건조,맑음,교차로 - 교차로부근,승용,남,40세,상해없음,승용,여,48세,경상
2022061000100241,2022년 6월 10일 12시,금요일,제주특별자치도 제주시 건입동,중상사고,0,1,0,0,차대차 - 기타,안전운전불이행,건조,맑음,교차로 - 교차로안,개인형이동수단(PM),남,46세,중상,승용,여,51세,상해없음
2022061000100270,2022년 6월 10일 13시,금요일,제주특별자치도 제주시 오등동,경상사고,0,0,1,0,차대차 - 정면충돌,안전운전불이행,건조,맑음,교차로 - 교차로부근,화물,남,38세,상해없음,승용,남,66세,경상
2022061000100304,2022년 6월 10일 14시,금요일,제주특별자치도 제주시 건입동,중상사고,0,1,0,0,차대사람 - 기타,안전운전불이행,건조,맑음,교차로 - 교차로부근,화물,남,54세,상해없음,보행자,남,58세,중상
2022061000100393,2022년 6월 10일 16시,금요일,제주특별자치도 제주시 용담일동,중상사고,0,1,0,0,차대차 - 측면충돌,중앙선침범,건조,맑음,단일로 - 기타,자전거,남,14세,중상,승합,여,52세,상해없음
2022061000100394,2022년 6월 10일 16시,금요일,제주특별자치도 서귀포시 서귀동,중상사고,0,1,0,0,차대사람 - 횡단중,보행자보호의무위반,건조,맑음,교차로 - 교차로안,화물,남,20세,상해없음,보행자,남,12세,중상
2022061000100482,2022년 6월 10일 18시,금요일,제주특별자치도 제주시 삼도이동,경상사고,0,0,1,0,차대차 - 측면충돌,교차로운행방법위반,기타,기타,교차로 - 교차로안,승용,여,62세,상해없음,승용,남,55세,경상
2022061000100522,2022년 6월 10일 19시,금요일,제주특별자치도 제주시 오라이동,경상사고,0,0,1,0,차대차 - 기타,안전운전불이행,건조,맑음,기타 - 기타,승용,남,43세,상해없음,승용,여,29세,경상
2022061000100596,2022년 6월 10일 22시,금요일,제주특별자치도 서귀포시 동홍동,경상사고,0,0,1,0,차대사람 - 기타,안전운전불이행,건조,흐림,교차로 - 교차로부근,승용,남,71세,상해없음,보행자,남,68세,경상
2022061000100609,2022년 6월 10일 23시,금요일,제주특별자치도 서귀포시 서홍동,경상사고,0,0,1,0,차대차 - 추돌,안전운전불이행,젖음/습기,맑음,교차로 - 교차로안,승용,남,52세,상해없음,승용,여,54세,경상
2022061100100013,2022년 6월 11일 00시,토요일,제주특별자치도 서귀포시 도순동,경상사고,0,0,1,0,차량단독 - 공작물충돌,안전운전불이행,젖음/습기,흐림,단일로 - 기타,승용,여,37세,경상,,,,
2022061100100109,2022년 6월 11일 08시,토요일,제주특별자치도 서귀포시 서호동,경상사고,0,0,1,0,차대차 - 기타,교차로운행방법위반,건조,맑음,교차로 - 교차로안,승용,여,46세,상해없음,승용,남,40세,경상
2022061100100133,2022년 6월 11일 09시,토요일,제주특별자치도 제주시 이도일동,경상사고,0,0,1,0,차대차 - 기타,중앙선침범,건조,맑음,단일로 - 기타,자전거,여,40세,경상,승용,남,60세,상해없음
2022061100100198,2022년 6월 11일 11시,토요일,제주특별자치도 서귀포시 토평동,경상사고,0,0,1,1,차대차 - 측면충돌,직진우회전진행방해,건조,맑음,교차로 - 교차로안,화물,남,40세,부상신고,승용,여,62세,경상
2022061100100199,2022년 6월 11일 11시,토요일,제주특별자치도 제주시 외도일동,경상사고,0,0,3,3,차대차 - 측면충돌,안전운전불이행,건조,맑음,단일로 - 기타,승용,남,65세,부상신고,승용,남,62세,경상
2022061100100200,2022년 6월 11일 11시,토요일,제주특별자치도 제주시 연동,부상신고사고,0,0,0,1,차대차 - 측면충돌,안전운전불이행,건조,맑음,단일로 - 기타,승용,여,38세,부상신고,승용,남,44세,상해없음
2022061100100426,2022년 6월 11일 17시,토요일,제주특별자치도 제주시 이도이동,부상신고사고,0,0,0,1,차대사람 - 기타,안전운전불이행,건조,맑음,기타 - 기타,기타불명,기타불명,미분류,기타불명,보행자,여,52세,부상신고
2022061100100427,2022년 6월 11일 17시,토요일,제주특별자치도 서귀포시 안덕면,경상사고,0,0,3,0,차대차 - 기타,기타,건조,맑음,교차로 - 교차로안,승용,남,71세,상해없음,승용,남,27세,경상
2022061100100465,2022년 6월 11일 18시,토요일,제주특별자치도 서귀포시 성산읍,경상사고,0,0,2,0,차대차 - 측면충돌,안전운전불이행,건조,맑음,교차로 - 교차로안,승용,여,48세,상해없음,승용,남,23세,경상
2022061100100466,2022년 6월 11일 18시,토요일,제주특별자치도 제주시 노형동,경상사고,0,0,1,0,차대차 - 측면충돌,직진우회전진행방해,건조,맑음,교차로 - 교차로안,승용,남,51세,상해없음,이륜,남,43세,경상