사고번호,사고일시,요일,시군구,사고내용,사망자수,중상자수,경상자수,부상신고자수,사고유형,법규위반,노면상태,기상상태,도로형태,가해운전자 차종,가해운전자 성별,가해운전자 연령,가해운전자 상해정도,피해운전자 차종,피해운전자 성별,피해운전자 연령,피해운전자 상해정도
2022061100100539,2022년 6월 11일 21시,토요일,제주특별자치도 제주시 이도일동,경상사고,0,0,1,0,차대사람 - 차도통행중,안전운전불이행,건조,맑음,교차로 - 교차로부근,승용,남,28세,상해없음,보행자,남,35세,경상
2022061100100540,2022년 6월 11일 21시,토요일,제주특별자치도 제주시 노형동,경상사고,0,0,1,0,차량단독 - 기타,안전운전불이행,건조,맑음,단일로 - 기타,승용,남,74세,상해없음,,,,
2022061200100154,2022년 6월 12일 12시,일요일,제주특별자치도 제주시 애월읍,경상사고,0,0,1,0,차량단독 - 공작물충돌,안전운전불이행,건조,맑음,교차로 - 교차로안,승용,여,27세,상해없음,,,,
2022061200100205,2022년 6월 12일 14시,일요일,제주특별자치도 제주시 오라이동,경상사고,0,0,5,0,차대차 - 추돌,안전거리미확보,건조,맑음,단일로 - 기타,승용,남,38세,상해없음,승용,남,24세,상해없음
2022061200100280,2022년 6월 12일 17시,일요일,제주특별자치도 제주시 한경면,중상사고,0,1,1,0,차대차 - 측면충돌,안전운전불이행,건조,맑음,교차로 - 교차로부근,승용,여,48세,기타불명,원동기,남,46세,중상
2022061200100304,2022년 6월 12일 18시,일요일,제주특별자치도 제주시 한경면,경상사고,0,0,1,0,차대사람 - 기타,안전운전불이행,건조,맑음,단일로 - 기타,화물,남,51세,상해없음,보행자,남,55세,경상
2022061200100330,2022년 6월 12일 19시,일요일,제주특별자치도 제주시 아라이동,경상사고,0,0,1,0,차대사람 - 기타,안전운전불이행,건조,맑음,단일로 - 기타,승용,여,26세,기타불명,보행자,여,32세,경상
2022061200100331,2022년 6월 12일 19시,일요일,제주특별자치도 제주시 노형동,중상사고,0,1,5,0,차대차 - 기타,안전운전불이행,건조,맑음,교차로 - 교차로부근,승용,남,58세,상해없음,승용,여,53세,중상
2022061200100400,2022년 6월 12일 22시,일요일,제주특별자치도 제주시 도남동,경상사고,0,0,1,0,차대차 - 기타,신호위반,건조,맑음,단일로 - 기타,승용,여,26세,상해없음,승용,여,31세,경상
2022061300100016,2022년 6월 13일 03시,월요일,제주특별자치도 제주시 삼양이동,중상사고,0,1,1,0,차대차 - 측면충돌,신호위반,건조,맑음,교차로 - 교차로안,승용,남,54세,상해없음,승용,남,23세,상해없음
2022061300100093,2022년 6월 13일 08시,월요일,제주특별자치도 제주시 연동,경상사고,0,0,1,0,차대차 - 추돌,안전거리미확보,젖음/습기,비,단일로 - 기타,승용,여,23세,상해없음,승용,여,30세,경상
2022061300100211,2022년 6월 13일 12시,월요일,제주특별자치도 서귀포시 동홍동,경상사고,0,0,1,0,차대차 - 정면충돌,안전운전불이행,건조,맑음,단일로 - 기타,이륜,남,42세,경상,화물,남,53세,상해없음
2022061300100235,2022년 6월 13일 13시,월요일,제주특별자치도 제주시 연동,경상사고,0,0,1,0,차대사람 - 횡단중,보행자보호의무위반,젖음/습기,비,교차로 - 교차로횡단보도내,승용,남,85세,상해없음,보행자,남,32세,경상
2022061300100297,2022년 6월 13일 15시,월요일,제주특별자치도 서귀포시 서호동,경상사고,0,0,1,0,차대차 - 추돌,안전운전불이행,건조,맑음,교차로 - 교차로부근,승용,여,68세,상해없음,승용,남,55세,경상
2022061300100298,2022년 6월 13일 15시,월요일,제주특별자치도 제주시 연동,경상사고,0,0,1,0,차대차 - 기타,안전운전불이행,건조,맑음,교차로 - 교차로안,승용,남,23세,상해없음,승용,남,40세,경상
2022061300100351,2022년 6월 13일 16시,월요일,제주특별자치도 제주시 오라일동,중상사고,0,2,0,0,차대차 - 정면충돌,직진우회전진행방해,건조,맑음,교차로 - 교차로안,승합,남,56세,상해없음,승용,남,55세,중상
2022061300100352,2022년 6월 13일 16시,월요일,제주특별자치도 제주시 애월읍,경상사고,0,0,2,0,차대차 - 기타,안전거리미확보,건조,맑음,교차로 - 교차로안,승용,남,52세,상해없음,승용,여,30세,경상
2022061300100392,2022년 6월 13일 17시,월요일,제주특별자치도 제주시 구좌읍,중상사고,0,4,2,0,차대차 - 정면충돌,중앙선침범,건조,맑음,단일로 - 기타,승용,여,39세,중상,승용,남,46세,중상
2022061300100393,2022년 6월 13일 17시,월요일,제주특별자치도 제주시 구좌읍,사망사고,1,0,0,0,차량단독 - 기타,안전운전불이행,건조,맑음,단일로 - 기타,이륜,남,85세,사망,,,,
2022061300100438,2022년 6월 13일 18시,월요일,제주특별자치도 제주시 연동,중상사고,0,1,0,0,차대차 - 기타,신호위반,건조,맑음,단일로 - 기타,승용,남,30세,상해없음,자전거,남,8세,중상
2022061300100493,2022년 6월 13일 20시,월요일,제주특별자치도 제주시 애월읍,중상사고,0,1,1,0,차량단독 - 기타,안전운전불이행,건조,맑음,단일로 - 기타,승합,남,54세,상해없음,,,,
2022061300100536,2022년 6월 13일 22시,월요일,제주특별자치도 제주시 노형동,경상사고,0,0,2,1,차대차 - 정면충돌,직진우회전진행방해,젖음/습기,맑음,교차로 - 교차로안,승용,남,58세,상해없음,승용,남,25세,부상신고
2022061300100545,2022년 6월 13일 23시,월요일,제주특별자치도 서귀포시 안덕면,경상사고,0,0,1,0,차대차 - 측면충돌,중앙선침범,건조,맑음,단일로 - 기타,승용,여,29세,상해없음,승용,여,49세,경상
2022061300100546,2022년 6월 13일 23시,월요일,제주특별자치도 제주시 노형동,경상사고,0,0,1,0,차대차 - 측면충돌,신호위반,젖음/습기,비,교차로 - 교차로안,승용,여,45세,상해없음,이륜,남,34세,경상
2022061400100006,2022년 6월 14일 00시,화요일,제주특별자치도 제주시 연동,경상사고,0,0,2,0,차대차 - 추돌,안전거리미확보,젖음/습기,비,단일로 - 기타,승용,남,31세,상해없음,승용,남,26세,경상
2022061400100021,2022년 6월 14일 02시,화요일,제주특별자치도 제주시 연동,부상신고사고,0,0,0,2,차대차 - 추돌,중앙선침범,건조,맑음,단일로 - 기타,승용,남,54세,상해없음,승용,남,25세,부상신고
2022061400100113,2022년 6월 14일 08시,화요일,제주특별자치도 제주시 용담일동,경상사고,0,0,1,0,차대차 - 측면충돌,중앙선침범,젖음/습기,비,교차로 - 교차로안,자전거,남,44세,경상,승용,남,59세,상해없음
2022061400100114,2022년 6월 14일 08시,화요일,제주특별자치도 제주시 이도이동,경상사고,0,0,1,0,차대사람 - 차도통행중,안전운전불이행,기타,기타,단일로 - 기타,승용,남,20세,상해없음,보행자,여,66세,경상
2022061400100257,2022년 6월 14일 12시,화요일,제주특별자치도 서귀포시 강정동,중상사고,0,1,0,0,차량단독 - 기타,안전운전불이행,건조,맑음,단일로 - 기타,승합,남,51세,상해없음,,,,
2022061400100285,2022년 6월 14일 13시,화요일,제주특별자치도 제주시 조천읍,경상사고,0,0,3,0,차대차 - 추돌,안전운전불이행,건조,맑음,단일로 - 기타,화물,남,43세,상해없음,승용,남,39세,경상
2022061400100286,2022년 6월 14일 13시,화요일,제주특별자치도 서귀포시 남원읍,경상사고,0,0,1,0,차량단독 - 전도전복 - 전도,안전운전불이행,젖음/습기,흐림,단일로 - 기타,승합,남,28세,상해없음,,,,
2022061400100360,2022년 6월 14일 15시,화요일,제주특별자치도 제주시 조천읍,경상사고,0,0,1,0,차대차 - 기타,교차로운행방법위반,건조,맑음,교차로 - 교차로안,승합,남,54세,상해없음,승용,남,36세,상해없음
2022061400100581,2022년 6월 14일 22시,화요일,제주특별자치도 제주시 이도이동,중상사고,0,1,1,0,차대차 - 측면충돌,안전운전불이행,건조,맑음,교차로 - 교차로부근,승합,남,49세,상해없음,승용,남,61세,중상
2022061500100140,2022년 6월 15일 09시,수요일,제주특별자치도 제주시 화북이동,중상사고,0,1,0,0,차대차 - 추돌,신호위반,건조,맑음,교차로 - 교차로부근,화물,남,47세,상해없음,이륜,남,32세,중상
2022061500100257,2022년 6월 15일 13시,수요일,제주특별자치도 제주시 애월읍,경상사고,0,0,1,0,차대차 - 추돌,안전운전불이행,건조,맑음,단일로 - 기타,승용,남,38세,상해없음,화물,남,57세,상해없음
2022061500100314,2022년 6월 15일 15시,수요일,제주특별자치도 제주시 이도이동,경상사고,0,0,1,0,차대사람 - 횡단중,보행자보호의무위반,건조,맑음,단일로 - 기타,승용,남,72세,상해없음,보행자,여,13세,경상
2022061500100315,2022년 6월 15일 15시,수요일,제주특별자치도 제주시 연동,중상사고,0,1,0,0,차대차 - 측면충돌,안전운전불이행,건조,맑음,단일로 - 기타,승용,남,52세,상해없음,이륜,남,27세,중상
2022061500100368,2022년 6월 15일 16시,수요일,제주특별자치도 제주시 우도면,경상사고,0,0,1,0,차대차 - 기타,직진우회전진행방해,건조,맑음,교차로 - 교차로안,승용,남,42세,상해없음,자전거,여,18세,경상
2022061500100369,2022년 6월 15일 16시,수요일,제주특별자치도 제주시 연동,경상사고,0,0,1,0,차대사람 - 길가장자리구역통행중,안전운전불이행,건조,맑음,단일로 - 기타,승용,여,61세,상해없음,보행자,남,40세,경상
2022061500100408,2022년 6월 15일 17시,수요일,제주특별자치도 서귀포시 대정읍,경상사고,0,0,1,0,차대차 - 기타,중앙선침범,건조,맑음,단일로 - 기타,화물,남,26세,상해없음,이륜,남,35세,경상
2022061500100409,2022년 6월 15일 17시,수요일,제주특별자치도 제주시 용담일동,경상사고,0,0,1,0,차대차 - 측면충돌,안전거리미확보,건조,맑음,교차로 - 교차로안,승합,남,46세,기타불명,승용,여,24세,경상
2022061500100484,2022년 6월 15일 19시,수요일,제주특별자치도 서귀포시 서홍동,경상사고,0,0,1,0,차대차 - 정면충돌,중앙선침범,건조,맑음,단일로 - 기타,개인형이동수단(PM),여,42세,경상,승용,남,47세,상해없음
2022061600100107,2022년 6월 16일 08시,목요일,제주특별자치도 서귀포시 색달동,경상사고,0,0,1,0,차대차 - 추돌,안전거리미확보,건조,맑음,교차로 - 교차로안,승용,여,34세,경상,화물,남,55세,상해없음
2022061600100141,2022년 6월 16일 09시,목요일,제주특별자치도 제주시 애월읍,경상사고,0,0,1,0,차대사람 - 기타,보행자보호의무위반,건조,맑음,단일로 - 기타,승용,남,24세,상해없음,보행자,남,28세,경상
2022061600100169,2022년 6월 16일 10시,목요일,제주특별자치도 제주시 삼도일동,중상사고,0,1,0,0,차대차 - 측면충돌,교차로운행방법위반,건조,맑음,교차로 - 교차로안,승용,남,72세,상해없음,승용,여,35세,상해없음
2022061600100231,2022년 6월 16일 12시,목요일,제주특별자치도 서귀포시 성산읍,경상사고,0,0,3,0,차대차 - 측면충돌,안전운전불이행,건조,맑음,단일로 - 기타,승용,남,26세,상해없음,승용,남,57세,경상
2022061600100272,2022년 6월 16일 13시,목요일,제주특별자치도 서귀포시 토평동,경상사고,0,0,1,0,차대차 - 측면충돌,직진우회전진행방해,건조,맑음,교차로 - 교차로안,승용,여,27세,상해없음,화물,남,49세,경상
2022061600100309,2022년 6월 16일 14시,목요일,제주특별자치도 제주시 삼양이동,경상사고,0,0,1,0,차대차 - 추돌,안전운전불이행,건조,맑음,교차로 - 교차로부근,화물,남,56세,상해없음,이륜,남,31세,경상
2022061600100310,2022년 6월 16일 14시,목요일,제주특별자치도 제주시 일도이동,경상사고,0,0,1,0,차대차 - 기타,중앙선침범,건조,맑음,단일로 - 기타,원동기,남,57세,상해없음,승합,남,57세,상해없음
2022061600100337,2022년 6월 16일 15시,목요일,제주특별자치도 제주시 도남동,경상사고,0,0,1,0,차대차 - 추돌,안전거리미확보,건조,맑음,단일로 - 기타,승용,남,85세,상해없음,승용,여,43세,경상
2022061600100338,2022년 6월 16일 15시,목요일,제주특별자치도 제주시 조천읍,경상사고,0,0,3,0,차대차 - 측면충돌,안전운전불이행,건조,맑음,교차로 - 교차로부근,승용,남,25세,상해없음,승용,여,47세,경상
2022061600100339,2022년 6월 16일 15시,목요일,제주특별자치도 제주시 노형동,경상사고,0,0,1,1,차대차 - 측면충돌,직진우회전진행방해,건조,맑음,교차로 - 교차로안,승용,남,26세,부상신고,승용,여,46세,경상
2022061600100375,2022년 6월 16일 16시,목요일,제주특별자치도 제주시 봉개동,경상사고,0,0,3,0,차대차 - 기타,안전운전불이행,건조,맑음,단일로 - 기타,승용,남,85세,상해없음,승용,남,66세,경상
2022061600100376,2022년 6월 16일 16시,목요일,제주특별자치도 제주시 연동,경상사고,0,0,1,0,차대차 - 추돌,안전운전불이행,건조,맑음,단일로 - 기타,승용,여,37세,상해없음,승용,여,28세,경상
2022061600100615,2022년 6월 16일 23시,목요일,제주특별자치도 제주시 이도일동,중상사고,0,1,0,0,차대사람 - 횡단중,보행자보호의무위반,건조,맑음,교차로 - 교차로횡단보도내,승용,남,24세,상해없음,보행자,남,61세,중상
2022061700100108,2022년 6월 17일 08시,금요일,제주특별자치도 제주시 연동,경상사고,0,0,1,0,차대차 - 추돌,안전운전불이행,건조,맑음,교차로 - 교차로안,승용,남,79세,상해없음,승용,여,48세,경상
2022061700100174,2022년 6월 17일 10시,금요일,제주특별자치도 제주시 용강동,경상사고,0,0,1,0,차대차 - 측면충돌,안전거리미확보,건조,맑음,단일로 - 기타,승용,남,63세,상해없음,승용,남,60세,경상
2022061700100236,2022년 6월 17일 12시,금요일,제주특별자치도 제주시 용담이동,경상사고,0,0,2,0,차대차 - 추돌,안전거리미확보,건조,맑음,단일로 - 기타,승용,남,40세,기타불명,승용,남,30세,경상
2022061700100275,2022년 6월 17일 13시,금요일,제주특별자치도 제주시 이도이동,경상사고,0,0,1,0,차대차 - 기타,안전거리미확보,건조,맑음,단일로 - 기타,승용,남,42세,상해없음,승용,여,49세,경상
2022061700100425,2022년 6월 17일 17시,금요일,제주특별자치도 서귀포시 남원읍,경상사고,0,0,1,0,차대차 - 기타,안전운전불이행,건조,맑음,교차로 - 교차로안,화물,남,49세,상해없음,이륜,여,36세,경상
2022061700100560,2022년 6월 17일 20시,금요일,제주특별자치도 제주시 이도이동,경상사고,0,0,1,0,차대차 - 후진중충돌,안전운전불이행,건조,맑음,단일로 - 기타,승용,남,36세,상해없음,이륜,남,24세,경상
2022061700100561,2022년 6월 17일 20시,금요일,제주특별자치도 서귀포시 남원읍,중상사고,0,1,0,0,차량단독 - 공작물충돌,안전운전불이행,건조,맑음,단일로 - 기타,이륜,남,44세,중상,,,,
2022061800100136,2022년 6월 18일 09시,토요일,제주특별자치도 제주시 연동,중상사고,0,1,0,0,차대차 - 측면충돌,교차로운행방법위반,건조,맑음,교차로 - 교차로안,승용,남,79세,상해없음,자전거,남,65세,중상
2022061800100274,2022년 6월 18일 13시,토요일,제주특별자치도 제주시 아라일동,경상사고,0,0,1,0,차대차 - 기타,교차로운행방법위반,건조,맑음,교차로 - 교차로안,승용,남,23세,상해없음,승용,여,28세,경상
2022061800100345,2022년 6월 18일 15시,토요일,제주특별자치도 제주시 조천읍,부상신고사고,0,0,0,1,차대차 - 측면충돌,직진우회전진행방해,건조,맑음,교차로 - 교차로안,승용,남,46세,부상신고,승용,여,49세,상해없음
2022061800100387,2022년 6월 18일 16시,토요일,제주특별자치도 제주시 이도이동,경상사고,0,0,1,0,차대사람 - 횡단중,안전운전불이행,건조,맑음,교차로 - 교차로안,승용,남,57세,상해없음,보행자,남,52세,경상
2022061800100388,2022년 6월 18일 16시,토요일,제주특별자치도 제주시 삼도일동,경상사고,0,0,1,0,차대사람 - 차도통행중,안전운전불이행,건조,맑음,단일로 - 기타,승용,남,54세,상해없음,보행자,남,58세,경상
2022061800100389,2022년 6월 18일 16시,토요일,제주특별자치도 서귀포시 성산읍,경상사고,0,0,1,0,차대차 - 측면충돌,직진우회전진행방해,건조,맑음,교차로 - 교차로안,승용,남,40세,상해없음,승용,여,49세,경상
2022061800100567,2022년 6월 18일 22시,토요일,제주특별자치도 제주시 이도이동,경상사고,0,0,1,0,차대차 - 기타,신호위반,건조,맑음,교차로 - 교차로안,승합,남,56세,상해없음,이륜,남,55세,경상
2022061800100568,2022년 6월 18일 22시,토요일,제주특별자치도 제주시 연동,부상신고사고,0,0,0,1,차대사람 - 횡단중,보행자보호의무위반,건조,맑음,교차로 - 교차로횡단보도내,이륜,남,22세,부상신고,보행자,남,67세,상해없음
2022061800100595,2022년 6월 18일 23시,토요일,제주특별자치도 제주시 조천읍,사망사고,1,0,0,0,차량단독 - 기타,안전운전불이행,건조,맑음,단일로 - 기타,승용,남,23세,사망,,,,
2022061900100103,2022년 6월 19일 09시,일요일,제주특별자치도 제주시 일도일동,경상사고,0,0,1,0,차량단독 - 공작물충돌,안전운전불이행,건조,맑음,교차로 - 교차로안,승용,남,71세,경상,,,,
2022061900100104,2022년 6월 19일 09시,일요일,제주특별자치도 제주시 오라일동,경상사고,0,0,1,0,차대차 - 정면충돌,안전운전불이행,건조,맑음,기타 - 기타,승용,남,32세,경상,승용,남,30세,상해없음
2022061900100123,2022년 6월 19일 10시,일요일,제주특별자치도 제주시 조천읍,중상사고,0,1,0,0,차대사람 - 기타,안전운전불이행,건조,맑음,단일로 - 기타,승용,여,25세,상해없음,보행자,남,9세,중상
2022061900100165,2022년 6월 19일 12시,일요일,제주특별자치도 서귀포시 서홍동,경상사고,0,0,1,0,차대차 - 기타,안전운전불이행,건조,맑음,기타 - 기타,승용,남,79세,상해없음,승용,남,54세,경상
2022061900100166,2022년 6월 19일 12시,일요일,제주특별자치도 제주시 애월읍,경상사고,0,0,1,0,차대차 - 정면충돌,직진우회전진행방해,건조,맑음,교차로 - 교차로안,승용,남,35세,상해없음,자전거,남,30세,경상
2022061900100338,2022년 6월 19일 19시,일요일,제주특별자치도 제주시 애월읍,경상사고,0,0,7,0,차대차 - 추돌,안전거리미확보,건조,맑음,교차로 - 교차로부근,이륜,남,36세,경상,승용,여,44세,경상
2022061900100397,2022년 6월 19일 22시,일요일,제주특별자치도 서귀포시 법환동,경상사고,0,0,1,0,차대차 - 기타,신호위반,건조,맑음,교차로 - 교차로부근,승용,남,64세,상해없음,이륜,남,37세,경상
2022062000100172,2022년 6월 20일 09시,월요일,제주특별자치도 제주시 아라일동,경상사고,0,0,1,0,차대사람 - 횡단중,안전운전불이행,건조,맑음,교차로 - 교차로부근,승용,남,27세,상해없음,보행자,여,77세,경상
2022062000100173,2022년 6월 20일 09시,월요일,제주특별자치도 제주시 조천읍,경상사고,0,0,1,0,차대차 - 기타,신호위반,건조,맑음,교차로 - 교차로안,승용,여,50세,상해없음,승용,여,27세,상해없음
2022062000100264,2022년 6월 20일 12시,월요일,제주특별자치도 제주시 화북이동,중상사고,0,1,0,0,차대사람 - 기타,기타,건조,맑음,단일로 - 기타,승합,남,64세,상해없음,보행자,여,73세,중상
2022062000100313,2022년 6월 20일 13시,월요일,제주특별자치도 서귀포시 표선면,경상사고,0,0,1,0,차대사람 - 기타,안전운전불이행,건조,맑음,단일로 - 기타,화물,남,78세,상해없음,보행자,남,53세,경상
2022062000100346,2022년 6월 20일 14시,월요일,제주특별자치도 서귀포시 호근동,경상사고,0,0,2,0,차대차 - 기타,기타,건조,맑음,교차로 - 교차로안,화물,남,27세,경상,승용,여,59세,경상
2022062000100347,2022년 6월 20일 14시,월요일,제주특별자치도 제주시 내도동,중상사고,0,2,0,0,차량단독 - 공작물충돌,안전운전불이행,건조,맑음,기타 - 기타,승용,남,81세,중상,,,,
2022062000100386,2022년 6월 20일 15시,월요일,제주특별자치도 제주시 일도이동,중상사고,0,1,0,0,차대사람 - 횡단중,안전운전불이행,건조,맑음,단일로 - 기타,승용,남,57세,상해없음,보행자,여,75세,중상
2022062000100582,2022년 6월 20일 21시,월요일,제주특별자치도 서귀포시 동홍동,중상사고,0,1,0,0,차대차 - 정면충돌,직진우회전진행방해,건조,맑음,교차로 - 교차로안,승용,여,47세,상해없음,이륜,남,39세,중상
2022062000100613,2022년 6월 20일 23시,월요일,제주특별자치도 서귀포시 법환동,중상사고,0,1,1,1,차대차 - 정면충돌,중앙선침범,젖음/습기,비,단일로 - 기타,승용,남,34세,부상신고,화물,남,23세,중상
2022062100100039,2022년 6월 21일 06시,화요일,제주특별자치도 제주시 일도일동,중상사고,0,1,0,0,차량단독 - 공작물충돌,안전운전불이행,건조,맑음,교차로 - 교차로안,승용,남,64세,상해없음,,,,
2022062100100346,2022년 6월 21일 15시,화요일,제주특별자치도 제주시 화북일동,경상사고,0,0,1,0,차대차 - 측면충돌,신호위반,건조,맑음,교차로 - 교차로안,승용,남,70세,상해없음,이륜,남,33세,경상
2022062100100347,2022년 6월 21일 15시,화요일,제주특별자치도 제주시 아라일동,경상사고,0,0,1,0,차대차 - 기타,교차로운행방법위반,건조,맑음,교차로 - 교차로안,승합,남,28세,상해없음,승용,여,55세,경상
2022062100100348,2022년 6월 21일 15시,화요일,제주특별자치도 제주시 조천읍,경상사고,0,0,1,0,차대차 - 기타,직진우회전진행방해,건조,맑음,교차로 - 교차로안,승용,여,29세,상해없음,승합,남,31세,상해없음
2022062100100349,2022년 6월 21일 15시,화요일,제주특별자치도 제주시 노형동,경상사고,0,0,1,1,차대차 - 기타,안전운전불이행,건조,맑음,교차로 - 교차로부근,이륜,남,42세,경상,승용,남,39세,부상신고
2022062100100379,2022년 6월 21일 16시,화요일,제주특별자치도 서귀포시 토평동,경상사고,0,0,2,0,차대차 - 추돌,안전운전불이행,건조,맑음,교차로 - 교차로부근,승용,남,56세,상해없음,승용,남,34세,경상
2022062100100380,2022년 6월 21일 16시,화요일,제주특별자치도 제주시 연동,경상사고,0,0,1,0,차대차 - 기타,기타,건조,맑음,교차로 - 교차로부근,개인형이동수단(PM),남,27세,경상,승용,여,71세,상해없음
2022062100100513,2022년 6월 21일 19시,화요일,제주특별자치도 제주시 건입동,중상사고,0,1,0,0,차대사람 - 기타,보행자보호의무위반,건조,맑음,단일로 - 기타,승합,남,59세,상해없음,보행자,여,66세,중상
2022062100100566,2022년 6월 21일 21시,화요일,제주특별자치도 제주시 외도일동,중상사고,0,1,0,0,차대사람 - 차도통행중,안전운전불이행,건조,맑음,교차로 - 교차로부근,승용,여,39세,상해없음,보행자,여,14세,중상
2022062100100587,2022년 6월 21일 22시,화요일,제주특별자치도 제주시 해안동,경상사고,0,0,1,0,차량단독 - 전도전복 - 전도,안전운전불이행,건조,맑음,단일로 - 기타,이륜,남,26세,경상,,,,
2022062200100074,2022년 6월 22일 07시,수요일,제주특별자치도 제주시 노형동,경상사고,0,0,2,1,차대차 - 추돌,안전운전불이행,건조,맑음,단일로 - 기타,승용,남,38세,부상신고,승용,남,49세,경상
2022062200100130,2022년 6월 22일 08시,수요일,제주특별자치도 제주시 이도이동,경상사고,0,0,1,0,차대차 - 측면충돌,보행자보호의무위반,건조,맑음,단일로 - 기타,승용,남,41세,상해없음,자전거,남,9세,경상
2022062200100160,2022년 6월 22일 09시,수요일,제주특별자치도 제주시 건입동,경상사고,0,0,1,0,차대사람 - 기타,안전운전불이행,건조,맑음,단일로 - 기타,화물,남,68세,상해없음,보행자,남,60세,경상
2022062200100161,2022년 6월 22일 09시,수요일,제주특별자치도 제주시 외도일동,경상사고,0,0,1,0,차대차 - 기타,안전운전불이행,건조,맑음,단일로 - 기타,화물,남,57세,상해없음,승용,남,38세,경상
2022062200100195,2022년 6월 22일 10시,수요일,제주특별자치도 제주시 용담이동,경상사고,0,0,5,3,차대차 - 측면충돌,교차로운행방법위반,건조,맑음,교차로 - 교차로안,승용,여,24세,경상,승용,남,58세,경상
2022062200100196,2022년 6월 22일 10시,수요일,제주특별자치도 제주시 용담이동,경상사고,0,0,1,0,차대차 - 기타,교차로운행방법위반,건조,맑음,교차로 - 교차로안,승용,여,67세,상해없음,승용,여,42세,경상
2022062200100246,2022년 6월 22일 12시,수요일,제주특별자치도 제주시 연동,중상사고,0,1,0,0,차대사람 - 차도통행중,안전운전불이행,건조,맑음,단일로 - 기타,승용,여,69세,상해없음,보행자,여,66세,중상
2022062200100320,2022년 6월 22일 14시,수요일,제주특별자치도 서귀포시 안덕면,경상사고,0,0,3,0,차대차 - 기타,안전운전불이행,건조,맑음,주차장 - 주차장,승합,남,62세,상해없음,승용,남,48세,경상
2022062200100401,2022년 6월 22일 16시,수요일,제주특별자치도 제주시 도평동,경상사고,0,0,1,0,차대차 - 추돌,안전운전불이행,건조,맑음,단일로 - 기타,승용,여,46세,상해없음,승용,여,69세,경상
2022062200100452,2022년 6월 22일 17시,수요일,제주특별자치도 제주시 도남동,경상사고,0,0,5,0,차대차 - 추돌,안전운전불이행,건조,맑음,교차로 - 교차로부근,승용,여,54세,상해없음,승용,여,24세,경상
2022062200100504,2022년 6월 22일 18시,수요일,제주특별자치도 제주시 외도일동,경상사고,0,0,2,0,차대차 - 측면충돌,안전운전불이행,건조,맑음,교차로 - 교차로부근,승용,남,25세,기타불명,승용,남,50세,경상
2022062200100505,2022년 6월 22일 18시,수요일,제주특별자치도 제주시 연동,경상사고,0,0,1,0,차대차 - 추돌,안전운전불이행,건조,맑음,단일로 - 기타,승용,남,55세,상해없음,이륜,남,27세,경상
2022062200100633,2022년 6월 22일 23시,수요일,제주특별자치도 제주시 이도이동,경상사고,0,0,1,0,차대차 - 기타,안전운전불이행,건조,맑음,교차로 - 교차로부근,승용,남,35세,상해없음,승용,여,47세,경상
2022062300100060,2022년 6월 23일 06시,목요일,제주특별자치도 서귀포시 성산읍,경상사고,0,0,1,0,차대차 - 기타,직진우회전진행방해,건조,맑음,교차로 - 교차로안,승용,여,52세,상해없음,이륜,여,73세,경상
2022062300100214,2022년 6월 23일 11시,목요일,제주특별자치도 서귀포시 서홍동,중상사고,0,1,0,0,차대차 - 기타,교차로운행방법위반,건조,맑음,교차로 - 교차로안,화물,남,45세,상해없음,이륜,남,36세,중상
2022062300100215,2022년 6월 23일 11시,목요일,제주특별자치도 제주시 연동,중상사고,0,1,0,0,차대차 - 기타,신호위반,건조,맑음,단일로 - 기타,승용,여,29세,상해없음,승용,남,31세,중상
2022062300100278,2022년 6월 23일 13시,목요일,제주특별자치도 제주시 일도이동,중상사고,0,1,0,0,차대차 - 추돌,안전운전불이행,기타,기타,단일로 - 기타,승용,여,55세,중상,승용,남,46세,기타불명
2022062300100279,2022년 6월 23일 13시,목요일,제주특별자치도 서귀포시 성산읍,중상사고,0,1,0,0,차대차 - 측면충돌,차로위반,건조,맑음,단일로 - 기타,승용,남,68세,상해없음,이륜,남,66세,중상
2022062300100370,2022년 6월 23일 16시,목요일,제주특별자치도 제주시 용담일동,경상사고,0,0,1,0,차대차 - 기타,안전운전불이행,건조,맑음,주차장 - 주차장,승용,남,35세,경상,승용,남,65세,상해없음
2022062300100412,2022년 6월 23일 17시,목요일,제주특별자치도 서귀포시 서홍동,중상사고,0,1,0,0,차대사람 - 기타,안전운전불이행,건조,맑음,단일로 - 기타,승용,여,33세,상해없음,보행자,남,9세,중상
2022062300100462,2022년 6월 23일 18시,목요일,제주특별자치도 제주시 일도이동,경상사고,0,0,1,0,차대차 - 측면충돌,안전운전불이행,건조,맑음,교차로 - 교차로안,승용,남,69세,상해없음,승용,여,40세,경상
2022062300100463,2022년 6월 23일 18시,목요일,제주특별자치도 제주시 삼도일동,경상사고,0,0,1,0,차대차 - 기타,안전거리미확보,건조,맑음,기타 - 기타,승용,여,50세,상해없음,이륜,남,23세,경상