사고번호,사고일시,요일,시군구,사고내용,사망자수,중상자수,경상자수,부상신고자수,사고유형,법규위반,노면상태,기상상태,도로형태,가해운전자 차종,가해운전자 성별,가해운전자 연령,가해운전자 상해정도,피해운전자 차종,피해운전자 성별,피해운전자 연령,피해운전자 상해정도
2022062300100596,2022년 6월 23일 21시,목요일,제주특별자치도 제주시 삼도일동,중상사고,0,1,0,0,차대사람 - 횡단중,기타,건조,맑음,단일로 - 기타,승용,남,25세,상해없음,보행자,남,59세,중상
2022062300100597,2022년 6월 23일 21시,목요일,제주특별자치도 제주시 노형동,경상사고,0,0,2,0,차대차 - 기타,신호위반,건조,맑음,교차로 - 교차로안,이륜,남,56세,경상,승용,남,39세,경상
2022062300100598,2022년 6월 23일 21시,목요일,제주특별자치도 제주시 노형동,경상사고,0,0,2,0,차대차 - 기타,안전운전불이행,건조,맑음,교차로 - 교차로부근,승합,남,49세,상해없음,승용,남,48세,경상
2022062400100035,2022년 6월 24일 01시,금요일,제주특별자치도 제주시 연동,중상사고,0,1,0,0,차대사람 - 길가장자리구역통행중,안전운전불이행,젖음/습기,비,교차로 - 교차로안,승용,남,26세,상해없음,보행자,남,54세,중상
2022062400100044,2022년 6월 24일 02시,금요일,제주특별자치도 제주시 일도이동,중상사고,0,1,0,0,차대사람 - 차도통행중,안전운전불이행,젖음/습기,비,교차로 - 교차로부근,승용,남,64세,상해없음,보행자,남,53세,중상
2022062400100097,2022년 6월 24일 07시,금요일,제주특별자치도 제주시 노형동,경상사고,0,0,1,0,차대사람 - 횡단중,신호위반,건조,맑음,교차로 - 교차로횡단보도내,승용,남,56세,상해없음,보행자,여,27세,경상
2022062400100128,2022년 6월 24일 08시,금요일,제주특별자치도 제주시 일도이동,중상사고,0,1,0,0,차대사람 - 횡단중,보행자보호의무위반,젖음/습기,비,교차로 - 교차로안,승용,여,43세,상해없음,보행자,여,49세,중상
2022062400100196,2022년 6월 24일 10시,금요일,제주특별자치도 서귀포시 색달동,경상사고,0,0,2,0,차대차 - 추돌,안전운전불이행,젖음/습기,비,단일로 - 기타,승용,남,58세,상해없음,승용,남,32세,경상
2022062400100217,2022년 6월 24일 11시,금요일,제주특별자치도 제주시 연동,부상신고사고,0,0,0,4,차대차 - 측면충돌,직진우회전진행방해,젖음/습기,비,교차로 - 교차로안,승용,남,27세,상해없음,승용,남,70세,부상신고
2022062400100241,2022년 6월 24일 12시,금요일,제주특별자치도 제주시 건입동,경상사고,0,0,1,0,차대차 - 측면충돌,교차로운행방법위반,기타,기타,교차로 - 교차로안,승용,남,48세,상해없음,승용,남,30세,경상
2022062400100275,2022년 6월 24일 13시,금요일,제주특별자치도 제주시 도련일동,경상사고,0,0,1,0,차대차 - 후진중충돌,안전운전불이행,젖음/습기,흐림,단일로 - 기타,승용,여,42세,상해없음,승용,남,26세,경상
2022062400100276,2022년 6월 24일 13시,금요일,제주특별자치도 제주시 연동,경상사고,0,0,1,0,차대차 - 기타,직진우회전진행방해,건조,맑음,교차로 - 교차로안,화물,남,25세,상해없음,원동기,남,48세,경상
2022062400100339,2022년 6월 24일 15시,금요일,제주특별자치도 제주시 아라일동,경상사고,0,0,2,0,차대차 - 측면충돌,직진우회전진행방해,건조,맑음,교차로 - 교차로안,승용,여,44세,경상,승용,여,43세,경상
2022062400100385,2022년 6월 24일 16시,금요일,제주특별자치도 서귀포시 강정동,경상사고,0,0,2,0,차대차 - 기타,기타,건조,맑음,교차로 - 교차로안,승용,여,66세,경상,승용,남,46세,경상
2022062400100490,2022년 6월 24일 18시,금요일,제주특별자치도 제주시 애월읍,중상사고,0,1,3,0,차대차 - 추돌,안전거리미확보,젖음/습기,안개,단일로 - 기타,화물,남,46세,중상,화물,남,30세,경상
2022062400100630,2022년 6월 24일 23시,금요일,제주특별자치도 서귀포시 서귀동,경상사고,0,0,4,0,차대차 - 측면충돌,안전운전불이행,건조,맑음,단일로 - 지하차도(도로)내,승용,남,33세,상해없음,승용,남,52세,경상
2022062500100011,2022년 6월 25일 00시,토요일,제주특별자치도 제주시 연동,경상사고,0,0,2,0,차대차 - 측면충돌,안전운전불이행,건조,기타,단일로 - 기타,승용,남,34세,상해없음,승용,남,25세,기타불명
2022062500100020,2022년 6월 25일 01시,토요일,제주특별자치도 제주시 조천읍,경상사고,0,0,1,0,차대차 - 측면충돌,안전운전불이행,건조,맑음,단일로 - 기타,승용,남,60세,상해없음,승용,남,35세,경상
2022062500100069,2022년 6월 25일 06시,토요일,제주특별자치도 서귀포시 서홍동,중상사고,0,1,0,0,차량단독 - 공작물충돌,안전운전불이행,건조,맑음,교차로 - 교차로부근,승용,여,61세,중상,,,,
2022062500100082,2022년 6월 25일 07시,토요일,제주특별자치도 제주시 화북이동,중상사고,0,1,1,0,차대차 - 기타,신호위반,건조,맑음,교차로 - 교차로안,승용,남,63세,상해없음,승용,여,51세,경상
2022062500100101,2022년 6월 25일 08시,토요일,제주특별자치도 제주시 연동,부상신고사고,0,0,0,1,차대사람 - 차도통행중,안전운전불이행,건조,맑음,단일로 - 기타,승합,남,63세,상해없음,보행자,남,47세,부상신고
2022062500100131,2022년 6월 25일 09시,토요일,제주특별자치도 제주시 용담일동,경상사고,0,0,1,0,차대차 - 기타,안전운전불이행,건조,맑음,단일로 - 기타,자전거,남,11세,경상,승용,여,62세,상해없음
2022062500100165,2022년 6월 25일 10시,토요일,제주특별자치도 제주시 애월읍,중상사고,0,1,0,0,차대차 - 기타,안전운전불이행,건조,맑음,교차로 - 교차로안,화물,남,41세,상해없음,화물,남,59세,중상
2022062500100166,2022년 6월 25일 10시,토요일,제주특별자치도 제주시 연동,경상사고,0,0,2,0,차대차 - 기타,안전운전불이행,건조,맑음,교차로 - 교차로부근,승용,여,61세,경상,승용,여,66세,상해없음
2022062500100213,2022년 6월 25일 11시,토요일,제주특별자치도 제주시 외도이동,경상사고,0,0,2,0,차대차 - 측면충돌,교차로운행방법위반,건조,맑음,교차로 - 교차로안,승용,남,20세,상해없음,승용,여,47세,경상
2022062500100261,2022년 6월 25일 12시,토요일,제주특별자치도 제주시 연동,경상사고,0,0,1,0,차대사람 - 길가장자리구역통행중,안전운전불이행,건조,맑음,단일로 - 기타,승용,남,22세,기타불명,보행자,남,20세,경상
2022062500100354,2022년 6월 25일 14시,토요일,제주특별자치도 서귀포시 서홍동,중상사고,0,1,0,0,차대차 - 기타,안전운전불이행,건조,맑음,단일로 - 기타,자전거,남,11세,중상,승용,여,45세,상해없음
2022062500100393,2022년 6월 25일 15시,토요일,제주특별자치도 제주시 일도이동,경상사고,0,0,1,0,차대사람 - 보도통행중,보행자보호의무위반,건조,맑음,단일로 - 기타,승용,남,50세,상해없음,보행자,여,9세,경상
2022062500100394,2022년 6월 25일 15시,토요일,제주특별자치도 서귀포시 상효동,중상사고,0,1,0,0,차대차 - 측면충돌,안전운전불이행,건조,맑음,단일로 - 교량,승용,남,61세,상해없음,이륜,남,27세,중상
2022062500100395,2022년 6월 25일 15시,토요일,제주특별자치도 제주시 한림읍,경상사고,0,0,1,0,차대차 - 측면충돌,중앙선침범,건조,맑음,단일로 - 기타,승용,여,56세,상해없음,이륜,남,38세,경상
2022062500100396,2022년 6월 25일 15시,토요일,제주특별자치도 제주시 노형동,중상사고,0,1,0,0,차대차 - 측면충돌,직진우회전진행방해,건조,맑음,교차로 - 교차로안,화물,남,44세,상해없음,이륜,남,25세,중상
2022062500100469,2022년 6월 25일 17시,토요일,제주특별자치도 제주시 용담이동,경상사고,0,0,2,0,차대차 - 후진중충돌,안전운전불이행,건조,맑음,단일로 - 기타,승용,남,65세,상해없음,승합,남,25세,경상
2022062500100507,2022년 6월 25일 18시,토요일,제주특별자치도 제주시 조천읍,경상사고,0,0,1,0,차대차 - 추돌,안전운전불이행,건조,맑음,단일로 - 기타,승용,남,63세,상해없음,승용,남,49세,상해없음
2022062500100508,2022년 6월 25일 18시,토요일,제주특별자치도 제주시 노형동,경상사고,0,0,2,0,차대차 - 측면충돌,안전거리미확보,건조,맑음,단일로 - 기타,승합,남,47세,상해없음,승용,남,35세,경상
2022062500100533,2022년 6월 25일 19시,토요일,제주특별자치도 제주시 삼도일동,경상사고,0,0,1,0,차대차 - 기타,안전거리미확보,건조,맑음,단일로 - 기타,승합,남,59세,상해없음,승용,여,35세,경상
2022062500100570,2022년 6월 25일 20시,토요일,제주특별자치도 서귀포시 서귀동,중상사고,0,1,3,0,차대차 - 후진중충돌,안전운전불이행,건조,맑음,단일로 - 기타,승용,남,39세,상해없음,승용,남,25세,경상
2022062500100623,2022년 6월 25일 22시,토요일,제주특별자치도 제주시 삼도이동,경상사고,0,0,1,0,차대사람 - 차도통행중,보행자보호의무위반,건조,맑음,교차로 - 교차로횡단보도내,승용,남,41세,상해없음,보행자,여,13세,경상
2022062600100037,2022년 6월 26일 03시,일요일,제주특별자치도 서귀포시 안덕면,경상사고,0,0,1,0,차량단독 - 공작물충돌,안전운전불이행,젖음/습기,안개,단일로 - 기타,승용,남,27세,경상,,,,
2022062600100082,2022년 6월 26일 09시,일요일,제주특별자치도 서귀포시 중문동,경상사고,0,0,1,0,차대차 - 추돌,안전운전불이행,건조,맑음,단일로 - 기타,승용,남,22세,상해없음,승용,남,31세,경상
2022062600100083,2022년 6월 26일 09시,일요일,제주특별자치도 서귀포시 서홍동,중상사고,0,1,2,0,차대차 - 측면충돌,신호위반,젖음/습기,비,교차로 - 교차로안,승용,남,40세,상해없음,승용,남,71세,경상
2022062600100170,2022년 6월 26일 13시,일요일,제주특별자치도 제주시 노형동,경상사고,0,0,1,0,차대사람 - 횡단중,보행자보호의무위반,건조,맑음,교차로 - 교차로횡단보도내,승용,남,63세,상해없음,보행자,남,57세,경상
2022062600100194,2022년 6월 26일 14시,일요일,제주특별자치도 제주시 애월읍,경상사고,0,0,1,0,차대차 - 기타,안전운전불이행,건조,맑음,단일로 - 기타,승용,여,71세,기타불명,승용,남,32세,경상
2022062600100220,2022년 6월 26일 15시,일요일,제주특별자치도 제주시 애월읍,경상사고,0,0,2,0,차대차 - 측면충돌,교차로운행방법위반,건조,맑음,교차로 - 교차로안,승용,여,53세,경상,승용,남,54세,경상
2022062600100252,2022년 6월 26일 16시,일요일,제주특별자치도 제주시 건입동,부상신고사고,0,0,0,1,차대차 - 기타,기타,건조,맑음,단일로 - 기타,자전거,남,76세,부상신고,승합,남,56세,상해없음
2022062600100282,2022년 6월 26일 17시,일요일,제주특별자치도 제주시 이도이동,부상신고사고,0,0,0,1,차대사람 - 기타,안전운전불이행,건조,맑음,교차로 - 교차로안,개인형이동수단(PM),남,13세,상해없음,보행자,남,11세,부상신고
2022062600100283,2022년 6월 26일 17시,일요일,제주특별자치도 제주시 한림읍,중상사고,0,1,0,0,차대사람 - 횡단중,안전운전불이행,건조,맑음,단일로 - 기타,승용,남,29세,상해없음,보행자,남,6세,중상
2022062600100284,2022년 6월 26일 17시,일요일,제주특별자치도 제주시 한림읍,경상사고,0,0,2,0,차대차 - 기타,교차로운행방법위반,건조,맑음,교차로 - 교차로부근,승용,남,40세,기타불명,승용,남,43세,경상
2022062700100015,2022년 6월 27일 01시,월요일,제주특별자치도 제주시 아라일동,중상사고,0,1,0,0,차대사람 - 기타,안전운전불이행,젖음/습기,비,교차로 - 교차로안,승용,남,61세,상해없음,보행자,남,27세,중상
2022062700100016,2022년 6월 27일 01시,월요일,제주특별자치도 제주시 이도이동,경상사고,0,0,1,0,차대사람 - 기타,안전운전불이행,건조,기타,기타 - 기타,승용,남,25세,상해없음,보행자,남,41세,경상
2022062700100048,2022년 6월 27일 06시,월요일,제주특별자치도 제주시 애월읍,경상사고,0,0,2,0,차대차 - 기타,신호위반,건조,맑음,교차로 - 교차로부근,화물,남,36세,상해없음,화물,여,56세,경상
2022062700100110,2022년 6월 27일 08시,월요일,제주특별자치도 제주시 조천읍,경상사고,0,0,2,0,차대차 - 추돌,안전운전불이행,젖음/습기,비,교차로 - 교차로부근,승용,남,21세,상해없음,승용,여,52세,경상
2022062700100111,2022년 6월 27일 08시,월요일,제주특별자치도 제주시 노형동,경상사고,0,0,1,0,차대사람 - 기타,안전운전불이행,건조,맑음,단일로 - 기타,승용,여,42세,상해없음,보행자,남,64세,경상
2022062700100148,2022년 6월 27일 09시,월요일,제주특별자치도 제주시 아라일동,경상사고,0,0,2,0,차대차 - 추돌,안전거리미확보,건조,맑음,교차로 - 교차로부근,승용,남,66세,상해없음,승용,남,31세,경상
2022062700100210,2022년 6월 27일 11시,월요일,제주특별자치도 제주시 구좌읍,경상사고,0,0,2,0,차대차 - 정면충돌,안전운전불이행,건조,맑음,교차로 - 교차로안,화물,남,46세,경상,화물,남,50세,경상
2022062700100239,2022년 6월 27일 12시,월요일,제주특별자치도 제주시 조천읍,경상사고,0,0,1,0,차대차 - 정면충돌,중앙선침범,젖음/습기,비,단일로 - 기타,승용,여,36세,상해없음,승용,남,66세,경상
2022062700100240,2022년 6월 27일 12시,월요일,제주특별자치도 제주시 연동,중상사고,0,1,0,0,차량단독 - 기타,안전운전불이행,건조,맑음,단일로 - 기타,승용,남,57세,기타불명,,,,
2022062700100275,2022년 6월 27일 13시,월요일,제주특별자치도 제주시 아라일동,중상사고,0,1,2,0,차대차 - 추돌,안전운전불이행,건조,맑음,단일로 - 기타,승합,여,52세,상해없음,승용,남,48세,중상
2022062700100397,2022년 6월 27일 17시,월요일,제주특별자치도 서귀포시 안덕면,중상사고,0,2,0,2,차대차 - 기타,신호위반,건조,맑음,교차로 - 교차로안,승용,여,51세,부상신고,승용,여,36세,중상
2022062700100441,2022년 6월 27일 18시,월요일,제주특별자치도 제주시 일도일동,경상사고,0,0,1,0,차량단독 - 공작물충돌,안전운전불이행,건조,맑음,단일로 - 기타,승용,남,65세,상해없음,,,,
2022062700100442,2022년 6월 27일 18시,월요일,제주특별자치도 제주시 연동,경상사고,0,0,1,0,차대사람 - 차도통행중,안전운전불이행,건조,맑음,단일로 - 기타,승용,여,54세,기타불명,보행자,남,53세,경상
2022062700100496,2022년 6월 27일 20시,월요일,제주특별자치도 제주시 용담이동,중상사고,0,1,0,0,차대차 - 추돌,안전운전불이행,건조,맑음,단일로 - 기타,승용,남,28세,상해없음,이륜,남,56세,중상
2022062700100519,2022년 6월 27일 21시,월요일,제주특별자치도 제주시 노형동,중상사고,0,1,0,0,차대사람 - 횡단중,신호위반,건조,맑음,교차로 - 교차로횡단보도내,승용,남,59세,상해없음,보행자,여,64세,중상
2022062800100009,2022년 6월 28일 00시,화요일,제주특별자치도 제주시 노형동,중상사고,0,1,3,0,차대차 - 추돌,안전거리미확보,건조,기타,단일로 - 기타,승용,남,41세,상해없음,승용,남,21세,상해없음
2022062800100023,2022년 6월 28일 02시,화요일,제주특별자치도 서귀포시 남원읍,부상신고사고,0,0,0,1,차량단독 - 공작물충돌,안전운전불이행,건조,맑음,단일로 - 기타,승용,여,50세,부상신고,,,,
2022062800100034,2022년 6월 28일 04시,화요일,제주특별자치도 제주시 도두이동,경상사고,0,0,1,0,차량단독 - 공작물충돌,안전운전불이행,건조,맑음,단일로 - 기타,승용,여,22세,경상,,,,
2022062800100039,2022년 6월 28일 05시,화요일,제주특별자치도 서귀포시 동홍동,경상사고,0,0,2,0,차대차 - 기타,안전운전불이행,건조,맑음,단일로 - 기타,승용,남,39세,상해없음,승용,남,27세,경상
2022062800100091,2022년 6월 28일 08시,화요일,제주특별자치도 제주시 용담일동,경상사고,0,0,3,0,차대차 - 기타,안전운전불이행,건조,맑음,단일로 - 기타,승용,남,30세,상해없음,이륜,남,37세,경상
2022062800100123,2022년 6월 28일 09시,화요일,제주특별자치도 제주시 애월읍,경상사고,0,0,1,0,차대차 - 추돌,안전거리미확보,건조,맑음,단일로 - 기타,승용,여,51세,상해없음,승용,남,56세,경상
2022062800100275,2022년 6월 28일 14시,화요일,제주특별자치도 제주시 조천읍,경상사고,0,0,1,0,차대차 - 기타,안전운전불이행,건조,맑음,교차로 - 교차로안,화물,남,28세,상해없음,사륜오토바이(ATV),여,88세,경상
2022062800100352,2022년 6월 28일 16시,화요일,제주특별자치도 서귀포시 성산읍,경상사고,0,0,4,0,차대차 - 추돌,안전운전불이행,건조,맑음,교차로 - 교차로안,승용,남,57세,상해없음,승용,남,44세,경상
2022062800100353,2022년 6월 28일 16시,화요일,제주특별자치도 제주시 연동,중상사고,0,1,0,0,차대차 - 측면충돌,안전운전불이행,건조,맑음,교차로 - 교차로안,승용,남,44세,상해없음,개인형이동수단(PM),남,41세,중상
2022062800100424,2022년 6월 28일 18시,화요일,제주특별자치도 제주시 봉개동,경상사고,0,0,2,0,차대차 - 측면충돌,직진우회전진행방해,건조,맑음,교차로 - 교차로안,화물,남,42세,경상,승용,남,24세,경상
2022062800100461,2022년 6월 28일 19시,화요일,제주특별자치도 제주시 봉개동,중상사고,0,1,3,0,차량단독 - 공작물충돌,안전운전불이행,건조,맑음,단일로 - 기타,승용,남,22세,경상,,,,
2022062800100572,2022년 6월 28일 23시,화요일,제주특별자치도 제주시 연동,경상사고,0,0,1,0,차대사람 - 차도통행중,보행자보호의무위반,건조,기타,단일로 - 기타,승용,남,38세,상해없음,보행자,남,22세,경상
2022062900100069,2022년 6월 29일 07시,수요일,제주특별자치도 서귀포시 서귀동,경상사고,0,0,1,0,차대차 - 기타,직진우회전진행방해,건조,맑음,교차로 - 교차로안,승용,여,41세,상해없음,화물,남,54세,경상
2022062900100106,2022년 6월 29일 08시,수요일,제주특별자치도 제주시 일도이동,경상사고,0,0,1,0,차대사람 - 기타,안전운전불이행,건조,맑음,교차로 - 교차로안,승용,여,55세,상해없음,보행자,여,57세,경상
2022062900100191,2022년 6월 29일 11시,수요일,제주특별자치도 서귀포시 성산읍,경상사고,0,0,1,0,차대차 - 기타,안전운전불이행,건조,맑음,단일로 - 기타,승용,남,45세,상해없음,이륜,여,63세,경상
2022062900100192,2022년 6월 29일 11시,수요일,제주특별자치도 제주시 연동,중상사고,0,1,0,0,차대사람 - 횡단중,보행자보호의무위반,건조,맑음,교차로 - 교차로횡단보도내,승용,남,56세,상해없음,보행자,여,79세,중상
2022062900100223,2022년 6월 29일 12시,수요일,제주특별자치도 제주시 애월읍,부상신고사고,0,0,0,5,차대차 - 측면충돌,안전운전불이행,건조,맑음,교차로 - 교차로안,승용,여,54세,부상신고,승용,남,52세,부상신고
2022062900100224,2022년 6월 29일 12시,수요일,제주특별자치도 제주시 노형동,경상사고,0,0,2,0,차대차 - 측면충돌,안전거리미확보,건조,맑음,교차로 - 교차로부근,승용,여,30세,경상,승용,여,51세,경상
2022062900100260,2022년 6월 29일 13시,수요일,제주특별자치도 제주시 봉개동,경상사고,0,0,2,0,차대차 - 측면충돌,안전거리미확보,건조,맑음,교차로 - 교차로부근,화물,남,47세,상해없음,승용,남,23세,경상
2022062900100298,2022년 6월 29일 14시,수요일,제주특별자치도 제주시 오라이동,경상사고,0,0,1,0,차대차 - 측면충돌,안전거리미확보,건조,맑음,단일로 - 기타,승용,여,39세,상해없음,승용,남,42세,경상
2022062900100299,2022년 6월 29일 14시,수요일,제주특별자치도 서귀포시 남원읍,경상사고,0,0,2,2,차대차 - 기타,차로위반,건조,맑음,교차로 - 교차로안,승용,남,77세,경상,특수,남,27세,부상신고
2022062900100372,2022년 6월 29일 16시,수요일,제주특별자치도 제주시 이도이동,경상사고,0,0,2,0,차대차 - 추돌,안전운전불이행,건조,맑음,교차로 - 교차로부근,승용,남,67세,상해없음,승용,남,35세,경상
2022062900100412,2022년 6월 29일 17시,수요일,제주특별자치도 제주시 이도이동,경상사고,0,0,2,0,차대사람 - 횡단중,보행자보호의무위반,건조,맑음,교차로 - 교차로횡단보도내,이륜,여,21세,경상,보행자,남,9세,경상
2022062900100450,2022년 6월 29일 18시,수요일,제주특별자치도 제주시 화북일동,경상사고,0,0,1,0,차대사람 - 횡단중,보행자보호의무위반,건조,맑음,단일로 - 기타,승용,남,66세,상해없음,보행자,여,10세,경상
2022062900100451,2022년 6월 29일 18시,수요일,제주특별자치도 제주시 오라이동,경상사고,0,0,1,0,차대차 - 기타,안전운전불이행,건조,맑음,단일로 - 기타,자전거,남,10세,경상,승용,남,29세,상해없음
2022062900100452,2022년 6월 29일 18시,수요일,제주특별자치도 제주시 연동,경상사고,0,0,1,1,차대차 - 측면충돌,교차로운행방법위반,건조,맑음,교차로 - 교차로안,승용,여,52세,경상,승용,여,32세,부상신고
2022062900100518,2022년 6월 29일 20시,수요일,제주특별자치도 제주시 애월읍,경상사고,0,0,1,0,차대사람 - 기타,안전운전불이행,건조,맑음,단일로 - 기타,승용,남,75세,상해없음,보행자,남,38세,경상
2022063000100054,2022년 6월 30일 03시,목요일,제주특별자치도 제주시 삼도이동,경상사고,0,0,1,0,차대차 - 기타,안전운전불이행,건조,기타,교차로 - 교차로부근,승용,남,33세,상해없음,승용,남,31세,경상
2022063000100077,2022년 6월 30일 06시,목요일,제주특별자치도 제주시 구좌읍,경상사고,0,0,1,0,차대차 - 측면충돌,안전운전불이행,건조,맑음,교차로 - 교차로안,화물,여,35세,상해없음,승용,남,33세,경상
2022063000100267,2022년 6월 30일 13시,목요일,제주특별자치도 제주시 건입동,중상사고,0,1,0,0,차량단독 - 공작물충돌,안전운전불이행,건조,맑음,교차로 - 교차로안,승용,여,65세,중상,,,,
2022063000100321,2022년 6월 30일 15시,목요일,제주특별자치도 제주시 조천읍,중상사고,0,1,2,0,차대차 - 측면충돌,중앙선침범,건조,맑음,단일로 - 기타,화물,남,42세,중상,화물,남,24세,상해없음
2022063000100405,2022년 6월 30일 17시,목요일,제주특별자치도 제주시 삼도일동,중상사고,0,1,0,0,차대사람 - 기타,안전운전불이행,건조,맑음,교차로 - 교차로안,승용,남,83세,상해없음,보행자,여,76세,중상
2022070100100009,2022년 7월 1일 00시,금요일,제주특별자치도 서귀포시 서홍동,중상사고,0,1,0,0,차대차 - 추돌,안전운전불이행,건조,맑음,단일로 - 기타,승용,남,49세,상해없음,자전거,남,49세,중상
2022070100100051,2022년 7월 1일 06시,금요일,제주특별자치도 제주시 용담삼동,경상사고,0,0,1,0,차대차 - 기타,교차로운행방법위반,건조,맑음,교차로 - 교차로안,승용,남,71세,상해없음,승용,여,59세,경상
2022070100100074,2022년 7월 1일 07시,금요일,제주특별자치도 서귀포시 남원읍,경상사고,0,0,1,0,차대차 - 정면충돌,중앙선침범,젖음/습기,비,단일로 - 기타,승용,남,49세,상해없음,화물,남,34세,경상
2022070100100159,2022년 7월 1일 09시,금요일,제주특별자치도 서귀포시 색달동,경상사고,0,0,1,0,차대차 - 추돌,안전운전불이행,건조,맑음,단일로 - 기타,승용,여,49세,상해없음,승용,여,45세,상해없음
2022070100100287,2022년 7월 1일 13시,금요일,제주특별자치도 제주시 애월읍,경상사고,0,0,2,0,차대차 - 추돌,안전운전불이행,건조,맑음,단일로 - 기타,승용,여,56세,상해없음,승용,남,50세,경상
2022070100100316,2022년 7월 1일 14시,금요일,제주특별자치도 제주시 봉개동,중상사고,0,1,0,0,차대차 - 측면충돌,안전운전불이행,건조,맑음,단일로 - 기타,승용,남,42세,상해없음,승용,남,67세,중상
2022070100100317,2022년 7월 1일 14시,금요일,제주특별자치도 제주시 한경면,경상사고,0,0,4,0,차대차 - 측면충돌,기타,건조,맑음,단일로 - 기타,승용,남,28세,경상,화물,남,44세,경상
2022070100100361,2022년 7월 1일 15시,금요일,제주특별자치도 서귀포시 법환동,중상사고,0,1,0,0,차대사람 - 횡단중,보행자보호의무위반,건조,맑음,교차로 - 교차로횡단보도내,이륜,남,30세,상해없음,보행자,남,49세,중상
2022070100100414,2022년 7월 1일 16시,금요일,제주특별자치도 서귀포시 서귀동,중상사고,0,1,1,0,차대사람 - 횡단중,보행자보호의무위반,건조,맑음,교차로 - 교차로부근,승용,여,68세,상해없음,보행자,여,53세,중상
2022070100100415,2022년 7월 1일 16시,금요일,제주특별자치도 제주시 한림읍,중상사고,0,1,0,0,차대차 - 측면충돌,직진우회전진행방해,건조,맑음,교차로 - 교차로안,승용,여,22세,상해없음,이륜,여,25세,중상
2022070100100541,2022년 7월 1일 18시,금요일,제주특별자치도 제주시 노형동,경상사고,0,0,1,0,차대사람 - 기타,보행자보호의무위반,건조,맑음,교차로 - 교차로부근,승용,남,40세,상해없음,보행자,남,23세,경상
2022070100100576,2022년 7월 1일 19시,금요일,제주특별자치도 제주시 오라이동,중상사고,0,1,0,0,차량단독 - 기타,안전운전불이행,건조,맑음,교차로 - 교차로안,자전거,남,12세,중상,,,,
2022070100100577,2022년 7월 1일 19시,금요일,제주특별자치도 제주시 오라일동,경상사고,0,0,1,0,차대차 - 측면충돌,교차로운행방법위반,기타,기타,교차로 - 교차로안,승용,남,71세,상해없음,이륜,남,44세,경상
2022070100100704,2022년 7월 1일 23시,금요일,제주특별자치도 제주시 아라이동,중상사고,0,2,0,0,차대차 - 기타,신호위반,건조,맑음,단일로 - 기타,승용,남,40세,상해없음,승용,여,61세,중상
2022070100100705,2022년 7월 1일 23시,금요일,제주특별자치도 서귀포시 남원읍,경상사고,0,0,2,0,차대차 - 추돌,안전운전불이행,건조,맑음,교차로 - 교차로횡단보도내,승용,남,39세,상해없음,승용,남,49세,경상
2022070200100038,2022년 7월 2일 02시,토요일,제주특별자치도 제주시 삼도일동,부상신고사고,0,0,0,1,차대사람 - 기타,안전운전불이행,건조,맑음,단일로 - 기타,승용,남,63세,상해없음,보행자,남,24세,부상신고
2022070200100060,2022년 7월 2일 04시,토요일,제주특별자치도 서귀포시 대정읍,중상사고,0,1,2,0,차량단독 - 공작물충돌,안전운전불이행,건조,맑음,교차로 - 교차로안,승용,남,29세,상해없음,,,,
2022070200100135,2022년 7월 2일 09시,토요일,제주특별자치도 제주시 삼도이동,중상사고,0,1,0,0,차대차 - 측면충돌,안전운전불이행,건조,맑음,단일로 - 기타,화물,남,35세,상해없음,이륜,남,66세,중상
2022070200100136,2022년 7월 2일 09시,토요일,제주특별자치도 서귀포시 서귀동,중상사고,0,1,0,0,차대사람 - 횡단중,안전운전불이행,건조,맑음,단일로 - 기타,화물,남,40세,상해없음,보행자,남,64세,중상
2022070200100321,2022년 7월 2일 14시,토요일,제주특별자치도 제주시 조천읍,부상신고사고,0,0,0,1,차대차 - 측면충돌,직진우회전진행방해,건조,맑음,교차로 - 교차로안,이륜,남,28세,부상신고,승용,여,34세,기타불명
2022070200100322,2022년 7월 2일 14시,토요일,제주특별자치도 제주시 이도이동,경상사고,0,0,1,0,차대차 - 기타,안전거리미확보,건조,맑음,단일로 - 기타,화물,남,49세,상해없음,승용,남,23세,상해없음
2022070200100467,2022년 7월 2일 18시,토요일,제주특별자치도 제주시 한림읍,경상사고,0,0,1,0,차대차 - 기타,중앙선침범,건조,맑음,기타 - 기타,사륜오토바이(ATV),여,87세,경상,승용,남,50세,상해없음
2022070200100500,2022년 7월 2일 19시,토요일,제주특별자치도 제주시 한림읍,경상사고,0,0,3,0,차대차 - 측면충돌,안전운전불이행,건조,맑음,단일로 - 기타,화물,남,31세,상해없음,승용,남,35세,경상
2022070300100041,2022년 7월 3일 03시,일요일,제주특별자치도 제주시 연동,경상사고,0,0,1,0,차대차 - 기타,안전운전불이행,건조,맑음,교차로 - 교차로부근,승용,남,64세,상해없음,승용,남,55세,상해없음
2022070300100134,2022년 7월 3일 10시,일요일,제주특별자치도 제주시 용강동,중상사고,0,1,1,1,차대차 - 추돌,안전운전불이행,기타,맑음,단일로 - 기타,승용,남,42세,부상신고,화물,남,29세,경상