사고번호,사고일시,요일,시군구,사고내용,사망자수,중상자수,경상자수,부상신고자수,사고유형,법규위반,노면상태,기상상태,도로형태,가해운전자 차종,가해운전자 성별,가해운전자 연령,가해운전자 상해정도,피해운전자 차종,피해운전자 성별,피해운전자 연령,피해운전자 상해정도
2022072400100037,2022년 7월 24일 02시,일요일,제주특별자치도 서귀포시 색달동,경상사고,0,0,1,0,차대차 - 추돌,안전운전불이행,젖음/습기,흐림,단일로 - 기타,승용,남,42세,상해없음,승용,남,59세,경상
2022072400100065,2022년 7월 24일 06시,일요일,제주특별자치도 제주시 오라이동,경상사고,0,0,1,0,차량단독 - 공작물충돌,안전운전불이행,건조,맑음,단일로 - 기타,승용,남,67세,경상,,,,
2022072400100083,2022년 7월 24일 09시,일요일,제주특별자치도 제주시 조천읍,중상사고,0,1,0,0,차대차 - 기타,중앙선침범,건조,맑음,단일로 - 기타,승용,남,50세,상해없음,승용,여,23세,중상
2022072400100112,2022년 7월 24일 11시,일요일,제주특별자치도 제주시 한림읍,중상사고,0,1,0,0,차대차 - 측면충돌,안전운전불이행,건조,맑음,단일로 - 기타,화물,남,65세,상해없음,사륜오토바이(ATV),여,81세,중상
2022072400100130,2022년 7월 24일 12시,일요일,제주특별자치도 서귀포시 표선면,중상사고,0,1,0,0,차대차 - 기타,안전운전불이행,건조,맑음,교차로 - 교차로안,자전거,남,74세,중상,화물,남,73세,상해없음
2022072400100159,2022년 7월 24일 13시,일요일,제주특별자치도 제주시 한림읍,경상사고,0,0,2,0,차대차 - 측면충돌,교차로운행방법위반,건조,흐림,교차로 - 교차로안,승용,여,65세,경상,승용,남,40세,경상
2022072400100212,2022년 7월 24일 15시,일요일,제주특별자치도 제주시 도남동,경상사고,0,0,1,0,차대차 - 추돌,안전거리미확보,건조,맑음,단일로 - 기타,화물,남,43세,상해없음,승용,여,48세,경상
2022072400100213,2022년 7월 24일 15시,일요일,제주특별자치도 서귀포시 서귀동,경상사고,0,0,2,0,차대차 - 추돌,안전운전불이행,건조,맑음,단일로 - 기타,승용,남,33세,상해없음,승용,남,48세,경상
2022072400100270,2022년 7월 24일 17시,일요일,제주특별자치도 제주시 노형동,경상사고,0,0,2,1,차대차 - 측면충돌,직진우회전진행방해,건조,맑음,교차로 - 교차로안,승용,여,47세,경상,승용,남,47세,경상
2022072400100294,2022년 7월 24일 18시,일요일,제주특별자치도 서귀포시 남원읍,중상사고,0,1,0,0,차대사람 - 기타,안전운전불이행,건조,맑음,단일로 - 기타,승용,남,42세,상해없음,보행자,여,45세,중상
2022072400100295,2022년 7월 24일 18시,일요일,제주특별자치도 서귀포시 남원읍,경상사고,0,0,1,0,차대차 - 기타,직진우회전진행방해,건조,맑음,교차로 - 교차로안,승용,남,23세,상해없음,승용,여,43세,경상
2022072400100296,2022년 7월 24일 18시,일요일,제주특별자치도 제주시 외도일동,경상사고,0,0,1,0,차대차 - 추돌,안전운전불이행,건조,맑음,단일로 - 기타,화물,남,48세,상해없음,승용,여,35세,경상
2022072400100319,2022년 7월 24일 19시,일요일,제주특별자치도 제주시 일도이동,중상사고,0,1,0,0,차대사람 - 횡단중,보행자보호의무위반,건조,맑음,교차로 - 교차로횡단보도내,승용,여,56세,상해없음,보행자,남,30세,중상
2022072400100320,2022년 7월 24일 19시,일요일,제주특별자치도 제주시 연동,부상신고사고,0,0,0,2,차대차 - 기타,안전운전불이행,건조,맑음,교차로 - 교차로부근,화물,남,66세,상해없음,승용,여,41세,부상신고
2022072400100352,2022년 7월 24일 20시,일요일,제주특별자치도 제주시 조천읍,경상사고,0,0,2,0,차대차 - 측면충돌,안전운전불이행,건조,맑음,단일로 - 기타,승용,남,72세,상해없음,승용,남,50세,경상
2022072500100180,2022년 7월 25일 10시,월요일,제주특별자치도 제주시 화북일동,중상사고,0,1,0,0,차대차 - 측면충돌,안전거리미확보,건조,맑음,단일로 - 기타,승용,남,60세,상해없음,이륜,남,39세,중상
2022072500100221,2022년 7월 25일 11시,월요일,제주특별자치도 서귀포시 상예동,중상사고,0,1,0,0,차대차 - 추돌,안전거리미확보,건조,맑음,단일로 - 기타,자전거,남,24세,상해없음,자전거,남,23세,중상
2022072500100260,2022년 7월 25일 12시,월요일,제주특별자치도 서귀포시 표선면,경상사고,0,0,1,0,차대차 - 기타,직진우회전진행방해,건조,맑음,교차로 - 교차로안,승용,남,39세,상해없음,이륜,여,78세,경상
2022072500100310,2022년 7월 25일 14시,월요일,제주특별자치도 제주시 애월읍,경상사고,0,0,1,0,차대사람 - 보도통행중,안전운전불이행,건조,맑음,단일로 - 기타,승용,남,24세,상해없음,보행자,여,24세,경상
2022072500100396,2022년 7월 25일 16시,월요일,제주특별자치도 서귀포시 서귀동,경상사고,0,0,4,0,차대차 - 기타,안전거리미확보,건조,맑음,단일로 - 기타,승용,여,54세,상해없음,승용,남,44세,경상
2022072500100397,2022년 7월 25일 16시,월요일,제주특별자치도 서귀포시 서호동,중상사고,0,1,2,0,차대차 - 후진중충돌,교차로운행방법위반,건조,맑음,교차로 - 교차로안,승합,남,55세,상해없음,승용,여,45세,중상
2022072500100398,2022년 7월 25일 16시,월요일,제주특별자치도 서귀포시 서귀동,부상신고사고,0,0,0,1,차대차 - 기타,안전운전불이행,건조,맑음,기타 - 기타,승용,여,36세,상해없음,개인형이동수단(PM),남,19세,부상신고
2022072500100437,2022년 7월 25일 17시,월요일,제주특별자치도 제주시 일도이동,경상사고,0,0,2,0,차대차 - 측면충돌,직진우회전진행방해,건조,맑음,교차로 - 교차로안,승용,남,37세,경상,승합,남,26세,경상
2022072500100438,2022년 7월 25일 17시,월요일,제주특별자치도 서귀포시 남원읍,경상사고,0,0,1,0,차대차 - 추돌,안전운전불이행,건조,맑음,단일로 - 기타,화물,남,58세,상해없음,승합,남,44세,경상
2022072500100485,2022년 7월 25일 18시,월요일,제주특별자치도 서귀포시 호근동,경상사고,0,0,2,0,차대차 - 기타,직진우회전진행방해,건조,맑음,교차로 - 교차로안,승용,여,57세,상해없음,승용,여,27세,경상
2022072500100573,2022년 7월 25일 21시,월요일,제주특별자치도 서귀포시 성산읍,중상사고,0,1,0,0,차대사람 - 횡단중,신호위반,건조,맑음,교차로 - 교차로안,승합,남,59세,상해없음,보행자,남,69세,중상
2022072500100574,2022년 7월 25일 21시,월요일,제주특별자치도 제주시 노형동,경상사고,0,0,1,0,차대차 - 측면충돌,신호위반,건조,맑음,단일로 - 기타,승합,남,37세,상해없음,이륜,남,30세,경상
2022072600100010,2022년 7월 26일 00시,화요일,제주특별자치도 제주시 연동,부상신고사고,0,0,0,1,차대차 - 기타,직진우회전진행방해,건조,맑음,교차로 - 교차로안,승용,남,54세,상해없음,이륜,남,23세,부상신고
2022072600100035,2022년 7월 26일 04시,화요일,제주특별자치도 제주시 오라삼동,경상사고,0,0,1,0,차량단독 - 기타,안전운전불이행,기타,기타,단일로 - 기타,승용,남,61세,상해없음,,,,
2022072600100036,2022년 7월 26일 04시,화요일,제주특별자치도 서귀포시 표선면,경상사고,0,0,1,0,차대차 - 추돌,안전운전불이행,건조,맑음,교차로 - 교차로부근,승용,남,15세,상해없음,화물,남,48세,경상
2022072600100101,2022년 7월 26일 08시,화요일,제주특별자치도 제주시 노형동,경상사고,0,0,1,0,차대차 - 측면충돌,교차로운행방법위반,건조,맑음,교차로 - 교차로안,승용,여,65세,상해없음,승합,남,45세,상해없음
2022072600100135,2022년 7월 26일 09시,화요일,제주특별자치도 서귀포시 표선면,경상사고,0,0,1,0,차대차 - 정면충돌,교차로운행방법위반,건조,맑음,교차로 - 교차로안,승용,여,39세,상해없음,이륜,여,82세,경상
2022072600100285,2022년 7월 26일 13시,화요일,제주특별자치도 제주시 한림읍,중상사고,0,1,5,0,차대차 - 측면충돌,직진우회전진행방해,건조,맑음,교차로 - 교차로안,승용,여,27세,중상,승용,남,40세,경상
2022072600100331,2022년 7월 26일 14시,화요일,제주특별자치도 제주시 도남동,경상사고,0,0,1,0,차대차 - 기타,안전운전불이행,건조,맑음,교차로 - 교차로안,승용,남,44세,상해없음,이륜,남,20세,경상
2022072600100332,2022년 7월 26일 14시,화요일,제주특별자치도 서귀포시 동홍동,경상사고,0,0,1,0,차대차 - 추돌,안전운전불이행,건조,맑음,단일로 - 기타,승용,여,38세,상해없음,화물,남,37세,경상
2022072600100417,2022년 7월 26일 16시,화요일,제주특별자치도 제주시 삼양이동,경상사고,0,0,1,0,차대차 - 기타,안전거리미확보,건조,맑음,교차로 - 교차로부근,승용,여,42세,상해없음,승합,남,53세,상해없음
2022072600100418,2022년 7월 26일 16시,화요일,제주특별자치도 서귀포시 안덕면,중상사고,0,1,0,0,차대차 - 측면충돌,안전운전불이행,건조,맑음,교차로 - 교차로안,화물,남,47세,상해없음,사륜오토바이(ATV),여,81세,중상
2022072600100525,2022년 7월 26일 19시,화요일,제주특별자치도 제주시 외도일동,중상사고,0,1,0,0,차대차 - 측면충돌,교차로운행방법위반,건조,맑음,교차로 - 교차로안,개인형이동수단(PM),남,14세,중상,승용,여,22세,상해없음
2022072700100051,2022년 7월 27일 07시,수요일,제주특별자치도 제주시 연동,경상사고,0,0,1,0,차대차 - 기타,불법유턴,건조,맑음,단일로 - 기타,자전거,남,61세,경상,승용,여,69세,상해없음
2022072700100088,2022년 7월 27일 08시,수요일,제주특별자치도 제주시 연동,경상사고,0,0,1,0,차대차 - 측면충돌,안전운전불이행,건조,맑음,교차로 - 교차로부근,승합,남,50세,상해없음,승용,여,60세,경상
2022072700100163,2022년 7월 27일 10시,수요일,제주특별자치도 제주시 애월읍,경상사고,0,0,2,0,차대차 - 측면충돌,안전운전불이행,건조,맑음,단일로 - 기타,농기계,남,59세,상해없음,승용,여,52세,경상
2022072700100279,2022년 7월 27일 14시,수요일,제주특별자치도 제주시 용강동,중상사고,0,1,0,0,차량단독 - 도로외이탈 - 추락,안전운전불이행,건조,맑음,단일로 - 기타,이륜,남,31세,중상,,,,
2022072700100359,2022년 7월 27일 16시,수요일,제주특별자치도 제주시 이도이동,중상사고,0,1,0,0,차대사람 - 횡단중,보행자보호의무위반,건조,맑음,교차로 - 교차로부근,승용,남,48세,상해없음,보행자,남,13세,중상
2022072700100360,2022년 7월 27일 16시,수요일,제주특별자치도 제주시 아라이동,경상사고,0,0,1,0,차대사람 - 기타,안전운전불이행,건조,맑음,기타 - 기타,자전거,여,13세,상해없음,보행자,여,28세,경상
2022072700100361,2022년 7월 27일 16시,수요일,제주특별자치도 서귀포시 남원읍,경상사고,0,0,2,0,차대차 - 기타,안전거리미확보,건조,흐림,단일로 - 기타,화물,남,67세,상해없음,화물,남,69세,경상
2022072700100448,2022년 7월 27일 18시,수요일,제주특별자치도 서귀포시 안덕면,부상신고사고,0,0,0,5,차대차 - 기타,안전운전불이행,건조,맑음,단일로 - 기타,승합,남,50세,상해없음,승용,여,44세,부상신고
2022072700100449,2022년 7월 27일 18시,수요일,제주특별자치도 제주시 한림읍,경상사고,0,0,1,0,차대차 - 기타,안전거리미확보,건조,맑음,교차로 - 교차로안,이륜,남,31세,경상,승용,남,45세,상해없음
2022072700100483,2022년 7월 27일 19시,수요일,제주특별자치도 제주시 아라이동,중상사고,0,1,0,0,차대사람 - 횡단중,보행자보호의무위반,건조,맑음,교차로 - 교차로횡단보도내,승용,여,54세,상해없음,보행자,여,56세,중상
2022072700100546,2022년 7월 27일 22시,수요일,제주특별자치도 제주시 외도이동,경상사고,0,0,1,0,차대차 - 측면충돌,안전운전불이행,건조,맑음,단일로 - 교량,승용,남,59세,상해없음,승용,여,34세,경상
2022072700100547,2022년 7월 27일 22시,수요일,제주특별자치도 제주시 노형동,중상사고,0,1,2,0,차대차 - 측면충돌,신호위반,건조,맑음,교차로 - 교차로안,승용,여,31세,경상,이륜,남,41세,중상
2022072800100021,2022년 7월 28일 01시,목요일,제주특별자치도 제주시 구좌읍,부상신고사고,0,0,0,1,차량단독 - 공작물충돌,안전운전불이행,건조,맑음,단일로 - 기타,승용,남,34세,부상신고,,,,
2022072800100077,2022년 7월 28일 07시,목요일,제주특별자치도 제주시 도련일동,중상사고,0,1,0,0,차대사람 - 횡단중,보행자보호의무위반,건조,맑음,교차로 - 교차로횡단보도내,승용,여,37세,상해없음,보행자,여,61세,중상
2022072800100145,2022년 7월 28일 09시,목요일,제주특별자치도 서귀포시 서귀동,경상사고,0,0,1,0,차대차 - 측면충돌,직진우회전진행방해,건조,맑음,교차로 - 교차로안,승용,남,84세,상해없음,승용,남,59세,상해없음
2022072800100166,2022년 7월 28일 10시,목요일,제주특별자치도 서귀포시 도순동,부상신고사고,0,0,0,1,차대사람 - 기타,안전운전불이행,건조,맑음,단일로 - 기타,승용,남,36세,상해없음,보행자,여,74세,부상신고
2022072800100202,2022년 7월 28일 11시,목요일,제주특별자치도 제주시 노형동,경상사고,0,0,1,0,차대차 - 추돌,안전운전불이행,건조,맑음,단일로 - 기타,승용,남,71세,상해없음,승용,여,26세,경상
2022072800100310,2022년 7월 28일 14시,목요일,제주특별자치도 제주시 애월읍,중상사고,0,1,0,0,차대차 - 측면충돌,신호위반,건조,맑음,교차로 - 교차로안,사륜오토바이(ATV),남,87세,중상,승용,여,39세,상해없음
2022072800100397,2022년 7월 28일 16시,목요일,제주특별자치도 제주시 삼도일동,경상사고,0,0,1,0,차대사람 - 기타,안전운전불이행,건조,맑음,교차로 - 교차로부근,승용,남,53세,상해없음,보행자,여,56세,경상
2022072800100435,2022년 7월 28일 17시,목요일,제주특별자치도 제주시 구좌읍,경상사고,0,0,5,0,차대차 - 후진중충돌,안전운전불이행,건조,맑음,단일로 - 기타,승용,남,24세,상해없음,승용,남,40세,경상
2022072800100436,2022년 7월 28일 17시,목요일,제주특별자치도 제주시 삼도일동,경상사고,0,0,1,0,차대차 - 추돌,안전운전불이행,건조,맑음,단일로 - 기타,승용,여,56세,기타불명,승용,여,39세,경상
2022072800100437,2022년 7월 28일 17시,목요일,제주특별자치도 서귀포시 남원읍,중상사고,0,1,2,1,차대차 - 기타,직진우회전진행방해,건조,맑음,교차로 - 교차로안,화물,남,74세,부상신고,화물,남,52세,경상
2022072900100038,2022년 7월 29일 03시,금요일,제주특별자치도 서귀포시 보목동,부상신고사고,0,0,0,3,차량단독 - 공작물충돌,안전운전불이행,건조,맑음,단일로 - 기타,승용,남,19세,부상신고,,,,
2022072900100063,2022년 7월 29일 06시,금요일,제주특별자치도 제주시 용담이동,경상사고,0,0,3,0,차대차 - 기타,안전운전불이행,건조,맑음,단일로 - 기타,승용,남,78세,상해없음,승용,남,47세,경상
2022072900100114,2022년 7월 29일 08시,금요일,제주특별자치도 제주시 조천읍,중상사고,0,1,0,0,차대차 - 정면충돌,교차로운행방법위반,건조,맑음,교차로 - 교차로안,승용,남,41세,상해없음,승용,여,34세,중상
2022072900100206,2022년 7월 29일 11시,금요일,제주특별자치도 서귀포시 서귀동,경상사고,0,0,2,0,차대차 - 기타,안전운전불이행,건조,맑음,단일로 - 기타,승용,남,72세,상해없음,승용,여,52세,경상
2022072900100207,2022년 7월 29일 11시,금요일,제주특별자치도 제주시 연동,부상신고사고,0,0,0,3,차대차 - 기타,안전운전불이행,건조,맑음,단일로 - 기타,승용,여,28세,상해없음,승용,여,51세,부상신고
2022072900100208,2022년 7월 29일 11시,금요일,제주특별자치도 제주시 애월읍,경상사고,0,0,1,0,차대차 - 기타,안전운전불이행,건조,맑음,단일로 - 기타,화물,남,57세,상해없음,승용,남,32세,경상
2022072900100294,2022년 7월 29일 13시,금요일,제주특별자치도 제주시 애월읍,경상사고,0,0,1,0,차량단독 - 공작물충돌,안전운전불이행,건조,맑음,단일로 - 기타,이륜,남,44세,경상,,,,
2022072900100400,2022년 7월 29일 16시,금요일,제주특별자치도 제주시 용담이동,경상사고,0,0,4,0,차대차 - 측면충돌,직진우회전진행방해,건조,맑음,교차로 - 교차로부근,승용,남,54세,경상,이륜,남,30세,경상
2022072900100440,2022년 7월 29일 17시,금요일,제주특별자치도 제주시 애월읍,중상사고,0,1,0,0,차대차 - 추돌,안전거리미확보,건조,맑음,단일로 - 기타,승용,남,31세,상해없음,승용,남,59세,중상
2022072900100494,2022년 7월 29일 18시,금요일,제주특별자치도 제주시 삼도이동,경상사고,0,0,4,0,차대차 - 추돌,안전운전불이행,건조,맑음,단일로 - 기타,승용,남,43세,상해없음,승용,남,50세,상해없음
2022073000100137,2022년 7월 30일 09시,토요일,제주특별자치도 서귀포시 대정읍,경상사고,0,0,1,0,차대차 - 기타,기타,젖음/습기,비,교차로 - 교차로안,승용,남,32세,상해없음,화물,남,46세,경상
2022073000100218,2022년 7월 30일 12시,토요일,제주특별자치도 제주시 조천읍,경상사고,0,0,4,0,차대차 - 추돌,안전거리미확보,젖음/습기,비,단일로 - 기타,승용,여,34세,기타불명,승용,남,41세,경상
2022073000100219,2022년 7월 30일 12시,토요일,제주특별자치도 제주시 노형동,경상사고,0,0,1,0,차대차 - 기타,교차로운행방법위반,건조,맑음,교차로 - 교차로안,이륜,남,54세,경상,승용,여,27세,상해없음
2022073000100269,2022년 7월 30일 13시,토요일,제주특별자치도 서귀포시 법환동,경상사고,0,0,1,0,차대차 - 기타,안전운전불이행,건조,맑음,단일로 - 기타,승용,여,34세,상해없음,승용,남,29세,경상
2022073000100295,2022년 7월 30일 14시,토요일,제주특별자치도 제주시 노형동,경상사고,0,0,1,1,차대차 - 측면충돌,직진우회전진행방해,건조,맑음,교차로 - 교차로안,승용,남,32세,부상신고,승용,여,49세,경상
2022073000100402,2022년 7월 30일 17시,토요일,제주특별자치도 제주시 조천읍,경상사고,0,0,3,0,차대차 - 측면충돌,교차로운행방법위반,건조,맑음,교차로 - 교차로안,승용,남,64세,상해없음,승용,남,48세,경상
2022073000100493,2022년 7월 30일 20시,토요일,제주특별자치도 서귀포시 하원동,중상사고,0,1,1,0,차량단독 - 공작물충돌,안전운전불이행,건조,맑음,단일로 - 기타,승용,여,81세,중상,,,,
2022073000100560,2022년 7월 30일 23시,토요일,제주특별자치도 서귀포시 동홍동,경상사고,0,0,1,0,차대차 - 정면충돌,안전운전불이행,건조,맑음,교차로 - 교차로안,승용,남,58세,상해없음,이륜,남,21세,경상
2022073100100096,2022년 7월 31일 10시,일요일,제주특별자치도 제주시 한림읍,중상사고,0,1,3,0,차대차 - 기타,중앙선침범,건조,맑음,교차로 - 교차로부근,승용,여,25세,상해없음,승용,남,38세,경상
2022073100100155,2022년 7월 31일 12시,일요일,제주특별자치도 제주시 구좌읍,중상사고,0,1,3,0,차대차 - 정면충돌,중앙선침범,젖음/습기,비,단일로 - 기타,승용,여,53세,상해없음,승용,남,39세,경상
2022073100100156,2022년 7월 31일 12시,일요일,제주특별자치도 제주시 외도일동,중상사고,0,1,0,0,차대차 - 측면충돌,교차로운행방법위반,젖음/습기,비,교차로 - 교차로안,이륜,남,20세,중상,승용,남,59세,상해없음
2022073100100157,2022년 7월 31일 12시,일요일,제주특별자치도 제주시 외도일동,중상사고,0,1,0,0,차대차 - 기타,직진우회전진행방해,젖음/습기,흐림,교차로 - 교차로안,승용,남,36세,상해없음,이륜,남,36세,상해없음
2022073100100182,2022년 7월 31일 13시,일요일,제주특별자치도 제주시 이도이동,경상사고,0,0,1,0,차대차 - 추돌,안전운전불이행,건조,맑음,교차로 - 교차로부근,승용,여,44세,상해없음,승용,남,59세,경상
2022073100100219,2022년 7월 31일 14시,일요일,제주특별자치도 서귀포시 중문동,경상사고,0,0,1,0,차대차 - 측면충돌,중앙선침범,젖음/습기,맑음,단일로 - 기타,승용,여,51세,상해없음,승용,남,42세,경상
2022073100100336,2022년 7월 31일 18시,일요일,제주특별자치도 제주시 노형동,경상사고,0,0,1,0,차대차 - 기타,안전운전불이행,젖음/습기,비,단일로 - 기타,화물,여,42세,상해없음,승용,남,58세,상해없음
2022073100100367,2022년 7월 31일 19시,일요일,제주특별자치도 서귀포시 색달동,경상사고,0,0,2,0,차량단독 - 공작물충돌,안전운전불이행,젖음/습기,비,단일로 - 고가도로위,승용,남,31세,경상,,,,
2022073100100389,2022년 7월 31일 20시,일요일,제주특별자치도 제주시 이도이동,경상사고,0,0,3,0,차대차 - 기타,교차로운행방법위반,젖음/습기,비,교차로 - 교차로안,승용,여,46세,상해없음,승용,남,40세,경상
2022073100100390,2022년 7월 31일 20시,일요일,제주특별자치도 제주시 한림읍,경상사고,0,0,3,2,차대차 - 측면충돌,안전운전불이행,젖음/습기,비,교차로 - 교차로부근,승용,남,22세,부상신고,승용,여,31세,경상
2022073100100460,2022년 7월 31일 23시,일요일,제주특별자치도 서귀포시 성산읍,경상사고,0,0,1,0,차대사람 - 보도통행중,안전운전불이행,건조,맑음,기타 - 기타,승용,남,63세,기타불명,보행자,남,60세,경상
2022080100100016,2022년 8월 1일 01시,월요일,제주특별자치도 서귀포시 남원읍,부상신고사고,0,0,0,1,차량단독 - 기타,안전운전불이행,젖음/습기,비,교차로 - 교차로안,승용,남,27세,부상신고,,,,
2022080100100048,2022년 8월 1일 06시,월요일,제주특별자치도 서귀포시 안덕면,경상사고,0,0,1,0,차대차 - 측면충돌,안전운전불이행,젖음/습기,비,교차로 - 교차로안,화물,남,39세,상해없음,승용,남,35세,경상
2022080100100093,2022년 8월 1일 08시,월요일,제주특별자치도 제주시 연동,경상사고,0,0,2,0,차대차 - 측면충돌,직진우회전진행방해,젖음/습기,비,교차로 - 교차로안,승용,여,55세,기타불명,승용,여,58세,경상
2022080100100115,2022년 8월 1일 09시,월요일,제주특별자치도 제주시 연동,경상사고,0,0,4,0,차대차 - 추돌,기타,건조,맑음,단일로 - 기타,승용,남,27세,상해없음,승용,남,40세,경상
2022080100100164,2022년 8월 1일 11시,월요일,제주특별자치도 제주시 일도이동,경상사고,0,0,1,0,차대차 - 기타,교차로운행방법위반,젖음/습기,흐림,교차로 - 교차로안,승용,여,49세,상해없음,이륜,남,36세,경상
2022080100100165,2022년 8월 1일 11시,월요일,제주특별자치도 제주시 화북일동,경상사고,0,0,2,0,차대차 - 측면충돌,교차로운행방법위반,젖음/습기,맑음,교차로 - 교차로안,이륜,남,34세,경상,승용,여,57세,경상
2022080100100166,2022년 8월 1일 11시,월요일,제주특별자치도 제주시 한경면,중상사고,0,1,0,0,차대차 - 기타,직진우회전진행방해,젖음/습기,비,교차로 - 교차로안,승용,여,30세,상해없음,이륜,남,52세,중상
2022080100100200,2022년 8월 1일 12시,월요일,제주특별자치도 서귀포시 남원읍,경상사고,0,0,2,0,차대차 - 기타,안전운전불이행,건조,맑음,단일로 - 기타,화물,남,33세,상해없음,승합,남,55세,경상
2022080100100201,2022년 8월 1일 12시,월요일,제주특별자치도 서귀포시 안덕면,경상사고,0,0,5,0,차대차 - 기타,안전운전불이행,건조,맑음,교차로 - 교차로부근,승용,남,29세,상해없음,승용,남,27세,경상
2022080100100317,2022년 8월 1일 16시,월요일,제주특별자치도 제주시 이도이동,경상사고,0,0,1,1,차대차 - 기타,안전운전불이행,건조,맑음,단일로 - 기타,승용,남,38세,경상,승용,여,34세,부상신고
2022080100100318,2022년 8월 1일 16시,월요일,제주특별자치도 서귀포시 대정읍,경상사고,0,0,1,0,차대차 - 기타,안전운전불이행,건조,맑음,단일로 - 기타,승용,여,39세,상해없음,승용,여,61세,경상
2022080100100319,2022년 8월 1일 16시,월요일,제주특별자치도 제주시 한림읍,경상사고,0,0,1,0,차대차 - 기타,중앙선침범,건조,맑음,단일로 - 기타,승용,남,71세,기타불명,화물,여,35세,경상
2022080100100359,2022년 8월 1일 17시,월요일,제주특별자치도 제주시 화북일동,경상사고,0,0,1,0,차대사람 - 횡단중,보행자보호의무위반,기타,기타,교차로 - 교차로횡단보도내,승용,남,55세,상해없음,보행자,여,45세,경상
2022080100100360,2022년 8월 1일 17시,월요일,제주특별자치도 제주시 애월읍,부상신고사고,0,0,0,2,차량단독 - 공작물충돌,안전운전불이행,건조,맑음,단일로 - 기타,승용,남,39세,부상신고,,,,
2022080100100403,2022년 8월 1일 18시,월요일,제주특별자치도 서귀포시 서홍동,경상사고,0,0,1,0,차대차 - 측면충돌,신호위반,건조,맑음,교차로 - 교차로안,승용,남,51세,상해없음,승용,여,57세,경상
2022080100100479,2022년 8월 1일 21시,월요일,제주특별자치도 제주시 조천읍,중상사고,0,1,0,0,차대사람 - 차도통행중,안전운전불이행,건조,맑음,단일로 - 기타,화물,여,61세,상해없음,보행자,남,30세,중상
2022080100100501,2022년 8월 1일 22시,월요일,제주특별자치도 제주시 도남동,경상사고,0,0,1,0,차대차 - 추돌,안전운전불이행,건조,맑음,교차로 - 교차로부근,승용,여,37세,상해없음,승용,남,44세,경상
2022080100100517,2022년 8월 1일 23시,월요일,제주특별자치도 제주시 도남동,중상사고,0,1,0,0,차대사람 - 횡단중,신호위반,건조,맑음,교차로 - 교차로부근,승용,남,47세,상해없음,보행자,남,53세,중상
2022080200100100,2022년 8월 2일 08시,화요일,제주특별자치도 제주시 아라일동,경상사고,0,0,3,2,차대차 - 추돌,안전운전불이행,건조,맑음,교차로 - 교차로부근,승용,남,78세,상해없음,승용,남,62세,경상
2022080200100101,2022년 8월 2일 08시,화요일,제주특별자치도 제주시 애월읍,경상사고,0,0,1,0,차대차 - 기타,안전거리미확보,젖음/습기,흐림,단일로 - 기타,화물,남,40세,기타불명,승용,남,37세,경상
2022080200100251,2022년 8월 2일 13시,화요일,제주특별자치도 서귀포시 서호동,중상사고,0,1,0,0,차대사람 - 횡단중,보행자보호의무위반,건조,맑음,교차로 - 교차로부근,승용,남,63세,상해없음,보행자,남,69세,중상
2022080200100252,2022년 8월 2일 13시,화요일,제주특별자치도 제주시 노형동,경상사고,0,0,1,0,차대차 - 측면충돌,교차로운행방법위반,건조,맑음,교차로 - 교차로안,승용,남,67세,상해없음,이륜,남,41세,경상
2022080200100289,2022년 8월 2일 14시,화요일,제주특별자치도 제주시 삼도이동,경상사고,0,0,1,0,차대차 - 기타,교차로운행방법위반,건조,맑음,교차로 - 교차로안,승용,남,44세,상해없음,승용,남,65세,경상
2022080200100290,2022년 8월 2일 14시,화요일,제주특별자치도 서귀포시 색달동,중상사고,0,2,0,1,차대차 - 기타,직진우회전진행방해,건조,맑음,교차로 - 교차로안,승용,남,50세,상해없음,승용,여,25세,중상
2022080200100291,2022년 8월 2일 14시,화요일,제주특별자치도 서귀포시 대정읍,중상사고,0,1,2,0,차대차 - 정면충돌,안전운전불이행,건조,맑음,교차로 - 교차로안,화물,남,59세,중상,승용,남,32세,경상
2022080200100394,2022년 8월 2일 17시,화요일,제주특별자치도 서귀포시 서귀동,경상사고,0,0,1,1,차대차 - 기타,교차로운행방법위반,건조,맑음,교차로 - 교차로안,승용,여,52세,상해없음,이륜,남,16세,상해없음
2022080200100395,2022년 8월 2일 17시,화요일,제주특별자치도 제주시 애월읍,경상사고,0,0,3,0,차대차 - 기타,안전운전불이행,건조,맑음,단일로 - 기타,승용,여,40세,경상,승용,남,36세,경상
2022080200100429,2022년 8월 2일 18시,화요일,제주특별자치도 제주시 용담이동,경상사고,0,0,2,0,차대차 - 기타,안전운전불이행,건조,맑음,단일로 - 기타,승용,남,72세,상해없음,승용,여,21세,경상
2022080200100460,2022년 8월 2일 19시,화요일,제주특별자치도 제주시 이도일동,경상사고,0,0,1,0,차대차 - 측면충돌,안전운전불이행,건조,맑음,교차로 - 교차로안,이륜,남,50세,경상,승용,남,40세,상해없음