사고번호,사고일시,요일,시군구,사고내용,사망자수,중상자수,경상자수,부상신고자수,사고유형,법규위반,노면상태,기상상태,도로형태,가해운전자 차종,가해운전자 성별,가해운전자 연령,가해운전자 상해정도,피해운전자 차종,피해운전자 성별,피해운전자 연령,피해운전자 상해정도
2022090200100453,2022년 9월 2일 16시,금요일,제주특별자치도 서귀포시 강정동,부상신고사고,0,0,0,3,차대차 - 측면충돌,신호위반,젖음/습기,비,교차로 - 교차로안,승용,여,39세,부상신고,승용,남,53세,부상신고
2022090200100454,2022년 9월 2일 16시,금요일,제주특별자치도 제주시 외도일동,경상사고,0,0,1,0,차대사람 - 기타,안전운전불이행,젖음/습기,비,단일로 - 기타,승용,여,58세,상해없음,보행자,남,37세,경상
2022090200100507,2022년 9월 2일 17시,금요일,제주특별자치도 제주시 삼도일동,경상사고,0,0,1,0,차대사람 - 기타,보행자보호의무위반,건조,맑음,교차로 - 교차로안,화물,남,53세,상해없음,보행자,남,7세,경상
2022090200100565,2022년 9월 2일 18시,금요일,제주특별자치도 제주시 연동,부상신고사고,0,0,0,3,차대차 - 측면충돌,직진우회전진행방해,젖음/습기,비,교차로 - 교차로안,승용,여,40세,부상신고,승용,여,27세,부상신고
2022090200100726,2022년 9월 2일 23시,금요일,제주특별자치도 서귀포시 강정동,경상사고,0,0,1,0,차대차 - 기타,안전운전불이행,건조,맑음,단일로 - 기타,승용,여,23세,상해없음,승합,남,49세,상해없음
2022090300100028,2022년 9월 3일 01시,토요일,제주특별자치도 서귀포시 서호동,경상사고,0,0,2,0,차대차 - 측면충돌,신호위반,건조,맑음,교차로 - 교차로안,승용,남,66세,상해없음,승용,남,43세,경상
2022090300100078,2022년 9월 3일 05시,토요일,제주특별자치도 서귀포시 토평동,경상사고,0,0,1,0,차대차 - 기타,신호위반,건조,기타,교차로 - 교차로안,승용,남,56세,상해없음,승용,여,45세,경상
2022090300100091,2022년 9월 3일 06시,토요일,제주특별자치도 서귀포시 하효동,경상사고,0,0,1,0,차대사람 - 횡단중,안전운전불이행,젖음/습기,비,단일로 - 기타,화물,남,38세,상해없음,보행자,남,12세,경상
2022090300100099,2022년 9월 3일 07시,토요일,제주특별자치도 서귀포시 중문동,경상사고,0,0,1,0,차대차 - 기타,직진우회전진행방해,건조,맑음,교차로 - 교차로안,이륜,여,71세,경상,화물,남,48세,상해없음
2022090300100150,2022년 9월 3일 09시,토요일,제주특별자치도 서귀포시 색달동,경상사고,0,0,2,0,차대차 - 추돌,안전운전불이행,건조,맑음,단일로 - 기타,승용,여,45세,상해없음,승용,남,48세,경상
2022090300100271,2022년 9월 3일 12시,토요일,제주특별자치도 제주시 용담이동,부상신고사고,0,0,0,2,차대차 - 기타,안전운전불이행,젖음/습기,비,단일로 - 기타,이륜,남,43세,부상신고,이륜,남,42세,부상신고
2022090300100313,2022년 9월 3일 13시,토요일,제주특별자치도 제주시 이도이동,경상사고,0,0,1,0,차대차 - 기타,안전운전불이행,건조,맑음,단일로 - 기타,승용,여,44세,상해없음,승용,여,22세,경상
2022090300100353,2022년 9월 3일 14시,토요일,제주특별자치도 제주시 일도이동,중상사고,0,1,0,0,차대사람 - 횡단중,보행자보호의무위반,건조,맑음,교차로 - 교차로안,승용,남,22세,상해없음,보행자,여,51세,중상
2022090300100389,2022년 9월 3일 15시,토요일,제주특별자치도 서귀포시 호근동,경상사고,0,0,3,0,차대차 - 추돌,안전운전불이행,건조,맑음,단일로 - 기타,승용,남,30세,상해없음,화물,남,53세,경상
2022090300100500,2022년 9월 3일 18시,토요일,제주특별자치도 서귀포시 대정읍,경상사고,0,0,1,0,차대차 - 추돌,안전운전불이행,젖음/습기,비,교차로 - 교차로안,승용,남,64세,상해없음,승합,남,46세,경상
2022090300100530,2022년 9월 3일 19시,토요일,제주특별자치도 서귀포시 중문동,중상사고,0,1,0,0,차대차 - 측면충돌,안전운전불이행,젖음/습기,비,교차로 - 교차로안,승용,남,39세,상해없음,이륜,남,28세,중상
2022090300100574,2022년 9월 3일 21시,토요일,제주특별자치도 제주시 삼도일동,중상사고,0,1,0,0,차대사람 - 횡단중,안전운전불이행,건조,맑음,단일로 - 기타,승용,여,25세,상해없음,보행자,여,70세,중상
2022090400100029,2022년 9월 4일 02시,일요일,제주특별자치도 제주시 연동,경상사고,0,0,1,0,차대사람 - 길가장자리구역통행중,안전운전불이행,건조,흐림,단일로 - 기타,승용,남,39세,상해없음,보행자,남,26세,경상
2022090400100067,2022년 9월 4일 07시,일요일,제주특별자치도 제주시 화북일동,사망사고,1,0,0,0,차대사람 - 기타,보행자보호의무위반,건조,맑음,교차로 - 교차로안,승용,여,61세,상해없음,보행자,여,77세,사망
2022090400100110,2022년 9월 4일 10시,일요일,제주특별자치도 제주시 한경면,경상사고,0,0,2,0,차대차 - 측면충돌,직진우회전진행방해,젖음/습기,흐림,교차로 - 교차로안,농기계,남,76세,경상,화물,남,38세,경상
2022090400100201,2022년 9월 4일 13시,일요일,제주특별자치도 제주시 구좌읍,경상사고,0,0,1,0,차량단독 - 전도전복 - 전복,안전운전불이행,건조,맑음,기타 - 기타,승용,남,52세,경상,,,,
2022090400100267,2022년 9월 4일 15시,일요일,제주특별자치도 서귀포시 대포동,중상사고,0,1,0,0,차대사람 - 차도통행중,안전운전불이행,건조,맑음,단일로 - 기타,화물,여,65세,상해없음,보행자,여,72세,중상
2022090500100270,2022년 9월 5일 13시,월요일,제주특별자치도 서귀포시 법환동,경상사고,0,0,1,0,차대차 - 기타,직진우회전진행방해,젖음/습기,비,교차로 - 교차로안,승용,여,56세,상해없음,화물,남,67세,상해없음
2022090500100300,2022년 9월 5일 14시,월요일,제주특별자치도 제주시 노형동,경상사고,0,0,1,0,차대차 - 측면충돌,안전운전불이행,젖음/습기,비,단일로 - 기타,승용,남,43세,상해없음,승용,여,44세,경상
2022090500100320,2022년 9월 5일 15시,월요일,제주특별자치도 서귀포시 대정읍,경상사고,0,0,1,0,차대차 - 기타,안전운전불이행,젖음/습기,맑음,단일로 - 기타,승용,남,62세,상해없음,승용,남,40세,경상
2022090500100561,2022년 9월 5일 20시,월요일,제주특별자치도 서귀포시 하원동,경상사고,0,0,1,0,차량단독 - 공작물충돌,안전운전불이행,젖음/습기,비,단일로 - 기타,승용,남,40세,경상,,,,
2022090500100604,2022년 9월 5일 21시,월요일,제주특별자치도 제주시 애월읍,부상신고사고,0,0,0,2,차대사람 - 횡단중,안전운전불이행,젖음/습기,비,단일로 - 기타,승용,남,26세,상해없음,보행자,여,55세,부상신고
2022090600100056,2022년 9월 6일 06시,화요일,제주특별자치도 서귀포시 성산읍,경상사고,0,0,1,0,차대차 - 기타,안전거리미확보,젖음/습기,흐림,교차로 - 교차로부근,화물,남,69세,상해없음,승용,여,26세,경상
2022090600100195,2022년 9월 6일 12시,화요일,제주특별자치도 제주시 연동,경상사고,0,0,1,0,차대차 - 추돌,안전운전불이행,건조,맑음,교차로 - 교차로부근,승용,여,61세,상해없음,승용,남,24세,경상
2022090600100266,2022년 9월 6일 14시,화요일,제주특별자치도 제주시 연동,경상사고,0,0,1,3,차대차 - 정면충돌,직진우회전진행방해,건조,맑음,교차로 - 교차로안,승용,남,67세,부상신고,승용,남,25세,경상
2022090600100456,2022년 9월 6일 18시,화요일,제주특별자치도 제주시 이도일동,부상신고사고,0,0,0,1,차대사람 - 기타,안전운전불이행,건조,맑음,단일로 - 기타,화물,남,40세,상해없음,보행자,남,3세,부상신고
2022090600100457,2022년 9월 6일 18시,화요일,제주특별자치도 서귀포시 성산읍,경상사고,0,0,2,0,차대차 - 기타,기타,건조,맑음,교차로 - 교차로안,특수,남,22세,상해없음,승용,남,39세,경상
2022090600100545,2022년 9월 6일 21시,화요일,제주특별자치도 제주시 이도일동,경상사고,0,0,5,0,차대차 - 정면충돌,신호위반,젖음/습기,흐림,교차로 - 교차로안,승용,여,52세,경상,화물,남,70세,경상
2022090600100546,2022년 9월 6일 21시,화요일,제주특별자치도 제주시 연동,경상사고,0,0,1,0,차대사람 - 횡단중,보행자보호의무위반,건조,맑음,교차로 - 교차로횡단보도내,승용,여,40세,상해없음,보행자,여,23세,경상
2022090600100575,2022년 9월 6일 22시,화요일,제주특별자치도 서귀포시 대정읍,부상신고사고,0,0,0,1,차대차 - 기타,안전운전불이행,건조,맑음,단일로 - 기타,승용,남,25세,부상신고,화물,남,51세,기타불명
2022090700100037,2022년 9월 7일 03시,수요일,제주특별자치도 제주시 이도이동,중상사고,0,3,0,0,차대사람 - 횡단중,신호위반,건조,맑음,단일로 - 기타,승용,남,42세,상해없음,보행자,여,31세,중상
2022090700100142,2022년 9월 7일 08시,수요일,제주특별자치도 제주시 삼도일동,경상사고,0,0,4,0,차대차 - 기타,안전거리미확보,건조,맑음,단일로 - 기타,승용,여,51세,상해없음,승합,남,56세,상해없음
2022090700100196,2022년 9월 7일 09시,수요일,제주특별자치도 서귀포시 동홍동,중상사고,0,1,0,0,차대차 - 기타,직진우회전진행방해,건조,맑음,교차로 - 교차로안,승용,여,36세,상해없음,자전거,남,62세,중상
2022090700100197,2022년 9월 7일 09시,수요일,제주특별자치도 서귀포시 서귀동,경상사고,0,0,1,0,차대차 - 측면충돌,안전운전불이행,건조,맑음,교차로 - 교차로안,화물,남,66세,상해없음,승용,여,71세,경상
2022090700100243,2022년 9월 7일 10시,수요일,제주특별자치도 제주시 연동,경상사고,0,0,1,0,차대차 - 측면충돌,안전운전불이행,건조,맑음,단일로 - 기타,승용,남,55세,상해없음,이륜,남,29세,경상
2022090700100278,2022년 9월 7일 11시,수요일,제주특별자치도 제주시 외도일동,중상사고,0,1,0,0,차대차 - 측면충돌,안전운전불이행,건조,맑음,기타 - 기타,승용,남,53세,상해없음,승용,남,32세,중상
2022090700100312,2022년 9월 7일 12시,수요일,제주특별자치도 제주시 삼도이동,중상사고,0,1,0,0,차대차 - 기타,안전운전불이행,건조,맑음,단일로 - 기타,승용,남,18세,상해없음,승합,남,53세,상해없음
2022090700100380,2022년 9월 7일 14시,수요일,제주특별자치도 제주시 애월읍,경상사고,0,0,1,0,차대차 - 추돌,안전거리미확보,건조,맑음,단일로 - 기타,화물,남,44세,상해없음,화물,남,40세,상해없음
2022090700100381,2022년 9월 7일 14시,수요일,제주특별자치도 제주시 오라삼동,중상사고,0,1,0,0,차대사람 - 횡단중,신호위반,건조,맑음,단일로 - 기타,승용,남,38세,상해없음,보행자,여,37세,중상
2022090700100417,2022년 9월 7일 15시,수요일,제주특별자치도 제주시 노형동,경상사고,0,0,1,0,차대사람 - 차도통행중,안전운전불이행,건조,맑음,단일로 - 기타,승용,여,40세,상해없음,보행자,남,21세,경상
2022090700100525,2022년 9월 7일 17시,수요일,제주특별자치도 제주시 애월읍,경상사고,0,0,2,0,차대차 - 측면충돌,직진우회전진행방해,건조,맑음,교차로 - 교차로안,화물,남,46세,상해없음,승용,남,47세,경상
2022090700100526,2022년 9월 7일 17시,수요일,제주특별자치도 제주시 연동,중상사고,0,1,0,0,차대차 - 측면충돌,안전운전불이행,건조,맑음,단일로 - 기타,자전거,남,10세,중상,승용,여,37세,상해없음
2022090700100577,2022년 9월 7일 18시,수요일,제주특별자치도 제주시 구좌읍,경상사고,0,0,1,0,차대차 - 측면충돌,직진우회전진행방해,건조,맑음,교차로 - 교차로안,이륜,남,64세,경상,승용,남,42세,상해없음
2022090700100579,2022년 9월 7일 18시,수요일,제주특별자치도 제주시 노형동,경상사고,0,0,1,0,차대차 - 추돌,안전운전불이행,건조,맑음,교차로 - 교차로안,승합,남,57세,상해없음,승용,남,48세,경상
2022090700100686,2022년 9월 7일 21시,수요일,제주특별자치도 제주시 오라일동,경상사고,0,0,1,0,차대차 - 추돌,안전운전불이행,건조,맑음,교차로 - 교차로부근,승용,여,32세,상해없음,이륜,남,42세,경상
2022090700100742,2022년 9월 7일 23시,수요일,제주특별자치도 서귀포시 서귀동,부상신고사고,0,0,0,1,차대사람 - 기타,안전운전불이행,건조,맑음,단일로 - 기타,승용,남,56세,상해없음,보행자,남,33세,부상신고
2022090700100743,2022년 9월 7일 23시,수요일,제주특별자치도 제주시 노형동,경상사고,0,0,1,0,차대차 - 측면충돌,중앙선침범,건조,맑음,단일로 - 기타,승용,남,63세,상해없음,승용,남,60세,경상
2022090800100047,2022년 9월 8일 05시,목요일,제주특별자치도 제주시 노형동,부상신고사고,0,0,0,1,차대차 - 측면충돌,교차로운행방법위반,건조,맑음,교차로 - 교차로부근,승용,여,32세,부상신고,승용,여,29세,상해없음
2022090800100061,2022년 9월 8일 06시,목요일,제주특별자치도 서귀포시 성산읍,중상사고,0,1,0,0,차대사람 - 기타,안전운전불이행,건조,맑음,단일로 - 기타,화물,남,70세,상해없음,보행자,여,83세,중상
2022090800100062,2022년 9월 8일 06시,목요일,제주특별자치도 서귀포시 신효동,중상사고,0,1,0,0,차대차 - 측면충돌,중앙선침범,건조,맑음,단일로 - 기타,승용,여,47세,상해없음,승용,남,58세,중상
2022090800100160,2022년 9월 8일 09시,목요일,제주특별자치도 제주시 화북이동,경상사고,0,0,1,0,차대차 - 추돌,안전운전불이행,건조,맑음,교차로 - 교차로부근,화물,남,24세,상해없음,승용,남,45세,경상
2022090800100203,2022년 9월 8일 10시,목요일,제주특별자치도 서귀포시 서귀동,경상사고,0,0,1,0,차대차 - 기타,안전운전불이행,건조,맑음,교차로 - 교차로안,원동기,남,81세,상해없음,승용,남,53세,경상
2022090800100326,2022년 9월 8일 13시,목요일,제주특별자치도 제주시 봉개동,중상사고,0,1,1,0,차대차 - 정면충돌,중앙선침범,건조,맑음,단일로 - 기타,승용,여,56세,중상,승합,여,49세,경상
2022090800100327,2022년 9월 8일 13시,목요일,제주특별자치도 서귀포시 서귀동,경상사고,0,0,2,0,차대차 - 추돌,안전운전불이행,건조,맑음,기타 - 기타,승용,여,62세,상해없음,승용,여,35세,경상
2022090800100586,2022년 9월 8일 17시,목요일,제주특별자치도 서귀포시 남원읍,경상사고,0,0,1,0,차대차 - 기타,교차로운행방법위반,건조,맑음,교차로 - 교차로안,승용,여,54세,상해없음,승용,여,49세,경상
2022090800100587,2022년 9월 8일 17시,목요일,제주특별자치도 제주시 애월읍,부상신고사고,0,0,0,1,차량단독 - 기타,안전운전불이행,건조,맑음,단일로 - 기타,사륜오토바이(ATV),남,78세,부상신고,,,,
2022090800100655,2022년 9월 8일 18시,목요일,제주특별자치도 서귀포시 서호동,경상사고,0,0,1,0,차대차 - 측면충돌,안전운전불이행,건조,맑음,단일로 - 기타,승용,여,32세,상해없음,승용,여,29세,경상
2022090800100706,2022년 9월 8일 19시,목요일,제주특별자치도 제주시 건입동,중상사고,0,1,0,0,차대차 - 정면충돌,교차로운행방법위반,건조,맑음,단일로 - 기타,승용,남,35세,상해없음,이륜,남,35세,중상
2022090800100826,2022년 9월 8일 23시,목요일,제주특별자치도 서귀포시 법환동,경상사고,0,0,1,0,차대차 - 추돌,안전운전불이행,건조,맑음,교차로 - 교차로부근,승용,남,32세,상해없음,승용,남,41세,경상
2022090900100048,2022년 9월 9일 03시,금요일,제주특별자치도 제주시 이도이동,부상신고사고,0,0,0,1,차대사람 - 기타,안전운전불이행,기타,기타,단일로 - 기타,승용,남,22세,상해없음,보행자,여,23세,부상신고
2022090900100076,2022년 9월 9일 06시,금요일,제주특별자치도 서귀포시 대정읍,경상사고,0,0,1,1,차대차 - 기타,직진우회전진행방해,건조,맑음,교차로 - 교차로안,승용,여,77세,부상신고,승용,남,62세,경상
2022090900100149,2022년 9월 9일 10시,금요일,제주특별자치도 서귀포시 하효동,중상사고,0,1,0,0,차대사람 - 횡단중,안전운전불이행,건조,맑음,교차로 - 교차로안,화물,남,61세,상해없음,보행자,여,77세,중상
2022090900100150,2022년 9월 9일 10시,금요일,제주특별자치도 제주시 애월읍,경상사고,0,0,1,0,차대사람 - 횡단중,보행자보호의무위반,건조,맑음,교차로 - 교차로횡단보도내,이륜,남,21세,상해없음,보행자,남,33세,경상
2022090900100219,2022년 9월 9일 12시,금요일,제주특별자치도 제주시 이도이동,중상사고,0,1,0,0,차대차 - 정면충돌,교차로운행방법위반,건조,맑음,교차로 - 교차로안,승용,여,61세,상해없음,이륜,남,36세,중상
2022090900100220,2022년 9월 9일 12시,금요일,제주특별자치도 서귀포시 동홍동,경상사고,0,0,1,0,차대사람 - 길가장자리구역통행중,안전운전불이행,건조,맑음,단일로 - 기타,승용,여,75세,상해없음,보행자,여,40세,경상
2022090900100221,2022년 9월 9일 12시,금요일,제주특별자치도 제주시 애월읍,경상사고,0,0,1,0,차대차 - 추돌,안전운전불이행,건조,맑음,교차로 - 교차로부근,화물,남,71세,상해없음,승용,여,32세,경상
2022090900100255,2022년 9월 9일 13시,금요일,제주특별자치도 제주시 연동,부상신고사고,0,0,0,1,차대차 - 측면충돌,안전운전불이행,건조,맑음,교차로 - 교차로안,승용,남,86세,상해없음,이륜,남,24세,부상신고
2022090900100337,2022년 9월 9일 15시,금요일,제주특별자치도 제주시 애월읍,경상사고,0,0,1,0,차대차 - 측면충돌,안전거리미확보,건조,맑음,단일로 - 기타,승용,여,27세,상해없음,승용,여,49세,경상
2022091000100328,2022년 9월 10일 20시,토요일,제주특별자치도 서귀포시 표선면,부상신고사고,0,0,0,1,차대차 - 기타,안전운전불이행,건조,맑음,교차로 - 교차로안,이륜,남,40세,부상신고,승용,여,61세,상해없음
2022091000100329,2022년 9월 10일 20시,토요일,제주특별자치도 제주시 한림읍,중상사고,0,3,0,0,차대차 - 정면충돌,중앙선침범,건조,맑음,단일로 - 기타,이륜,남,27세,중상,승용,여,30세,중상
2022091100100010,2022년 9월 11일 00시,일요일,제주특별자치도 서귀포시 서호동,사망사고,1,0,0,0,차대사람 - 횡단중,보행자보호의무위반,건조,기타,교차로 - 교차로횡단보도내,승용,남,61세,상해없음,보행자,여,15세,사망
2022091100100099,2022년 9월 11일 11시,일요일,제주특별자치도 제주시 구좌읍,경상사고,0,0,1,0,차대사람 - 기타,안전운전불이행,건조,맑음,단일로 - 기타,자전거,남,35세,상해없음,보행자,여,25세,경상
2022091100100126,2022년 9월 11일 12시,일요일,제주특별자치도 제주시 애월읍,경상사고,0,0,1,0,차대차 - 측면충돌,직진우회전진행방해,건조,맑음,교차로 - 교차로안,승용,남,36세,상해없음,승용,여,64세,경상
2022091100100181,2022년 9월 11일 14시,일요일,제주특별자치도 제주시 이도이동,경상사고,0,0,1,0,차대차 - 기타,안전운전불이행,건조,맑음,기타 - 기타,승용,남,44세,상해없음,개인형이동수단(PM),남,24세,경상
2022091100100208,2022년 9월 11일 15시,일요일,제주특별자치도 제주시 애월읍,경상사고,0,0,1,0,차대차 - 후진중충돌,안전운전불이행,건조,맑음,단일로 - 기타,승용,남,24세,상해없음,승용,여,28세,경상
2022091100100234,2022년 9월 11일 16시,일요일,제주특별자치도 서귀포시 법환동,부상신고사고,0,0,0,1,차대차 - 측면충돌,안전운전불이행,건조,맑음,교차로 - 교차로안,자전거,여,24세,부상신고,승용,남,44세,상해없음
2022091100100284,2022년 9월 11일 18시,일요일,제주특별자치도 제주시 내도동,경상사고,0,0,2,0,차대차 - 기타,중앙선침범,건조,맑음,단일로 - 기타,승용,여,24세,상해없음,승용,여,53세,경상
2022091100100307,2022년 9월 11일 19시,일요일,제주특별자치도 제주시 아라이동,경상사고,0,0,1,0,차대사람 - 횡단중,보행자보호의무위반,젖음/습기,비,교차로 - 교차로횡단보도내,승용,남,22세,상해없음,보행자,여,27세,경상
2022091100100328,2022년 9월 11일 20시,일요일,제주특별자치도 제주시 일도이동,경상사고,0,0,1,0,차대차 - 추돌,안전운전불이행,건조,흐림,단일로 - 기타,화물,남,56세,상해없음,이륜,남,47세,경상
2022091200100010,2022년 9월 12일 00시,월요일,제주특별자치도 제주시 노형동,경상사고,0,0,1,0,차대사람 - 횡단중,보행자보호의무위반,건조,흐림,교차로 - 교차로횡단보도내,승용,남,50세,상해없음,보행자,여,28세,경상
2022091200100074,2022년 9월 12일 07시,월요일,제주특별자치도 제주시 오라삼동,경상사고,0,0,2,0,차대차 - 추돌,안전운전불이행,젖음/습기,비,교차로 - 교차로부근,승용,남,27세,상해없음,화물,남,51세,경상
2022091200100125,2022년 9월 12일 11시,월요일,제주특별자치도 제주시 도남동,중상사고,0,1,0,0,차대사람 - 길가장자리구역통행중,안전운전불이행,기타,기타,교차로 - 교차로안,승용,여,65세,상해없음,보행자,남,38세,중상
2022091200100172,2022년 9월 12일 13시,월요일,제주특별자치도 제주시 삼도이동,경상사고,0,0,1,0,차대사람 - 기타,안전운전불이행,건조,맑음,단일로 - 기타,승용,여,67세,상해없음,보행자,여,41세,경상
2022091200100203,2022년 9월 12일 14시,월요일,제주특별자치도 서귀포시 서귀동,경상사고,0,0,2,0,차대차 - 기타,신호위반,건조,맑음,교차로 - 교차로안,원동기,남,19세,상해없음,승용,남,38세,경상
2022091200100252,2022년 9월 12일 16시,월요일,제주특별자치도 제주시 조천읍,경상사고,0,0,1,0,차대차 - 측면충돌,중앙선침범,젖음/습기,비,단일로 - 기타,승용,남,27세,경상,승용,여,19세,상해없음
2022091200100302,2022년 9월 12일 18시,월요일,제주특별자치도 제주시 이도일동,경상사고,0,0,1,0,차대사람 - 횡단중,안전운전불이행,건조,흐림,교차로 - 교차로안,승용,남,55세,상해없음,보행자,남,57세,경상
2022091200100335,2022년 9월 12일 19시,월요일,제주특별자치도 제주시 월평동,경상사고,0,0,3,0,차대차 - 정면충돌,중앙선침범,건조,맑음,단일로 - 기타,승용,남,54세,상해없음,승용,여,35세,경상
2022091200100406,2022년 9월 12일 23시,월요일,제주특별자치도 제주시 해안동,경상사고,0,0,1,0,차대사람 - 기타,안전운전불이행,건조,맑음,단일로 - 기타,승용,남,32세,상해없음,보행자,남,59세,경상
2022091300100266,2022년 9월 13일 14시,화요일,제주특별자치도 서귀포시 안덕면,경상사고,0,0,1,4,차대차 - 추돌,안전운전불이행,건조,맑음,교차로 - 교차로부근,승용,남,30세,부상신고,화물,남,41세,경상
2022091300100304,2022년 9월 13일 15시,화요일,제주특별자치도 제주시 화북이동,경상사고,0,0,3,1,차대차 - 추돌,안전운전불이행,건조,흐림,교차로 - 교차로부근,승용,여,52세,부상신고,승용,남,52세,경상
2022091300100305,2022년 9월 13일 15시,화요일,제주특별자치도 서귀포시 서호동,경상사고,0,0,1,0,차대사람 - 기타,안전운전불이행,건조,맑음,단일로 - 지하차도(도로)내,승용,남,55세,상해없음,보행자,남,7세,경상
2022091300100306,2022년 9월 13일 15시,화요일,제주특별자치도 서귀포시 안덕면,경상사고,0,0,1,0,차대차 - 측면충돌,안전운전불이행,건조,맑음,단일로 - 기타,승용,여,27세,상해없음,승용,여,42세,경상
2022091300100334,2022년 9월 13일 16시,화요일,제주특별자치도 제주시 애월읍,중상사고,0,1,0,1,차대차 - 정면충돌,중앙선침범,건조,흐림,단일로 - 기타,승용,여,65세,부상신고,승용,여,45세,중상
2022091300100400,2022년 9월 13일 18시,화요일,제주특별자치도 서귀포시 안덕면,경상사고,0,0,1,2,차대차 - 측면충돌,직진우회전진행방해,건조,맑음,교차로 - 교차로안,승용,남,44세,상해없음,승용,여,44세,경상
2022091300100437,2022년 9월 13일 19시,화요일,제주특별자치도 제주시 연동,경상사고,0,0,1,0,차대차 - 측면충돌,안전운전불이행,건조,맑음,교차로 - 교차로안,이륜,남,36세,경상,승용,남,66세,상해없음
2022091300100467,2022년 9월 13일 20시,화요일,제주특별자치도 제주시 오라이동,경상사고,0,0,1,0,차량단독 - 공작물충돌,안전운전불이행,젖음/습기,맑음,단일로 - 기타,승용,남,28세,경상,,,,
2022091400100013,2022년 9월 14일 02시,수요일,제주특별자치도 제주시 이도이동,중상사고,0,1,0,0,차대사람 - 횡단중,기타,젖음/습기,비,단일로 - 기타,승용,남,69세,상해없음,보행자,남,37세,중상
2022091400100055,2022년 9월 14일 07시,수요일,제주특별자치도 서귀포시 남원읍,경상사고,0,0,2,0,차대차 - 기타,안전운전불이행,건조,맑음,단일로 - 기타,승용,남,33세,상해없음,승용,남,42세,경상
2022091400100140,2022년 9월 14일 09시,수요일,제주특별자치도 서귀포시 동홍동,부상신고사고,0,0,0,1,차대차 - 측면충돌,안전거리미확보,건조,맑음,교차로 - 교차로안,이륜,남,68세,부상신고,승용,여,40세,상해없음
2022091400100141,2022년 9월 14일 09시,수요일,제주특별자치도 서귀포시 표선면,경상사고,0,0,1,0,차대사람 - 횡단중,보행자보호의무위반,건조,맑음,단일로 - 기타,승용,여,62세,상해없음,보행자,남,77세,경상
2022091400100199,2022년 9월 14일 11시,수요일,제주특별자치도 제주시 조천읍,경상사고,0,0,1,0,차대차 - 기타,불법유턴,건조,맑음,교차로 - 교차로부근,승용,여,66세,상해없음,승용,남,28세,경상
2022091400100235,2022년 9월 14일 12시,수요일,제주특별자치도 제주시 조천읍,경상사고,0,0,2,0,차대차 - 추돌,안전운전불이행,건조,맑음,교차로 - 교차로부근,화물,남,42세,상해없음,이륜,남,19세,경상
2022091400100256,2022년 9월 14일 13시,수요일,제주특별자치도 제주시 추자면,중상사고,0,1,0,0,차대차 - 추돌,안전운전불이행,건조,맑음,단일로 - 기타,화물,남,61세,상해없음,자전거,남,41세,중상
2022091400100257,2022년 9월 14일 13시,수요일,제주특별자치도 제주시 한림읍,경상사고,0,0,4,0,차대차 - 추돌,안전운전불이행,건조,맑음,교차로 - 교차로부근,승용,여,60세,상해없음,승용,여,50세,경상
2022091400100287,2022년 9월 14일 14시,수요일,제주특별자치도 서귀포시 중문동,중상사고,0,1,0,0,차대사람 - 기타,안전운전불이행,건조,맑음,교차로 - 교차로안,승합,남,59세,상해없음,보행자,여,79세,중상
2022091400100315,2022년 9월 14일 15시,수요일,제주특별자치도 제주시 노형동,경상사고,0,0,1,0,차대차 - 측면충돌,직진우회전진행방해,젖음/습기,비,교차로 - 교차로안,승용,여,47세,상해없음,승용,남,31세,경상
2022091400100382,2022년 9월 14일 17시,수요일,제주특별자치도 제주시 이도이동,중상사고,0,1,0,0,차대사람 - 횡단중,보행자보호의무위반,건조,흐림,단일로 - 기타,이륜,남,34세,상해없음,보행자,여,49세,중상
2022091400100383,2022년 9월 14일 17시,수요일,제주특별자치도 제주시 도남동,경상사고,0,0,1,0,차대차 - 측면충돌,안전운전불이행,건조,맑음,단일로 - 기타,승용,남,20세,상해없음,승용,여,30세,경상
2022091400100421,2022년 9월 14일 18시,수요일,제주특별자치도 제주시 노형동,경상사고,0,0,1,0,차대차 - 기타,안전운전불이행,건조,흐림,교차로 - 교차로부근,승용,남,60세,상해없음,이륜,남,44세,경상
2022091400100422,2022년 9월 14일 18시,수요일,제주특별자치도 제주시 노형동,경상사고,0,0,1,0,차대차 - 기타,안전운전불이행,젖음/습기,비,교차로 - 교차로안,승용,남,61세,상해없음,승용,여,46세,경상
2022091400100423,2022년 9월 14일 18시,수요일,제주특별자치도 제주시 노형동,부상신고사고,0,0,0,1,차대차 - 추돌,안전운전불이행,젖음/습기,비,교차로 - 교차로부근,승용,남,29세,상해없음,승용,남,35세,부상신고
2022091400100458,2022년 9월 14일 19시,수요일,제주특별자치도 제주시 한림읍,사망사고,1,0,0,0,차대사람 - 차도통행중,안전운전불이행,젖음/습기,비,단일로 - 기타,이륜,남,18세,상해없음,보행자,남,50세,사망
2022091400100493,2022년 9월 14일 20시,수요일,제주특별자치도 제주시 이호이동,경상사고,0,0,1,0,차대차 - 측면충돌,안전운전불이행,젖음/습기,비,교차로 - 교차로안,화물,남,61세,상해없음,이륜,남,33세,경상