사고번호,사고일시,요일,시군구,사고내용,사망자수,중상자수,경상자수,부상신고자수,사고유형,법규위반,노면상태,기상상태,도로형태,가해운전자 차종,가해운전자 성별,가해운전자 연령,가해운전자 상해정도,피해운전자 차종,피해운전자 성별,피해운전자 연령,피해운전자 상해정도
2022092600100312,2022년 9월 26일 14시,월요일,제주특별자치도 서귀포시 토평동,중상사고,0,1,0,0,차대차 - 기타,안전운전불이행,건조,맑음,단일로 - 기타,화물,여,66세,상해없음,자전거,남,47세,중상
2022092600100346,2022년 9월 26일 15시,월요일,제주특별자치도 제주시 영평동,중상사고,0,1,0,0,차량단독 - 공작물충돌,안전운전불이행,건조,맑음,단일로 - 기타,화물,남,36세,상해없음,,,,
2022092600100347,2022년 9월 26일 15시,월요일,제주특별자치도 제주시 화북이동,경상사고,0,0,2,0,차대차 - 측면충돌,신호위반,건조,맑음,교차로 - 교차로안,승용,여,48세,경상,승용,여,58세,경상
2022092600100348,2022년 9월 26일 15시,월요일,제주특별자치도 제주시 화북이동,경상사고,0,0,1,0,차량단독 - 기타,안전운전불이행,기타,기타,교차로 - 교차로부근,이륜,남,60세,경상,,,,
2022092600100349,2022년 9월 26일 15시,월요일,제주특별자치도 제주시 용담이동,경상사고,0,0,1,3,차대차 - 추돌,안전운전불이행,건조,맑음,교차로 - 교차로부근,승용,여,60세,부상신고,승용,남,75세,경상
2022092600100468,2022년 9월 26일 18시,월요일,제주특별자치도 제주시 연동,경상사고,0,0,1,0,차대차 - 측면충돌,기타,건조,맑음,단일로 - 기타,승용,남,29세,상해없음,이륜,남,35세,경상
2022092600100609,2022년 9월 26일 23시,월요일,제주특별자치도 제주시 용담일동,경상사고,0,0,1,0,차대차 - 측면충돌,교차로운행방법위반,건조,맑음,교차로 - 교차로안,승용,여,43세,상해없음,이륜,여,30세,경상
2022092700100016,2022년 9월 27일 02시,화요일,제주특별자치도 서귀포시 상예동,중상사고,0,2,1,0,차대차 - 측면충돌,안전운전불이행,젖음/습기,비,단일로 - 기타,화물,남,58세,경상,승용,남,50세,중상
2022092700100071,2022년 9월 27일 07시,화요일,제주특별자치도 제주시 애월읍,중상사고,0,1,0,0,차대사람 - 차도통행중,안전운전불이행,건조,맑음,단일로 - 기타,승용,남,45세,상해없음,보행자,여,85세,중상
2022092700100110,2022년 9월 27일 08시,화요일,제주특별자치도 서귀포시 동홍동,경상사고,0,0,2,0,차대차 - 기타,직진우회전진행방해,건조,맑음,교차로 - 교차로안,승용,여,40세,경상,승용,여,70세,경상
2022092700100111,2022년 9월 27일 08시,화요일,제주특별자치도 제주시 외도일동,경상사고,0,0,1,0,차대차 - 측면충돌,안전거리미확보,건조,맑음,단일로 - 기타,승용,여,58세,경상,화물,남,74세,상해없음
2022092700100180,2022년 9월 27일 10시,화요일,제주특별자치도 제주시 조천읍,경상사고,0,0,2,0,차대차 - 측면충돌,중앙선침범,건조,맑음,단일로 - 기타,승용,여,40세,기타불명,승용,남,33세,경상
2022092700100181,2022년 9월 27일 10시,화요일,제주특별자치도 서귀포시 성산읍,경상사고,0,0,1,1,차대사람 - 기타,안전운전불이행,건조,맑음,단일로 - 기타,화물,남,68세,상해없음,보행자,여,74세,경상
2022092700100207,2022년 9월 27일 11시,화요일,제주특별자치도 서귀포시 동홍동,경상사고,0,0,1,0,차대차 - 후진중충돌,안전운전불이행,건조,맑음,교차로 - 교차로안,승용,남,44세,상해없음,승용,여,42세,경상
2022092700100208,2022년 9월 27일 11시,화요일,제주특별자치도 서귀포시 대정읍,부상신고사고,0,0,0,1,차대차 - 기타,안전거리미확보,건조,맑음,단일로 - 기타,승용,남,71세,상해없음,승용,남,49세,부상신고
2022092700100209,2022년 9월 27일 11시,화요일,제주특별자치도 제주시 한림읍,중상사고,0,2,1,0,차대차 - 측면충돌,안전운전불이행,건조,맑음,교차로 - 교차로안,화물,남,26세,경상,승용,여,33세,중상
2022092700100210,2022년 9월 27일 11시,화요일,제주특별자치도 제주시 한림읍,경상사고,0,0,1,0,차대차 - 기타,안전운전불이행,건조,맑음,단일로 - 기타,승용,남,54세,상해없음,승용,남,25세,경상
2022092700100268,2022년 9월 27일 13시,화요일,제주특별자치도 제주시 일도이동,경상사고,0,0,1,0,차대차 - 기타,안전운전불이행,건조,맑음,단일로 - 기타,승용,여,44세,상해없음,이륜,남,47세,경상
2022092700100270,2022년 9월 27일 13시,화요일,제주특별자치도 서귀포시 성산읍,중상사고,0,1,0,0,차대사람 - 횡단중,보행자보호의무위반,건조,맑음,단일로 - 기타,승용,여,40세,상해없음,보행자,남,78세,중상
2022092700100271,2022년 9월 27일 13시,화요일,제주특별자치도 서귀포시 안덕면,중상사고,0,1,0,0,차대차 - 기타,차로위반,건조,맑음,단일로 - 기타,승용,여,59세,중상,승용,남,38세,상해없음
2022092700100331,2022년 9월 27일 15시,화요일,제주특별자치도 서귀포시 토평동,중상사고,0,1,0,0,차대사람 - 기타,안전운전불이행,건조,맑음,기타 - 기타,승용,남,58세,상해없음,보행자,남,26세,중상
2022092700100368,2022년 9월 27일 16시,화요일,제주특별자치도 제주시 도두일동,경상사고,0,0,2,0,차대차 - 기타,안전운전불이행,건조,맑음,단일로 - 기타,승용,남,50세,상해없음,승용,남,48세,경상
2022092700100431,2022년 9월 27일 17시,화요일,제주특별자치도 제주시 삼도일동,중상사고,0,1,0,0,차대사람 - 횡단중,보행자보호의무위반,건조,맑음,단일로 - 기타,승용,남,30세,상해없음,보행자,여,71세,중상
2022092700100585,2022년 9월 27일 20시,화요일,제주특별자치도 제주시 노형동,중상사고,0,1,0,0,차대차 - 측면충돌,직진우회전진행방해,건조,맑음,교차로 - 교차로안,이륜,남,19세,상해없음,승용,여,23세,중상
2022092700100586,2022년 9월 27일 20시,화요일,제주특별자치도 제주시 애월읍,경상사고,0,0,1,0,차대차 - 측면충돌,안전운전불이행,건조,맑음,교차로 - 교차로안,승용,남,53세,상해없음,승용,여,44세,경상
2022092800100119,2022년 9월 28일 08시,수요일,제주특별자치도 제주시 연동,경상사고,0,0,1,0,차대차 - 기타,안전운전불이행,건조,맑음,교차로 - 교차로안,승용,여,61세,상해없음,화물,남,39세,경상
2022092800100150,2022년 9월 28일 09시,수요일,제주특별자치도 제주시 용담일동,중상사고,0,1,0,0,차대차 - 측면충돌,신호위반,건조,맑음,교차로 - 교차로부근,승용,남,23세,상해없음,이륜,남,85세,중상
2022092800100151,2022년 9월 28일 09시,수요일,제주특별자치도 서귀포시 성산읍,중상사고,0,1,0,0,차대차 - 측면충돌,신호위반,건조,맑음,교차로 - 교차로안,원동기,남,65세,상해없음,원동기,여,73세,중상
2022092800100152,2022년 9월 28일 09시,수요일,제주특별자치도 서귀포시 도순동,경상사고,0,0,1,0,차대차 - 측면충돌,안전거리미확보,건조,맑음,교차로 - 교차로안,승용,여,64세,상해없음,승용,여,47세,경상
2022092800100177,2022년 9월 28일 10시,수요일,제주특별자치도 제주시 삼도일동,부상신고사고,0,0,0,1,차대차 - 추돌,안전운전불이행,건조,맑음,교차로 - 교차로부근,승용,여,38세,상해없음,승용,남,41세,부상신고
2022092800100233,2022년 9월 28일 12시,수요일,제주특별자치도 서귀포시 강정동,경상사고,0,0,3,0,차대차 - 기타,안전운전불이행,건조,맑음,교차로 - 교차로부근,화물,남,40세,경상,승용,남,19세,경상
2022092800100234,2022년 9월 28일 12시,수요일,제주특별자치도 제주시 애월읍,경상사고,0,0,1,0,차대사람 - 차도통행중,안전운전불이행,건조,맑음,단일로 - 기타,화물,남,59세,상해없음,보행자,여,80세,경상
2022092800100294,2022년 9월 28일 14시,수요일,제주특별자치도 서귀포시 강정동,경상사고,0,0,2,0,차대차 - 측면충돌,안전운전불이행,건조,맑음,단일로 - 기타,승용,여,42세,상해없음,승용,여,34세,경상
2022092800100336,2022년 9월 28일 15시,수요일,제주특별자치도 제주시 연동,경상사고,0,0,1,1,차대차 - 측면충돌,안전거리미확보,건조,맑음,단일로 - 기타,승용,남,29세,경상,승용,여,75세,부상신고
2022092800100378,2022년 9월 28일 16시,수요일,제주특별자치도 제주시 오라이동,경상사고,0,0,1,0,차대차 - 기타,안전거리미확보,건조,맑음,단일로 - 기타,특수,남,26세,상해없음,승용,남,69세,경상
2022092800100424,2022년 9월 28일 17시,수요일,제주특별자치도 제주시 건입동,부상신고사고,0,0,0,1,차대차 - 측면충돌,안전거리미확보,건조,맑음,단일로 - 기타,승용,여,27세,부상신고,승용,여,38세,상해없음
2022092800100475,2022년 9월 28일 18시,수요일,제주특별자치도 제주시 아라일동,부상신고사고,0,0,0,1,차대차 - 기타,직진우회전진행방해,건조,맑음,교차로 - 교차로안,이륜,남,30세,상해없음,이륜,남,26세,부상신고
2022092800100543,2022년 9월 28일 20시,수요일,제주특별자치도 제주시 연동,경상사고,0,0,1,0,차대차 - 측면충돌,직진우회전진행방해,건조,맑음,교차로 - 교차로안,승용,여,49세,상해없음,이륜,여,22세,경상
2022092800100562,2022년 9월 28일 21시,수요일,제주특별자치도 제주시 이도일동,경상사고,0,0,1,0,차대차 - 기타,직진우회전진행방해,건조,맑음,교차로 - 교차로안,승용,남,57세,상해없음,이륜,남,24세,경상
2022092900100005,2022년 9월 29일 00시,목요일,제주특별자치도 제주시 조천읍,경상사고,0,0,1,0,차대차 - 추돌,안전운전불이행,건조,맑음,단일로 - 기타,승용,여,24세,상해없음,개인형이동수단(PM),남,15세,경상
2022092900100116,2022년 9월 29일 08시,목요일,제주특별자치도 서귀포시 대포동,경상사고,0,0,1,1,차대차 - 정면충돌,신호위반,건조,맑음,교차로 - 교차로안,승용,여,76세,부상신고,승용,여,36세,경상
2022092900100117,2022년 9월 29일 08시,목요일,제주특별자치도 서귀포시 색달동,경상사고,0,0,1,0,차대차 - 측면충돌,차로위반,건조,맑음,교차로 - 교차로안,승용,남,54세,상해없음,승용,여,36세,경상
2022092900100118,2022년 9월 29일 08시,목요일,제주특별자치도 제주시 애월읍,경상사고,0,0,2,0,차대차 - 기타,안전거리미확보,건조,맑음,단일로 - 기타,승용,여,49세,경상,승용,여,28세,경상
2022092900100156,2022년 9월 29일 09시,목요일,제주특별자치도 제주시 이도이동,중상사고,0,1,0,0,차량단독 - 기타,기타,건조,맑음,단일로 - 기타,승합,남,57세,상해없음,,,,
2022092900100157,2022년 9월 29일 09시,목요일,제주특별자치도 제주시 노형동,경상사고,0,0,1,0,차대차 - 기타,신호위반,건조,맑음,교차로 - 교차로부근,화물,남,58세,상해없음,승용,여,54세,경상
2022092900100158,2022년 9월 29일 09시,목요일,제주특별자치도 제주시 외도일동,경상사고,0,0,1,1,차대차 - 측면충돌,직진우회전진행방해,건조,맑음,교차로 - 교차로안,승용,여,56세,부상신고,승용,남,46세,경상
2022092900100189,2022년 9월 29일 10시,목요일,제주특별자치도 서귀포시 안덕면,경상사고,0,0,1,0,차대차 - 측면충돌,차로위반,건조,맑음,교차로 - 교차로부근,승용,남,68세,상해없음,승용,남,32세,경상
2022092900100190,2022년 9월 29일 10시,목요일,제주특별자치도 제주시 오라삼동,경상사고,0,0,1,0,차대사람 - 횡단중,보행자보호의무위반,건조,맑음,단일로 - 기타,승용,남,35세,기타불명,보행자,남,80세,경상
2022092900100281,2022년 9월 29일 13시,목요일,제주특별자치도 서귀포시 동홍동,경상사고,0,0,3,0,차대차 - 추돌,안전운전불이행,건조,맑음,단일로 - 기타,승용,여,66세,상해없음,승용,여,31세,경상
2022092900100282,2022년 9월 29일 13시,목요일,제주특별자치도 제주시 노형동,부상신고사고,0,0,0,2,차대차 - 기타,안전운전불이행,건조,맑음,기타 - 기타,승용,남,51세,상해없음,승용,여,38세,부상신고
2022092900100322,2022년 9월 29일 14시,목요일,제주특별자치도 서귀포시 남원읍,경상사고,0,0,1,0,차대차 - 측면충돌,안전운전불이행,건조,맑음,단일로 - 기타,원동기,여,75세,경상,화물,여,51세,상해없음
2022092900100323,2022년 9월 29일 14시,목요일,제주특별자치도 서귀포시 안덕면,중상사고,0,1,0,0,차대차 - 정면충돌,기타,건조,맑음,교차로 - 교차로안,승용,여,66세,상해없음,이륜,여,79세,중상
2022092900100324,2022년 9월 29일 14시,목요일,제주특별자치도 제주시 연동,부상신고사고,0,0,0,1,차대사람 - 차도통행중,안전운전불이행,건조,맑음,교차로 - 교차로안,승용,여,68세,상해없음,보행자,여,9세,부상신고
2022092900100369,2022년 9월 29일 15시,목요일,제주특별자치도 서귀포시 안덕면,중상사고,0,1,0,2,차대차 - 기타,안전거리미확보,건조,맑음,단일로 - 기타,승용,남,56세,상해없음,승용,남,22세,중상
2022092900100416,2022년 9월 29일 16시,목요일,제주특별자치도 제주시 건입동,경상사고,0,0,1,0,차대사람 - 횡단중,보행자보호의무위반,건조,맑음,교차로 - 교차로횡단보도내,승용,남,74세,상해없음,보행자,여,62세,경상
2022092900100460,2022년 9월 29일 17시,목요일,제주특별자치도 제주시 노형동,경상사고,0,0,1,0,차대차 - 측면충돌,교차로운행방법위반,건조,맑음,교차로 - 교차로안,승용,여,44세,상해없음,승용,여,40세,경상
2022092900100541,2022년 9월 29일 19시,목요일,제주특별자치도 서귀포시 서귀동,경상사고,0,0,2,0,차대차 - 정면충돌,직진우회전진행방해,건조,맑음,교차로 - 교차로안,승용,남,58세,상해없음,승용,남,49세,경상
2022093000100073,2022년 9월 30일 06시,금요일,제주특별자치도 제주시 이도이동,중상사고,0,1,0,0,차대차 - 기타,안전운전불이행,건조,맑음,교차로 - 교차로횡단보도내,자전거,남,76세,중상,승용,여,33세,상해없음
2022093000100089,2022년 9월 30일 07시,금요일,제주특별자치도 제주시 애월읍,경상사고,0,0,1,0,차대차 - 추돌,안전운전불이행,건조,맑음,교차로 - 교차로부근,화물,남,30세,상해없음,승용,남,31세,경상
2022093000100127,2022년 9월 30일 08시,금요일,제주특별자치도 제주시 애월읍,부상신고사고,0,0,0,4,차대차 - 추돌,안전거리미확보,건조,맑음,단일로 - 기타,승용,남,32세,상해없음,승용,여,28세,상해없음
2022093000100160,2022년 9월 30일 09시,금요일,제주특별자치도 서귀포시 법환동,중상사고,0,1,0,0,차대사람 - 기타,기타,건조,맑음,단일로 - 기타,승용,남,50세,상해없음,보행자,여,47세,중상
2022093000100184,2022년 9월 30일 10시,금요일,제주특별자치도 서귀포시 남원읍,경상사고,0,0,2,0,차대차 - 기타,안전운전불이행,건조,맑음,교차로 - 교차로안,승용,여,60세,상해없음,승용,남,75세,경상
2022093000100218,2022년 9월 30일 11시,금요일,제주특별자치도 서귀포시 남원읍,경상사고,0,0,1,0,차대차 - 기타,신호위반,건조,맑음,교차로 - 교차로안,승용,남,28세,상해없음,승용,여,63세,경상
2022093000100248,2022년 9월 30일 12시,금요일,제주특별자치도 제주시 구좌읍,부상신고사고,0,0,0,1,차대차 - 추돌,안전운전불이행,건조,맑음,단일로 - 기타,원동기,남,80세,부상신고,화물,남,40세,상해없음
2022093000100249,2022년 9월 30일 12시,금요일,제주특별자치도 제주시 한경면,부상신고사고,0,0,0,1,차대차 - 기타,안전운전불이행,건조,맑음,교차로 - 교차로부근,화물,남,55세,상해없음,농기계,남,76세,부상신고
2022093000100362,2022년 9월 30일 15시,금요일,제주특별자치도 제주시 일도이동,경상사고,0,0,1,0,차대차 - 측면충돌,안전거리미확보,건조,맑음,단일로 - 기타,승용,여,31세,상해없음,승용,여,60세,경상
2022093000100363,2022년 9월 30일 15시,금요일,제주특별자치도 제주시 연동,경상사고,0,0,3,0,차대차 - 정면충돌,신호위반,건조,맑음,교차로 - 교차로안,승용,여,47세,경상,승용,남,26세,경상
2022093000100410,2022년 9월 30일 16시,금요일,제주특별자치도 서귀포시 남원읍,경상사고,0,0,1,1,차대차 - 측면충돌,직진우회전진행방해,건조,맑음,교차로 - 교차로안,승용,여,36세,상해없음,화물,남,60세,경상
2022093000100468,2022년 9월 30일 17시,금요일,제주특별자치도 제주시 도련일동,경상사고,0,0,1,0,차대차 - 추돌,안전운전불이행,건조,맑음,교차로 - 교차로부근,화물,남,69세,상해없음,승용,남,43세,경상
2022093000100469,2022년 9월 30일 17시,금요일,제주특별자치도 제주시 오라삼동,경상사고,0,0,3,0,차대차 - 측면충돌,차로위반,건조,맑음,교차로 - 교차로안,승합,남,56세,상해없음,승용,남,54세,경상
2022093000100470,2022년 9월 30일 17시,금요일,제주특별자치도 서귀포시 호근동,경상사고,0,0,1,0,차대차 - 기타,안전거리미확보,건조,맑음,단일로 - 기타,화물,남,79세,상해없음,화물,남,31세,경상
2022093000100471,2022년 9월 30일 17시,금요일,제주특별자치도 서귀포시 동홍동,중상사고,0,1,0,0,차대사람 - 기타,안전운전불이행,건조,맑음,단일로 - 기타,승용,여,57세,상해없음,보행자,남,6세,중상
2022093000100472,2022년 9월 30일 17시,금요일,제주특별자치도 제주시 내도동,중상사고,0,1,2,0,차대차 - 측면충돌,기타,건조,맑음,교차로 - 교차로안,이륜,남,61세,중상,승용,여,38세,경상
2022093000100473,2022년 9월 30일 17시,금요일,제주특별자치도 제주시 한림읍,부상신고사고,0,0,0,1,차대차 - 기타,안전운전불이행,건조,맑음,교차로 - 교차로횡단보도내,승용,남,50세,상해없음,자전거,여,13세,부상신고
2022093000100587,2022년 9월 30일 19시,금요일,제주특별자치도 제주시 이도이동,중상사고,0,1,0,0,차대차 - 정면충돌,신호위반,건조,맑음,교차로 - 교차로안,승용,여,43세,상해없음,이륜,남,28세,중상
2022093000100648,2022년 9월 30일 21시,금요일,제주특별자치도 제주시 아라이동,경상사고,0,0,1,0,차대차 - 추돌,신호위반,건조,맑음,교차로 - 교차로안,기타불명,기타불명,미분류,기타불명,개인형이동수단(PM),남,52세,경상
2022100100100028,2022년 10월 1일 01시,토요일,제주특별자치도 서귀포시 대정읍,경상사고,0,0,1,0,차량단독 - 공작물충돌,안전운전불이행,건조,맑음,단일로 - 기타,승용,여,61세,경상,,,,
2022100100100094,2022년 10월 1일 06시,토요일,제주특별자치도 제주시 이도일동,중상사고,0,1,0,0,차대사람 - 차도통행중,안전운전불이행,건조,맑음,교차로 - 교차로부근,승합,남,43세,상해없음,보행자,여,68세,중상
2022100100100110,2022년 10월 1일 07시,토요일,제주특별자치도 제주시 구좌읍,경상사고,0,0,1,0,차대차 - 추돌,안전운전불이행,기타,기타,단일로 - 기타,승용,남,42세,상해없음,승용,남,28세,경상
2022100100100135,2022년 10월 1일 08시,토요일,제주특별자치도 제주시 도남동,경상사고,0,0,1,0,차대차 - 기타,안전운전불이행,건조,맑음,단일로 - 기타,승합,남,51세,상해없음,자전거,남,52세,경상
2022100100100158,2022년 10월 1일 09시,토요일,제주특별자치도 제주시 화북일동,경상사고,0,0,1,0,차대사람 - 보도통행중,기타,건조,맑음,단일로 - 기타,원동기,남,40세,상해없음,보행자,여,25세,경상
2022100100100196,2022년 10월 1일 10시,토요일,제주특별자치도 제주시 애월읍,경상사고,0,0,1,0,차대차 - 측면충돌,안전운전불이행,건조,맑음,단일로 - 기타,승용,남,70세,상해없음,승용,여,56세,경상
2022100100100309,2022년 10월 1일 13시,토요일,제주특별자치도 제주시 월평동,중상사고,0,1,0,0,차대사람 - 기타,안전운전불이행,건조,맑음,단일로 - 기타,승용,남,52세,상해없음,보행자,여,3세,중상
2022100100100311,2022년 10월 1일 13시,토요일,제주특별자치도 제주시 연동,경상사고,0,0,1,0,차대사람 - 기타,안전운전불이행,건조,맑음,단일로 - 기타,승용,남,34세,상해없음,보행자,남,26세,경상
2022100100100346,2022년 10월 1일 14시,토요일,제주특별자치도 제주시 한경면,중상사고,0,1,0,0,차량단독 - 공작물충돌,안전운전불이행,건조,맑음,단일로 - 기타,농기계,남,60세,중상,,,,
2022100100100461,2022년 10월 1일 17시,토요일,제주특별자치도 제주시 봉개동,경상사고,0,0,1,0,차대차 - 측면충돌,안전운전불이행,건조,맑음,교차로 - 교차로안,승용,여,39세,경상,승용,남,45세,상해없음
2022100100100462,2022년 10월 1일 17시,토요일,제주특별자치도 제주시 노형동,경상사고,0,0,1,0,차대차 - 추돌,안전운전불이행,건조,맑음,단일로 - 기타,승용,남,38세,상해없음,화물,남,41세,경상
2022100100100502,2022년 10월 1일 18시,토요일,제주특별자치도 서귀포시 성산읍,경상사고,0,0,2,0,차대차 - 측면충돌,안전운전불이행,건조,맑음,교차로 - 교차로안,승용,여,39세,상해없음,승용,여,23세,경상
2022100100100554,2022년 10월 1일 19시,토요일,제주특별자치도 서귀포시 표선면,부상신고사고,0,0,0,5,차대차 - 추돌,안전운전불이행,건조,맑음,단일로 - 기타,이륜,남,55세,상해없음,승용,여,61세,부상신고
2022100100100555,2022년 10월 1일 19시,토요일,제주특별자치도 제주시 노형동,경상사고,0,0,1,0,차대차 - 측면충돌,직진우회전진행방해,건조,맑음,교차로 - 교차로안,승용,남,45세,상해없음,이륜,남,46세,경상
2022100100100594,2022년 10월 1일 20시,토요일,제주특별자치도 서귀포시 보목동,경상사고,0,0,5,0,차대차 - 측면충돌,기타,건조,맑음,교차로 - 교차로안,승용,남,38세,경상,화물,남,21세,경상
2022100100100624,2022년 10월 1일 21시,토요일,제주특별자치도 서귀포시 안덕면,중상사고,0,1,0,0,차대사람 - 횡단중,안전운전불이행,건조,맑음,단일로 - 기타,승합,남,57세,상해없음,보행자,남,67세,중상
2022100100100666,2022년 10월 1일 23시,토요일,제주특별자치도 제주시 용담이동,경상사고,0,0,1,0,차대차 - 측면충돌,신호위반,건조,맑음,교차로 - 교차로안,승용,여,55세,상해없음,승용,남,39세,경상
2022100100100667,2022년 10월 1일 23시,토요일,제주특별자치도 제주시 애월읍,경상사고,0,0,1,0,차대차 - 추돌,안전운전불이행,건조,맑음,단일로 - 기타,이륜,남,20세,기타불명,승용,남,58세,경상
2022100200100060,2022년 10월 2일 06시,일요일,제주특별자치도 제주시 오라삼동,경상사고,0,0,2,0,차대차 - 추돌,안전운전불이행,건조,맑음,단일로 - 기타,승용,여,35세,상해없음,승용,남,67세,경상
2022100200100085,2022년 10월 2일 09시,일요일,제주특별자치도 제주시 애월읍,중상사고,0,3,2,0,차대차 - 정면충돌,중앙선침범,건조,맑음,교차로 - 교차로안,승용,여,55세,상해없음,승용,남,35세,경상
2022100200100106,2022년 10월 2일 10시,일요일,제주특별자치도 서귀포시 서귀동,중상사고,0,1,0,0,차대사람 - 차도통행중,기타,건조,맑음,교차로 - 교차로안,화물,남,62세,상해없음,보행자,여,67세,중상
2022100200100130,2022년 10월 2일 11시,일요일,제주특별자치도 제주시 봉개동,경상사고,0,0,3,0,차대차 - 추돌,안전운전불이행,건조,맑음,단일로 - 기타,승용,남,50세,상해없음,승용,남,41세,경상
2022100200100153,2022년 10월 2일 12시,일요일,제주특별자치도 제주시 노형동,중상사고,0,1,0,0,차대차 - 기타,신호위반,건조,맑음,교차로 - 교차로안,승용,남,39세,상해없음,이륜,남,46세,중상
2022100200100205,2022년 10월 2일 14시,일요일,제주특별자치도 서귀포시 남원읍,부상신고사고,0,0,0,1,차대차 - 기타,안전운전불이행,건조,맑음,기타 - 기타,기타불명,기타불명,미분류,기타불명,자전거,남,31세,부상신고
2022100200100206,2022년 10월 2일 14시,일요일,제주특별자치도 제주시 용담이동,경상사고,0,0,1,0,차대차 - 추돌,안전거리미확보,건조,맑음,교차로 - 교차로부근,승용,남,60세,상해없음,승용,여,37세,경상
2022100200100230,2022년 10월 2일 15시,일요일,제주특별자치도 서귀포시 중문동,경상사고,0,0,1,0,차대사람 - 기타,안전운전불이행,건조,맑음,기타 - 기타,승용,남,37세,상해없음,보행자,여,42세,경상
2022100200100294,2022년 10월 2일 17시,일요일,제주특별자치도 서귀포시 대정읍,부상신고사고,0,0,0,1,차대차 - 기타,안전운전불이행,건조,맑음,단일로 - 기타,승용,여,62세,상해없음,이륜,남,25세,부상신고
2022100200100328,2022년 10월 2일 18시,일요일,제주특별자치도 제주시 건입동,중상사고,0,1,0,0,차대사람 - 횡단중,신호위반,건조,맑음,교차로 - 교차로횡단보도내,이륜,남,69세,상해없음,보행자,남,79세,중상
2022100200100355,2022년 10월 2일 19시,일요일,제주특별자치도 제주시 이도이동,중상사고,0,1,0,0,차대차 - 추돌,안전운전불이행,건조,맑음,단일로 - 기타,승용,남,37세,상해없음,이륜,남,38세,중상
2022100200100356,2022년 10월 2일 19시,일요일,제주특별자치도 제주시 이도이동,경상사고,0,0,1,0,차대차 - 추돌,안전거리미확보,건조,맑음,단일로 - 기타,승용,남,78세,상해없음,승용,남,27세,경상
2022100200100357,2022년 10월 2일 19시,일요일,제주특별자치도 서귀포시 토평동,경상사고,0,0,1,0,차량단독 - 공작물충돌,안전운전불이행,건조,맑음,단일로 - 기타,승용,남,55세,경상,,,,
2022100200100399,2022년 10월 2일 20시,일요일,제주특별자치도 제주시 아라이동,중상사고,0,1,0,0,차대차 - 기타,교차로운행방법위반,건조,맑음,교차로 - 교차로안,화물,남,35세,상해없음,이륜,남,30세,중상
2022100200100400,2022년 10월 2일 20시,일요일,제주특별자치도 제주시 연동,경상사고,0,0,1,0,차대차 - 측면충돌,신호위반,건조,맑음,교차로 - 교차로안,승용,여,43세,상해없음,이륜,남,41세,경상
2022100300100033,2022년 10월 3일 02시,월요일,제주특별자치도 제주시 연동,경상사고,0,0,1,0,차대사람 - 기타,안전운전불이행,건조,맑음,교차로 - 교차로부근,승용,남,28세,상해없음,보행자,남,29세,경상
2022100300100058,2022년 10월 3일 05시,월요일,제주특별자치도 제주시 삼도이동,부상신고사고,0,0,0,1,차량단독 - 공작물충돌,안전운전불이행,건조,맑음,단일로 - 기타,승용,남,53세,부상신고,,,,
2022100300100294,2022년 10월 3일 16시,월요일,제주특별자치도 제주시 오라이동,중상사고,0,1,0,0,차대차 - 측면충돌,안전거리미확보,기타,기타,단일로 - 기타,특수,남,46세,상해없음,승용,여,53세,중상
2022100300100295,2022년 10월 3일 16시,월요일,제주특별자치도 서귀포시 중문동,중상사고,0,1,0,0,차대차 - 기타,안전운전불이행,건조,맑음,교차로 - 교차로부근,화물,남,45세,상해없음,이륜,남,17세,중상
2022100300100390,2022년 10월 3일 19시,월요일,제주특별자치도 서귀포시 표선면,중상사고,0,1,0,0,차대차 - 기타,직진우회전진행방해,건조,맑음,교차로 - 교차로안,승용,여,50세,상해없음,이륜,남,59세,중상
2022100300100391,2022년 10월 3일 19시,월요일,제주특별자치도 서귀포시 남원읍,경상사고,0,0,2,0,차대차 - 기타,직진우회전진행방해,건조,맑음,교차로 - 교차로안,승용,여,46세,상해없음,승합,남,54세,상해없음
2022100300100441,2022년 10월 3일 21시,월요일,제주특별자치도 제주시 삼양이동,경상사고,0,0,3,1,차대차 - 측면충돌,안전운전불이행,건조,맑음,교차로 - 교차로안,원동기,남,42세,부상신고,승용,남,40세,경상
2022100300100466,2022년 10월 3일 22시,월요일,제주특별자치도 제주시 애월읍,경상사고,0,0,2,1,차대차 - 기타,신호위반,건조,맑음,교차로 - 교차로안,승용,남,33세,부상신고,승용,남,55세,경상
2022100300100493,2022년 10월 3일 23시,월요일,제주특별자치도 제주시 연동,부상신고사고,0,0,0,1,차대사람 - 보도통행중,안전운전불이행,건조,맑음,교차로 - 교차로안,승합,남,33세,상해없음,보행자,여,25세,부상신고
2022100400100164,2022년 10월 4일 10시,화요일,제주특별자치도 서귀포시 표선면,경상사고,0,0,1,0,차대차 - 추돌,안전거리미확보,건조,맑음,단일로 - 기타,승용,여,49세,상해없음,승용,여,46세,경상