사고번호,사고일시,요일,시군구,사고내용,사망자수,중상자수,경상자수,부상신고자수,사고유형,법규위반,노면상태,기상상태,도로형태,가해운전자 차종,가해운전자 성별,가해운전자 연령,가해운전자 상해정도,피해운전자 차종,피해운전자 성별,피해운전자 연령,피해운전자 상해정도
2022100400100202,2022년 10월 4일 11시,화요일,제주특별자치도 서귀포시 상예동,경상사고,0,0,1,0,차대차 - 추돌,안전운전불이행,건조,맑음,교차로 - 교차로부근,승용,여,35세,상해없음,화물,남,41세,경상
2022100400100241,2022년 10월 4일 12시,화요일,제주특별자치도 서귀포시 남원읍,경상사고,0,0,2,0,차대차 - 측면충돌,기타,건조,맑음,교차로 - 교차로안,승용,남,29세,경상,승용,남,41세,경상
2022100400100242,2022년 10월 4일 12시,화요일,제주특별자치도 서귀포시 동홍동,경상사고,0,0,1,0,차대차 - 정면충돌,직진우회전진행방해,건조,맑음,교차로 - 교차로안,승용,남,67세,상해없음,자전거,남,25세,경상
2022100400100296,2022년 10월 4일 14시,화요일,제주특별자치도 제주시 화북일동,경상사고,0,0,1,0,차대사람 - 횡단중,신호위반,건조,흐림,교차로 - 교차로횡단보도내,화물,남,55세,상해없음,보행자,여,48세,경상
2022100400100340,2022년 10월 4일 15시,화요일,제주특별자치도 서귀포시 상효동,경상사고,0,0,2,0,차대차 - 측면충돌,안전거리미확보,건조,맑음,단일로 - 기타,승용,남,30세,상해없음,승용,남,42세,경상
2022100400100372,2022년 10월 4일 16시,화요일,제주특별자치도 서귀포시 남원읍,부상신고사고,0,0,0,2,차대차 - 측면충돌,안전운전불이행,건조,맑음,교차로 - 교차로안,승합,남,57세,상해없음,화물,남,61세,상해없음
2022100400100401,2022년 10월 4일 17시,화요일,제주특별자치도 서귀포시 상효동,경상사고,0,0,1,0,차량단독 - 공작물충돌,안전운전불이행,건조,맑음,단일로 - 기타,승용,여,53세,경상,,,,
2022100400100476,2022년 10월 4일 19시,화요일,제주특별자치도 제주시 노형동,경상사고,0,0,1,0,차대사람 - 횡단중,보행자보호의무위반,건조,맑음,교차로 - 교차로횡단보도내,승용,남,42세,상해없음,보행자,여,44세,경상
2022100400100504,2022년 10월 4일 20시,화요일,제주특별자치도 서귀포시 대정읍,경상사고,0,0,1,0,차대차 - 기타,안전운전불이행,건조,맑음,단일로 - 기타,승용,남,50세,상해없음,이륜,남,47세,경상
2022100400100505,2022년 10월 4일 20시,화요일,제주특별자치도 제주시 애월읍,중상사고,0,1,1,0,차대차 - 측면충돌,중앙선침범,건조,기타,미분류 - 미분류,승용,남,26세,상해없음,승용,남,25세,경상
2022100400100568,2022년 10월 4일 23시,화요일,제주특별자치도 제주시 이도이동,중상사고,0,1,0,0,차대사람 - 차도통행중,안전운전불이행,건조,맑음,단일로 - 기타,승용,남,46세,상해없음,보행자,남,68세,중상
2022100500100138,2022년 10월 5일 09시,수요일,제주특별자치도 서귀포시 회수동,경상사고,0,0,2,0,차대차 - 기타,안전운전불이행,건조,맑음,단일로 - 기타,화물,남,43세,상해없음,승용,남,78세,경상
2022100500100169,2022년 10월 5일 10시,수요일,제주특별자치도 제주시 노형동,경상사고,0,0,1,0,차대차 - 추돌,안전운전불이행,젖음/습기,비,교차로 - 교차로부근,승용,남,23세,상해없음,승용,남,30세,경상
2022100500100295,2022년 10월 5일 14시,수요일,제주특별자치도 제주시 월평동,경상사고,0,0,2,1,차대차 - 추돌,안전거리미확보,기타,기타,단일로 - 기타,승합,남,40세,상해없음,승용,남,27세,경상
2022100500100341,2022년 10월 5일 15시,수요일,제주특별자치도 제주시 구좌읍,경상사고,0,0,1,0,차대차 - 기타,안전운전불이행,건조,맑음,교차로 - 교차로부근,이륜,남,46세,상해없음,이륜,여,75세,경상
2022100500100342,2022년 10월 5일 15시,수요일,제주특별자치도 제주시 아라일동,경상사고,0,0,2,0,차대차 - 측면충돌,교차로운행방법위반,건조,맑음,교차로 - 교차로안,승용,남,21세,상해없음,승용,남,28세,경상
2022100500100343,2022년 10월 5일 15시,수요일,제주특별자치도 서귀포시 하원동,중상사고,0,1,0,0,차대차 - 기타,중앙선침범,건조,맑음,교차로 - 교차로부근,승용,남,37세,상해없음,승용,여,22세,중상
2022100500100518,2022년 10월 5일 19시,수요일,제주특별자치도 제주시 애월읍,부상신고사고,0,0,0,2,차대차 - 기타,안전운전불이행,건조,맑음,단일로 - 기타,화물,남,40세,상해없음,승용,남,27세,부상신고
2022100500100546,2022년 10월 5일 20시,수요일,제주특별자치도 서귀포시 서귀동,경상사고,0,0,1,0,차대사람 - 기타,안전운전불이행,건조,맑음,단일로 - 기타,승용,여,38세,상해없음,보행자,남,32세,경상
2022100500100567,2022년 10월 5일 21시,수요일,제주특별자치도 제주시 이도이동,경상사고,0,0,2,0,차대차 - 측면충돌,안전운전불이행,건조,맑음,단일로 - 기타,승용,남,57세,경상,승용,남,46세,경상
2022100600100069,2022년 10월 6일 07시,목요일,제주특별자치도 제주시 오라일동,경상사고,0,0,2,0,차대차 - 측면충돌,중앙선침범,건조,맑음,단일로 - 기타,승용,남,37세,상해없음,승용,남,42세,경상
2022100600100105,2022년 10월 6일 08시,목요일,제주특별자치도 서귀포시 서홍동,경상사고,0,0,1,0,차대차 - 기타,안전거리미확보,건조,맑음,단일로 - 기타,승용,여,67세,상해없음,승용,남,45세,경상
2022100600100106,2022년 10월 6일 08시,목요일,제주특별자치도 제주시 연동,경상사고,0,0,1,0,차대사람 - 차도통행중,보행자보호의무위반,젖음/습기,흐림,단일로 - 기타,승용,여,25세,기타불명,보행자,여,24세,경상
2022100600100107,2022년 10월 6일 08시,목요일,제주특별자치도 제주시 연동,경상사고,0,0,1,0,차대차 - 측면충돌,안전운전불이행,건조,맑음,단일로 - 기타,승용,여,58세,상해없음,승용,여,49세,경상
2022100600100211,2022년 10월 6일 11시,목요일,제주특별자치도 서귀포시 서귀동,경상사고,0,0,2,0,차대차 - 기타,신호위반,건조,맑음,교차로 - 교차로안,승합,남,45세,상해없음,승용,남,34세,경상
2022100600100245,2022년 10월 6일 12시,목요일,제주특별자치도 제주시 아라일동,경상사고,0,0,1,0,차대사람 - 횡단중,안전운전불이행,건조,맑음,단일로 - 기타,승용,여,31세,상해없음,보행자,여,19세,경상
2022100600100265,2022년 10월 6일 13시,목요일,제주특별자치도 서귀포시 토평동,경상사고,0,0,1,0,차량단독 - 기타,안전운전불이행,건조,맑음,단일로 - 기타,승합,남,37세,상해없음,,,,
2022100600100293,2022년 10월 6일 14시,목요일,제주특별자치도 서귀포시 강정동,부상신고사고,0,0,0,1,차량단독 - 공작물충돌,안전운전불이행,건조,맑음,단일로 - 기타,승용,남,77세,부상신고,,,,
2022100600100330,2022년 10월 6일 15시,목요일,제주특별자치도 제주시 조천읍,경상사고,0,0,2,0,차대차 - 측면충돌,안전운전불이행,건조,맑음,기타 - 기타,승합,남,54세,상해없음,승용,여,48세,경상
2022100600100407,2022년 10월 6일 17시,목요일,제주특별자치도 제주시 일도이동,중상사고,0,1,0,0,차대차 - 기타,안전운전불이행,건조,맑음,단일로 - 기타,승용,여,58세,상해없음,승용,여,39세,중상
2022100600100509,2022년 10월 6일 19시,목요일,제주특별자치도 제주시 구좌읍,경상사고,0,0,1,0,차대차 - 기타,안전운전불이행,건조,기타,단일로 - 기타,화물,남,35세,경상,농기계,남,49세,상해없음
2022100600100560,2022년 10월 6일 21시,목요일,제주특별자치도 제주시 연동,부상신고사고,0,0,0,1,차대차 - 기타,안전거리미확보,건조,맑음,교차로 - 교차로부근,승용,여,47세,상해없음,이륜,남,52세,부상신고
2022100700100035,2022년 10월 7일 04시,금요일,제주특별자치도 제주시 노형동,중상사고,0,1,0,0,차량단독 - 공작물충돌,안전운전불이행,젖음/습기,비,단일로 - 기타,이륜,남,40세,중상,,,,
2022100700100183,2022년 10월 7일 09시,금요일,제주특별자치도 제주시 구좌읍,경상사고,0,0,4,0,차대차 - 측면충돌,불법유턴,건조,맑음,단일로 - 기타,화물,남,67세,상해없음,승용,남,33세,경상
2022100700100241,2022년 10월 7일 11시,금요일,제주특별자치도 서귀포시 안덕면,경상사고,0,0,3,0,차대차 - 측면충돌,신호위반,건조,맑음,교차로 - 교차로안,승용,여,33세,경상,승용,남,43세,경상
2022100700100285,2022년 10월 7일 12시,금요일,제주특별자치도 제주시 조천읍,부상신고사고,0,0,0,1,차량단독 - 공작물충돌,안전운전불이행,건조,맑음,단일로 - 기타,승용,여,18세,부상신고,,,,
2022100700100327,2022년 10월 7일 13시,금요일,제주특별자치도 서귀포시 서귀동,중상사고,0,1,0,0,차대차 - 기타,기타,건조,맑음,교차로 - 교차로안,승용,남,37세,상해없음,이륜,남,71세,중상
2022100700100439,2022년 10월 7일 16시,금요일,제주특별자치도 제주시 일도이동,경상사고,0,0,2,0,차대차 - 측면충돌,직진우회전진행방해,건조,맑음,교차로 - 교차로안,승용,여,45세,경상,승용,남,42세,경상
2022100700100440,2022년 10월 7일 16시,금요일,제주특별자치도 제주시 노형동,경상사고,0,0,1,0,차대차 - 측면충돌,안전운전불이행,건조,맑음,교차로 - 교차로부근,화물,남,58세,상해없음,이륜,남,21세,경상
2022100700100490,2022년 10월 7일 17시,금요일,제주특별자치도 제주시 조천읍,경상사고,0,0,1,0,차대차 - 기타,교차로운행방법위반,건조,흐림,교차로 - 교차로안,승용,여,30세,상해없음,승용,남,49세,경상
2022100700100535,2022년 10월 7일 18시,금요일,제주특별자치도 제주시 조천읍,경상사고,0,0,1,0,차대차 - 측면충돌,안전운전불이행,건조,맑음,단일로 - 기타,승용,남,63세,상해없음,승용,남,49세,경상
2022100700100536,2022년 10월 7일 18시,금요일,제주특별자치도 제주시 연동,경상사고,0,0,3,0,차대차 - 측면충돌,안전거리미확보,건조,맑음,단일로 - 기타,승용,남,29세,경상,승용,여,44세,경상
2022100700100684,2022년 10월 7일 22시,금요일,제주특별자치도 제주시 용담이동,경상사고,0,0,1,0,차대차 - 정면충돌,중앙선침범,건조,맑음,단일로 - 기타,승용,남,74세,상해없음,승용,남,44세,경상
2022100800100069,2022년 10월 8일 05시,토요일,제주특별자치도 제주시 이도일동,경상사고,0,0,1,0,차대사람 - 차도통행중,안전운전불이행,건조,흐림,단일로 - 기타,승용,남,61세,상해없음,보행자,남,77세,경상
2022100800100100,2022년 10월 8일 07시,토요일,제주특별자치도 서귀포시 남원읍,경상사고,0,0,1,0,차대차 - 기타,안전운전불이행,건조,맑음,단일로 - 기타,승용,여,73세,상해없음,화물,남,62세,경상
2022100800100121,2022년 10월 8일 08시,토요일,제주특별자치도 제주시 연동,부상신고사고,0,0,0,1,차대차 - 정면충돌,직진우회전진행방해,젖음/습기,비,교차로 - 교차로부근,이륜,남,27세,부상신고,승합,남,57세,상해없음
2022100800100177,2022년 10월 8일 10시,토요일,제주특별자치도 제주시 아라이동,경상사고,0,0,1,0,차대차 - 측면충돌,신호위반,젖음/습기,비,교차로 - 교차로횡단보도내,승용,여,34세,상해없음,승용,남,40세,경상
2022100800100268,2022년 10월 8일 12시,토요일,제주특별자치도 제주시 화북이동,경상사고,0,0,1,0,차대차 - 기타,안전운전불이행,젖음/습기,흐림,단일로 - 기타,승용,남,34세,상해없음,이륜,남,43세,경상
2022100800100353,2022년 10월 8일 14시,토요일,제주특별자치도 서귀포시 대정읍,경상사고,0,0,1,0,차대차 - 기타,직진우회전진행방해,건조,맑음,교차로 - 교차로안,사륜오토바이(ATV),여,70세,경상,승용,남,32세,상해없음
2022100800100424,2022년 10월 8일 16시,토요일,제주특별자치도 서귀포시 표선면,경상사고,0,0,3,0,차대차 - 측면충돌,직진우회전진행방해,건조,맑음,교차로 - 교차로안,승용,남,22세,상해없음,승용,여,69세,경상
2022100800100425,2022년 10월 8일 16시,토요일,제주특별자치도 제주시 용담이동,경상사고,0,0,2,0,차대차 - 추돌,안전거리미확보,건조,맑음,단일로 - 기타,승용,남,25세,상해없음,승용,여,59세,경상
2022100800100472,2022년 10월 8일 17시,토요일,제주특별자치도 제주시 아라이동,경상사고,0,0,1,0,차대차 - 추돌,신호위반,건조,맑음,단일로 - 기타,승용,여,55세,상해없음,승합,남,54세,경상
2022100800100473,2022년 10월 8일 17시,토요일,제주특별자치도 서귀포시 색달동,경상사고,0,0,1,0,차대차 - 기타,안전거리미확보,건조,맑음,단일로 - 기타,승용,남,55세,상해없음,이륜,남,46세,경상
2022100800100516,2022년 10월 8일 18시,토요일,제주특별자치도 서귀포시 동홍동,경상사고,0,0,2,0,차대차 - 측면충돌,교차로운행방법위반,건조,맑음,교차로 - 교차로안,승용,여,52세,상해없음,승용,여,38세,경상
2022100800100557,2022년 10월 8일 19시,토요일,제주특별자치도 서귀포시 서홍동,중상사고,0,1,0,0,차대차 - 정면충돌,신호위반,건조,맑음,교차로 - 교차로안,승용,남,65세,상해없음,이륜,남,55세,중상
2022100800100623,2022년 10월 8일 21시,토요일,제주특별자치도 제주시 애월읍,경상사고,0,0,2,0,차대차 - 측면충돌,직진우회전진행방해,건조,맑음,교차로 - 교차로안,승용,여,48세,상해없음,승용,남,51세,경상
2022100900100174,2022년 10월 9일 12시,일요일,제주특별자치도 제주시 한림읍,중상사고,0,1,0,0,차대사람 - 횡단중,보행자보호의무위반,건조,맑음,교차로 - 교차로횡단보도내,자전거,남,39세,상해없음,보행자,남,49세,중상
2022100900100202,2022년 10월 9일 13시,일요일,제주특별자치도 제주시 용담이동,경상사고,0,0,1,0,차대차 - 측면충돌,안전거리미확보,건조,맑음,기타 - 기타,화물,남,61세,상해없음,승용,남,39세,경상
2022100900100203,2022년 10월 9일 13시,일요일,제주특별자치도 제주시 이호이동,경상사고,0,0,2,0,차대차 - 기타,안전운전불이행,건조,맑음,기타 - 기타,승용,남,74세,상해없음,승용,남,24세,경상
2022100900100235,2022년 10월 9일 14시,일요일,제주특별자치도 제주시 구좌읍,경상사고,0,0,1,0,차대차 - 측면충돌,안전운전불이행,건조,맑음,교차로 - 교차로부근,이륜,남,81세,경상,승용,여,53세,상해없음
2022100900100236,2022년 10월 9일 14시,일요일,제주특별자치도 서귀포시 대정읍,중상사고,0,1,0,0,차대차 - 측면충돌,차로위반,건조,맑음,단일로 - 기타,이륜,남,74세,중상,승용,여,28세,상해없음
2022100900100267,2022년 10월 9일 15시,일요일,제주특별자치도 제주시 아라일동,경상사고,0,0,1,0,차대차 - 기타,교차로운행방법위반,건조,맑음,교차로 - 교차로안,승용,여,51세,상해없음,이륜,남,35세,경상
2022100900100291,2022년 10월 9일 16시,일요일,제주특별자치도 서귀포시 남원읍,경상사고,0,0,1,0,차대차 - 기타,안전운전불이행,건조,맑음,교차로 - 교차로부근,승용,여,52세,상해없음,승용,남,33세,경상
2022100900100315,2022년 10월 9일 17시,일요일,제주특별자치도 제주시 삼도이동,경상사고,0,0,2,0,차대차 - 추돌,안전운전불이행,기타,기타,교차로 - 교차로부근,이륜,남,50세,상해없음,승용,남,36세,경상
2022100900100316,2022년 10월 9일 17시,일요일,제주특별자치도 제주시 연동,경상사고,0,0,1,0,차대사람 - 횡단중,안전운전불이행,건조,맑음,교차로 - 교차로안,승용,여,41세,기타불명,보행자,여,28세,경상
2022100900100363,2022년 10월 9일 18시,일요일,제주특별자치도 제주시 아라이동,경상사고,0,0,3,0,차대차 - 기타,신호위반,건조,맑음,단일로 - 기타,승용,남,75세,상해없음,승합,남,56세,경상
2022100900100364,2022년 10월 9일 18시,일요일,제주특별자치도 제주시 노형동,경상사고,0,0,2,0,차대사람 - 보도통행중,보행자보호의무위반,젖음/습기,흐림,교차로 - 교차로안,승용,여,60세,상해없음,보행자,남,46세,경상
2022100900100413,2022년 10월 9일 19시,일요일,제주특별자치도 제주시 용담이동,경상사고,0,0,1,0,차대사람 - 기타,안전운전불이행,건조,맑음,단일로 - 기타,화물,남,50세,상해없음,보행자,남,26세,경상
2022100900100414,2022년 10월 9일 19시,일요일,제주특별자치도 제주시 용담이동,경상사고,0,0,4,0,차대차 - 측면충돌,중앙선침범,젖음/습기,흐림,교차로 - 교차로부근,화물,남,50세,상해없음,승용,여,32세,경상
2022100900100507,2022년 10월 9일 22시,일요일,제주특별자치도 서귀포시 표선면,중상사고,0,1,0,0,차대차 - 측면충돌,안전운전불이행,건조,맑음,교차로 - 교차로안,승용,남,60세,상해없음,승용,여,54세,상해없음
2022101000100006,2022년 10월 10일 00시,월요일,제주특별자치도 서귀포시 호근동,경상사고,0,0,1,0,차량단독 - 공작물충돌,안전운전불이행,건조,맑음,단일로 - 기타,개인형이동수단(PM),남,17세,경상,,,,
2022101000100058,2022년 10월 10일 07시,월요일,제주특별자치도 서귀포시 대정읍,경상사고,0,0,1,0,차대차 - 기타,기타,건조,맑음,단일로 - 기타,기타불명,기타불명,미분류,기타불명,자전거,남,8세,경상
2022101000100127,2022년 10월 10일 11시,월요일,제주특별자치도 제주시 연동,경상사고,0,0,1,1,차대차 - 정면충돌,직진우회전진행방해,건조,맑음,교차로 - 교차로안,승용,남,23세,부상신고,승용,여,64세,경상
2022101000100151,2022년 10월 10일 12시,월요일,제주특별자치도 제주시 아라일동,부상신고사고,0,0,0,1,차량단독 - 기타,안전운전불이행,젖음/습기,흐림,교차로 - 교차로안,이륜,남,83세,부상신고,,,,
2022101000100152,2022년 10월 10일 12시,월요일,제주특별자치도 제주시 아라이동,경상사고,0,0,2,0,차대차 - 기타,신호위반,건조,흐림,교차로 - 교차로부근,화물,남,59세,경상,승용,여,38세,경상
2022101000100153,2022년 10월 10일 12시,월요일,제주특별자치도 제주시 한림읍,경상사고,0,0,2,0,차대차 - 측면충돌,직진우회전진행방해,건조,맑음,교차로 - 교차로안,화물,남,51세,경상,승용,남,48세,경상
2022101000100264,2022년 10월 10일 15시,월요일,제주특별자치도 제주시 연동,경상사고,0,0,2,0,차대차 - 측면충돌,직진우회전진행방해,건조,맑음,교차로 - 교차로부근,승용,여,51세,경상,승용,여,62세,경상
2022101000100342,2022년 10월 10일 17시,월요일,제주특별자치도 제주시 오라일동,경상사고,0,0,1,0,차대차 - 추돌,안전운전불이행,건조,맑음,교차로 - 교차로안,승용,남,55세,상해없음,이륜,남,29세,경상
2022101000100374,2022년 10월 10일 18시,월요일,제주특별자치도 서귀포시 중문동,경상사고,0,0,2,0,차대차 - 기타,기타,건조,맑음,단일로 - 기타,화물,남,63세,상해없음,승용,여,57세,경상
2022101000100406,2022년 10월 10일 19시,월요일,제주특별자치도 제주시 노형동,경상사고,0,0,1,0,차량단독 - 기타,안전운전불이행,건조,맑음,교차로 - 교차로부근,승용,남,66세,상해없음,,,,
2022101000100453,2022년 10월 10일 21시,월요일,제주특별자치도 제주시 용담일동,경상사고,0,0,1,0,차대차 - 정면충돌,직진우회전진행방해,건조,맑음,교차로 - 교차로안,승용,남,25세,상해없음,승용,여,31세,경상
2022101000100472,2022년 10월 10일 22시,월요일,제주특별자치도 제주시 애월읍,경상사고,0,0,2,0,차대차 - 추돌,안전운전불이행,건조,흐림,기타 - 기타,승용,남,21세,상해없음,승용,여,28세,경상
2022101100100010,2022년 10월 11일 01시,화요일,제주특별자치도 제주시 이도이동,중상사고,0,1,0,0,차대차 - 추돌,안전운전불이행,건조,맑음,단일로 - 기타,승용,남,48세,상해없음,승합,남,47세,중상
2022101100100078,2022년 10월 11일 07시,화요일,제주특별자치도 서귀포시 성산읍,경상사고,0,0,1,0,차대차 - 기타,안전운전불이행,건조,맑음,교차로 - 교차로부근,승용,남,29세,상해없음,이륜,남,38세,경상
2022101100100164,2022년 10월 11일 09시,화요일,제주특별자치도 서귀포시 성산읍,경상사고,0,0,1,0,차대사람 - 보도통행중,보행자보호의무위반,건조,맑음,교차로 - 교차로안,승용,남,65세,상해없음,보행자,남,28세,경상
2022101100100271,2022년 10월 11일 12시,화요일,제주특별자치도 제주시 도련일동,중상사고,0,1,0,0,차대차 - 기타,안전운전불이행,건조,맑음,교차로 - 교차로안,승용,여,57세,상해없음,이륜,남,45세,중상
2022101100100348,2022년 10월 11일 14시,화요일,제주특별자치도 제주시 아라이동,경상사고,0,0,1,0,차대차 - 측면충돌,교차로운행방법위반,건조,맑음,교차로 - 교차로안,승용,남,62세,상해없음,승용,남,66세,경상
2022101100100443,2022년 10월 11일 16시,화요일,제주특별자치도 제주시 노형동,경상사고,0,0,1,0,차대차 - 측면충돌,안전운전불이행,건조,맑음,교차로 - 교차로안,승용,여,51세,상해없음,승용,여,32세,경상
2022101100100552,2022년 10월 11일 18시,화요일,제주특별자치도 서귀포시 호근동,중상사고,0,1,0,0,차량단독 - 기타,안전운전불이행,건조,맑음,단일로 - 기타,승합,남,53세,기타불명,,,,
2022101100100602,2022년 10월 11일 19시,화요일,제주특별자치도 제주시 노형동,부상신고사고,0,0,0,1,차대차 - 측면충돌,안전거리미확보,건조,맑음,단일로 - 기타,이륜,남,79세,부상신고,승용,남,44세,상해없음
2022101100100628,2022년 10월 11일 20시,화요일,제주특별자치도 제주시 아라이동,경상사고,0,0,1,0,차대차 - 추돌,안전운전불이행,건조,맑음,단일로 - 기타,승용,남,35세,상해없음,승용,여,27세,경상
2022101100100629,2022년 10월 11일 20시,화요일,제주특별자치도 서귀포시 색달동,경상사고,0,0,2,0,차대차 - 측면충돌,신호위반,건조,맑음,교차로 - 교차로안,승용,여,30세,상해없음,승용,남,28세,경상
2022101100100683,2022년 10월 11일 23시,화요일,제주특별자치도 제주시 노형동,중상사고,0,1,2,0,차대차 - 추돌,안전거리미확보,건조,맑음,단일로 - 기타,화물,남,51세,상해없음,승용,남,72세,경상
2022101200100014,2022년 10월 12일 01시,수요일,제주특별자치도 서귀포시 신효동,사망사고,1,0,0,0,차량단독 - 기타,안전운전불이행,건조,맑음,단일로 - 교량,승용,남,66세,사망,,,,
2022101200100168,2022년 10월 12일 09시,수요일,제주특별자치도 서귀포시 서홍동,경상사고,0,0,1,0,차대차 - 후진중충돌,안전운전불이행,건조,맑음,단일로 - 기타,승용,남,66세,상해없음,개인형이동수단(PM),여,28세,경상
2022101200100196,2022년 10월 12일 10시,수요일,제주특별자치도 제주시 노형동,중상사고,0,1,0,0,차대차 - 추돌,안전운전불이행,건조,맑음,교차로 - 교차로부근,이륜,남,81세,중상,승용,여,58세,상해없음
2022101200100298,2022년 10월 12일 13시,수요일,제주특별자치도 제주시 외도일동,중상사고,0,1,0,0,차대사람 - 횡단중,보행자보호의무위반,건조,맑음,교차로 - 교차로횡단보도내,승용,여,38세,상해없음,보행자,여,23세,중상
2022101200100299,2022년 10월 12일 13시,수요일,제주특별자치도 제주시 애월읍,중상사고,0,1,1,0,차대차 - 기타,안전운전불이행,건조,맑음,단일로 - 기타,농기계,남,86세,경상,승용,여,51세,상해없음
2022101200100407,2022년 10월 12일 16시,수요일,제주특별자치도 제주시 노형동,경상사고,0,0,3,0,차대차 - 기타,직진우회전진행방해,건조,맑음,교차로 - 교차로안,화물,남,69세,경상,승용,남,24세,경상
2022101200100499,2022년 10월 12일 18시,수요일,제주특별자치도 서귀포시 법환동,경상사고,0,0,1,0,차대차 - 기타,안전운전불이행,건조,맑음,단일로 - 기타,승용,여,59세,상해없음,자전거,남,43세,경상
2022101200100553,2022년 10월 12일 19시,수요일,제주특별자치도 제주시 이도이동,경상사고,0,0,1,0,차대차 - 추돌,안전운전불이행,건조,맑음,단일로 - 기타,승용,남,66세,상해없음,승용,남,49세,경상
2022101200100554,2022년 10월 12일 19시,수요일,제주특별자치도 제주시 일도이동,경상사고,0,0,1,0,차대차 - 측면충돌,안전거리미확보,건조,맑음,단일로 - 기타,승합,남,55세,상해없음,승용,여,37세,경상
2022101200100615,2022년 10월 12일 21시,수요일,제주특별자치도 제주시 용담일동,경상사고,0,0,2,0,차대차 - 측면충돌,교차로운행방법위반,건조,맑음,교차로 - 교차로안,승용,여,29세,경상,승용,남,54세,경상
2022101300100166,2022년 10월 13일 09시,목요일,제주특별자치도 제주시 조천읍,부상신고사고,0,0,0,1,차량단독 - 공작물충돌,안전운전불이행,건조,맑음,단일로 - 기타,승용,여,33세,부상신고,,,,
2022101300100167,2022년 10월 13일 09시,목요일,제주특별자치도 제주시 오등동,경상사고,0,0,1,0,차대차 - 측면충돌,교차로운행방법위반,건조,맑음,교차로 - 교차로안,승용,여,46세,상해없음,승용,여,35세,경상
2022101300100240,2022년 10월 13일 11시,목요일,제주특별자치도 제주시 아라일동,경상사고,0,0,1,0,차대차 - 측면충돌,안전거리미확보,기타,기타,교차로 - 교차로부근,승용,여,69세,상해없음,승용,여,27세,경상
2022101300100241,2022년 10월 13일 11시,목요일,제주특별자치도 제주시 화북일동,경상사고,0,0,1,0,차대차 - 정면충돌,직진우회전진행방해,건조,맑음,교차로 - 교차로안,화물,남,69세,상해없음,승용,남,40세,경상
2022101300100409,2022년 10월 13일 16시,목요일,제주특별자치도 제주시 애월읍,경상사고,0,0,4,1,차대차 - 측면충돌,신호위반,건조,맑음,교차로 - 교차로안,승용,여,62세,부상신고,승합,여,55세,경상
2022101300100516,2022년 10월 13일 18시,목요일,제주특별자치도 제주시 구좌읍,경상사고,0,0,2,0,차대차 - 측면충돌,안전운전불이행,건조,맑음,단일로 - 기타,화물,남,47세,상해없음,승용,남,46세,경상
2022101300100592,2022년 10월 13일 20시,목요일,제주특별자치도 제주시 이도이동,사망사고,1,0,0,0,차대사람 - 횡단중,보행자보호의무위반,건조,맑음,교차로 - 교차로횡단보도내,승용,남,26세,상해없음,보행자,남,79세,사망
2022101400100207,2022년 10월 14일 11시,금요일,제주특별자치도 제주시 연동,경상사고,0,0,1,1,차대차 - 추돌,안전거리미확보,건조,맑음,교차로 - 교차로부근,승용,여,48세,부상신고,화물,남,43세,경상
2022101400100208,2022년 10월 14일 11시,금요일,제주특별자치도 제주시 연동,부상신고사고,0,0,0,1,차대차 - 추돌,안전운전불이행,건조,맑음,단일로 - 기타,이륜,남,20세,부상신고,승용,남,57세,기타불명
2022101400100325,2022년 10월 14일 14시,금요일,제주특별자치도 제주시 이도이동,경상사고,0,0,2,0,차대차 - 측면충돌,안전운전불이행,건조,맑음,교차로 - 교차로부근,이륜,남,51세,경상,승용,남,41세,경상
2022101400100364,2022년 10월 14일 15시,금요일,제주특별자치도 제주시 구좌읍,경상사고,0,0,4,0,차대차 - 측면충돌,중앙선침범,건조,맑음,단일로 - 기타,승용,남,22세,상해없음,승용,남,57세,경상
2022101400100414,2022년 10월 14일 16시,금요일,제주특별자치도 서귀포시 남원읍,중상사고,0,1,0,0,차대차 - 정면충돌,중앙선침범,건조,맑음,단일로 - 기타,승용,여,55세,상해없음,승용,남,42세,중상
2022101400100415,2022년 10월 14일 16시,금요일,제주특별자치도 제주시 한림읍,경상사고,0,0,1,0,차대차 - 측면충돌,직진우회전진행방해,건조,맑음,교차로 - 교차로안,승용,남,46세,경상,화물,남,39세,상해없음
2022101400100465,2022년 10월 14일 17시,금요일,제주특별자치도 제주시 조천읍,중상사고,0,2,3,0,차대차 - 측면충돌,신호위반,건조,맑음,교차로 - 교차로안,승용,여,44세,경상,승용,남,41세,중상
2022101400100592,2022년 10월 14일 19시,금요일,제주특별자치도 제주시 연동,경상사고,0,0,1,0,차대차 - 측면충돌,안전거리미확보,건조,맑음,교차로 - 교차로부근,승합,남,65세,기타불명,승용,남,54세,경상