사고번호,사고일시,요일,시군구,사고내용,사망자수,중상자수,경상자수,부상신고자수,사고유형,법규위반,노면상태,기상상태,도로형태,가해운전자 차종,가해운전자 성별,가해운전자 연령,가해운전자 상해정도,피해운전자 차종,피해운전자 성별,피해운전자 연령,피해운전자 상해정도
2022111500100135,2022년 11월 15일 08시,화요일,제주특별자치도 서귀포시 서홍동,경상사고,0,0,1,0,차대차 - 기타,안전운전불이행,건조,맑음,단일로 - 기타,승용,남,31세,상해없음,승용,여,41세,경상
2022111500100218,2022년 11월 15일 11시,화요일,제주특별자치도 제주시 구좌읍,부상신고사고,0,0,0,1,차대차 - 측면충돌,안전운전불이행,건조,맑음,단일로 - 기타,화물,남,30세,상해없음,원동기,여,87세,부상신고
2022111500100219,2022년 11월 15일 11시,화요일,제주특별자치도 서귀포시 법환동,경상사고,0,0,3,0,차대차 - 추돌,안전운전불이행,건조,맑음,교차로 - 교차로부근,승용,여,79세,상해없음,승용,남,42세,경상
2022111500100220,2022년 11월 15일 11시,화요일,제주특별자치도 서귀포시 표선면,경상사고,0,0,1,0,차대차 - 기타,안전운전불이행,건조,맑음,기타 - 기타,건설기계,남,50세,상해없음,건설기계,남,27세,경상
2022111500100264,2022년 11월 15일 12시,화요일,제주특별자치도 제주시 건입동,중상사고,0,1,0,0,차대사람 - 횡단중,안전운전불이행,건조,맑음,단일로 - 기타,자전거,여,72세,상해없음,보행자,여,90세,중상
2022111500100265,2022년 11월 15일 12시,화요일,제주특별자치도 제주시 도평동,중상사고,0,1,0,0,차대차 - 측면충돌,교차로운행방법위반,건조,맑음,교차로 - 교차로안,승용,여,52세,상해없음,이륜,남,53세,중상
2022111500100296,2022년 11월 15일 13시,화요일,제주특별자치도 제주시 노형동,경상사고,0,0,1,0,차대차 - 추돌,안전운전불이행,건조,맑음,단일로 - 기타,승용,남,22세,기타불명,이륜,남,60세,경상
2022111500100363,2022년 11월 15일 15시,화요일,제주특별자치도 제주시 화북이동,사망사고,1,0,0,0,차대차 - 기타,안전운전불이행,건조,맑음,단일로 - 기타,화물,남,45세,상해없음,이륜,남,41세,사망
2022111500100453,2022년 11월 15일 17시,화요일,제주특별자치도 제주시 오라일동,경상사고,0,0,1,0,차대사람 - 기타,안전운전불이행,건조,맑음,단일로 - 기타,승용,남,48세,상해없음,보행자,남,40세,경상
2022111500100454,2022년 11월 15일 17시,화요일,제주특별자치도 서귀포시 안덕면,경상사고,0,0,1,0,차대차 - 추돌,기타,건조,맑음,단일로 - 기타,승용,여,24세,상해없음,승용,여,51세,경상
2022111500100517,2022년 11월 15일 18시,화요일,제주특별자치도 제주시 애월읍,중상사고,0,1,0,0,차대사람 - 차도통행중,안전운전불이행,건조,맑음,단일로 - 기타,승용,남,45세,상해없음,보행자,남,62세,중상
2022111500100634,2022년 11월 15일 23시,화요일,제주특별자치도 제주시 노형동,경상사고,0,0,1,0,차대사람 - 차도통행중,안전운전불이행,건조,기타,단일로 - 기타,승용,남,65세,상해없음,보행자,남,50세,경상
2022111600100237,2022년 11월 16일 11시,수요일,제주특별자치도 제주시 구좌읍,중상사고,0,1,0,0,차대차 - 기타,직진우회전진행방해,건조,맑음,교차로 - 교차로안,농기계,남,83세,상해없음,이륜,남,59세,중상
2022111600100441,2022년 11월 16일 16시,수요일,제주특별자치도 서귀포시 안덕면,경상사고,0,0,2,0,차대차 - 기타,안전운전불이행,건조,맑음,교차로 - 교차로안,승용,남,50세,상해없음,승용,남,40세,경상
2022111600100442,2022년 11월 16일 16시,수요일,제주특별자치도 제주시 이호이동,경상사고,0,0,1,0,차대차 - 기타,안전거리미확보,건조,맑음,단일로 - 기타,승용,여,26세,기타불명,승용,여,26세,경상
2022111600100571,2022년 11월 16일 18시,수요일,제주특별자치도 제주시 애월읍,경상사고,0,0,1,0,차대차 - 후진중충돌,안전운전불이행,건조,맑음,기타 - 기타,승용,남,25세,상해없음,승용,남,20세,경상
2022111600100644,2022년 11월 16일 20시,수요일,제주특별자치도 서귀포시 대정읍,중상사고,0,1,0,0,차대차 - 기타,안전운전불이행,건조,맑음,단일로 - 기타,승용,남,53세,상해없음,이륜,남,46세,중상
2022111600100683,2022년 11월 16일 22시,수요일,제주특별자치도 제주시 노형동,경상사고,0,0,1,0,차대차 - 측면충돌,직진우회전진행방해,건조,맑음,교차로 - 교차로안,승용,남,40세,상해없음,승용,남,66세,경상
2022111700100009,2022년 11월 17일 00시,목요일,제주특별자치도 제주시 애월읍,경상사고,0,0,2,0,차대차 - 측면충돌,안전운전불이행,건조,맑음,교차로 - 교차로안,승용,남,28세,경상,승용,남,38세,상해없음
2022111700100102,2022년 11월 17일 08시,목요일,제주특별자치도 서귀포시 서홍동,경상사고,0,0,1,0,차대차 - 기타,직진우회전진행방해,건조,맑음,교차로 - 교차로안,승용,남,66세,상해없음,승용,남,55세,경상
2022111700100266,2022년 11월 17일 13시,목요일,제주특별자치도 제주시 일도이동,경상사고,0,0,1,0,차대차 - 추돌,안전운전불이행,건조,맑음,교차로 - 교차로부근,승용,여,61세,상해없음,승합,남,53세,상해없음
2022111700100267,2022년 11월 17일 13시,목요일,제주특별자치도 서귀포시 성산읍,경상사고,0,0,1,0,차대차 - 추돌,안전거리미확보,건조,맑음,교차로 - 교차로부근,원동기,여,91세,경상,승용,남,52세,상해없음
2022111700100365,2022년 11월 17일 16시,목요일,제주특별자치도 제주시 봉개동,중상사고,0,1,0,0,차량단독 - 공작물충돌,안전운전불이행,건조,맑음,교차로 - 교차로안,화물,남,58세,중상,,,,
2022111700100416,2022년 11월 17일 17시,목요일,제주특별자치도 서귀포시 서귀동,경상사고,0,0,1,0,차대차 - 측면충돌,중앙선침범,건조,맑음,단일로 - 기타,자전거,남,68세,경상,승합,남,72세,상해없음
2022111700100477,2022년 11월 17일 18시,목요일,제주특별자치도 서귀포시 안덕면,경상사고,0,0,1,2,차대차 - 측면충돌,교차로운행방법위반,건조,맑음,교차로 - 교차로안,승용,여,40세,상해없음,승용,여,39세,경상
2022111800100009,2022년 11월 18일 00시,금요일,제주특별자치도 제주시 이도이동,경상사고,0,0,3,0,차대차 - 추돌,안전운전불이행,기타,기타,단일로 - 기타,승용,여,29세,상해없음,승용,남,58세,경상
2022111800100063,2022년 11월 18일 06시,금요일,제주특별자치도 제주시 일도이동,경상사고,0,0,1,0,차대차 - 기타,신호위반,건조,맑음,교차로 - 교차로안,승용,남,31세,상해없음,승용,여,67세,경상
2022111800100105,2022년 11월 18일 08시,금요일,제주특별자치도 서귀포시 토평동,경상사고,0,0,2,0,차대차 - 기타,신호위반,건조,맑음,교차로 - 교차로안,승용,남,74세,상해없음,승합,남,47세,경상
2022111800100139,2022년 11월 18일 09시,금요일,제주특별자치도 제주시 조천읍,경상사고,0,0,2,0,차대차 - 측면충돌,안전운전불이행,건조,맑음,기타 - 기타,승용,남,68세,상해없음,승용,남,61세,경상
2022111800100140,2022년 11월 18일 09시,금요일,제주특별자치도 제주시 조천읍,경상사고,0,0,1,0,차대차 - 측면충돌,안전운전불이행,건조,흐림,단일로 - 기타,승용,여,50세,상해없음,승용,여,27세,경상
2022111800100141,2022년 11월 18일 09시,금요일,제주특별자치도 제주시 애월읍,부상신고사고,0,0,0,1,차량단독 - 기타,기타,건조,맑음,단일로 - 기타,승합,남,43세,상해없음,,,,
2022111800100171,2022년 11월 18일 10시,금요일,제주특별자치도 서귀포시 안덕면,경상사고,0,0,2,0,차대차 - 추돌,안전운전불이행,건조,맑음,교차로 - 교차로부근,화물,남,44세,상해없음,승용,남,52세,경상
2022111800100204,2022년 11월 18일 11시,금요일,제주특별자치도 제주시 애월읍,경상사고,0,0,3,0,차대차 - 기타,안전거리미확보,건조,맑음,단일로 - 기타,승합,남,64세,상해없음,승용,여,28세,경상
2022111800100313,2022년 11월 18일 14시,금요일,제주특별자치도 서귀포시 남원읍,중상사고,0,1,0,0,차대차 - 측면충돌,신호위반,건조,맑음,교차로 - 교차로안,승용,남,46세,상해없음,자전거,남,34세,중상
2022111800100392,2022년 11월 18일 16시,금요일,제주특별자치도 제주시 애월읍,경상사고,0,0,1,0,차대차 - 기타,신호위반,건조,맑음,교차로 - 교차로부근,이륜,남,51세,경상,승용,여,58세,상해없음
2022111800100457,2022년 11월 18일 17시,금요일,제주특별자치도 제주시 이도이동,경상사고,0,0,1,1,차대차 - 측면충돌,안전거리미확보,건조,맑음,단일로 - 기타,승용,남,68세,부상신고,승용,남,74세,경상
2022111800100602,2022년 11월 18일 19시,금요일,제주특별자치도 서귀포시 동홍동,경상사고,0,0,1,1,차대차 - 정면충돌,중앙선침범,건조,맑음,단일로 - 기타,승합,여,73세,부상신고,승합,남,46세,경상
2022111800100636,2022년 11월 18일 20시,금요일,제주특별자치도 제주시 노형동,경상사고,0,0,1,0,차대차 - 측면충돌,안전운전불이행,건조,기타,교차로 - 교차로안,승용,여,22세,상해없음,승용,남,26세,상해없음
2022111800100637,2022년 11월 18일 20시,금요일,제주특별자치도 제주시 해안동,부상신고사고,0,0,0,1,차대차 - 측면충돌,안전운전불이행,건조,맑음,교차로 - 교차로안,승용,남,59세,상해없음,승합,남,29세,상해없음
2022111900100014,2022년 11월 19일 00시,토요일,제주특별자치도 서귀포시 대포동,경상사고,0,0,1,0,차대사람 - 기타,안전운전불이행,건조,맑음,단일로 - 기타,화물,남,54세,상해없음,보행자,여,14세,경상
2022111900100117,2022년 11월 19일 09시,토요일,제주특별자치도 제주시 오라삼동,경상사고,0,0,1,0,차대사람 - 기타,안전운전불이행,건조,맑음,교차로 - 교차로부근,승용,남,53세,상해없음,보행자,남,20세,경상
2022111900100181,2022년 11월 19일 11시,토요일,제주특별자치도 서귀포시 표선면,중상사고,0,1,2,0,차대차 - 측면충돌,중앙선침범,건조,맑음,단일로 - 기타,승용,여,64세,상해없음,승용,여,59세,경상
2022111900100217,2022년 11월 19일 12시,토요일,제주특별자치도 제주시 일도이동,중상사고,0,1,0,0,차대차 - 측면충돌,직진우회전진행방해,건조,맑음,교차로 - 교차로안,승용,남,66세,상해없음,이륜,남,51세,중상
2022111900100251,2022년 11월 19일 13시,토요일,제주특별자치도 제주시 노형동,경상사고,0,0,2,0,차대차 - 기타,신호위반,건조,맑음,교차로 - 교차로안,승용,남,55세,상해없음,이륜,남,19세,경상
2022111900100323,2022년 11월 19일 15시,토요일,제주특별자치도 제주시 삼양이동,경상사고,0,0,1,0,차대차 - 추돌,교차로운행방법위반,건조,맑음,교차로 - 교차로횡단보도내,이륜,남,23세,경상,승용,남,40세,상해없음
2022111900100324,2022년 11월 19일 15시,토요일,제주특별자치도 제주시 노형동,경상사고,0,0,1,0,차대차 - 측면충돌,교차로운행방법위반,건조,맑음,교차로 - 교차로안,승용,남,35세,상해없음,이륜,남,53세,경상
2022111900100355,2022년 11월 19일 16시,토요일,제주특별자치도 서귀포시 강정동,경상사고,0,0,3,0,차대차 - 기타,직진우회전진행방해,건조,맑음,교차로 - 교차로안,승용,여,39세,경상,승용,남,56세,경상
2022111900100407,2022년 11월 19일 17시,토요일,제주특별자치도 제주시 연동,경상사고,0,0,1,0,차대사람 - 보도통행중,기타,건조,맑음,단일로 - 기타,화물,남,35세,상해없음,보행자,여,57세,경상
2022111900100459,2022년 11월 19일 18시,토요일,제주특별자치도 제주시 이도이동,경상사고,0,0,1,0,차대차 - 추돌,안전운전불이행,건조,맑음,단일로 - 기타,승용,남,30세,상해없음,승용,여,46세,경상
2022111900100598,2022년 11월 19일 23시,토요일,제주특별자치도 제주시 한림읍,중상사고,0,1,0,0,차대차 - 정면충돌,안전운전불이행,건조,맑음,단일로 - 기타,승용,남,25세,상해없음,이륜,여,69세,중상
2022112000100047,2022년 11월 20일 05시,일요일,제주특별자치도 제주시 용담이동,경상사고,0,0,1,0,차대사람 - 횡단중,보행자보호의무위반,건조,맑음,교차로 - 교차로횡단보도내,승용,남,67세,상해없음,보행자,남,45세,경상
2022112000100100,2022년 11월 20일 10시,일요일,제주특별자치도 제주시 노형동,경상사고,0,0,1,0,차대차 - 기타,직진우회전진행방해,젖음/습기,흐림,교차로 - 교차로안,승용,남,36세,상해없음,이륜,남,51세,경상
2022112000100348,2022년 11월 20일 18시,일요일,제주특별자치도 서귀포시 회수동,중상사고,0,1,0,0,차대사람 - 횡단중,보행자보호의무위반,젖음/습기,비,단일로 - 기타,승용,남,57세,상해없음,보행자,남,81세,중상
2022112000100375,2022년 11월 20일 19시,일요일,제주특별자치도 제주시 애월읍,경상사고,0,0,2,0,차대차 - 측면충돌,신호위반,서리/결빙,맑음,교차로 - 교차로안,승용,남,60세,상해없음,승용,여,46세,경상
2022112000100408,2022년 11월 20일 20시,일요일,제주특별자치도 제주시 이호일동,경상사고,0,0,1,0,차대차 - 추돌,안전운전불이행,건조,맑음,단일로 - 기타,승용,남,15세,상해없음,승용,여,41세,경상
2022112000100427,2022년 11월 20일 21시,일요일,제주특별자치도 서귀포시 대정읍,중상사고,0,1,0,0,차대사람 - 차도통행중,안전운전불이행,건조,맑음,단일로 - 기타,특수,남,42세,상해없음,보행자,남,60세,중상
2022112100100107,2022년 11월 21일 08시,월요일,제주특별자치도 서귀포시 호근동,경상사고,0,0,1,0,차대차 - 기타,직진우회전진행방해,건조,맑음,교차로 - 교차로안,승용,남,27세,상해없음,승합,남,54세,상해없음
2022112100100108,2022년 11월 21일 08시,월요일,제주특별자치도 제주시 외도일동,중상사고,0,1,0,0,차대차 - 기타,안전운전불이행,건조,맑음,단일로 - 기타,화물,남,39세,상해없음,원동기,남,38세,중상
2022112100100109,2022년 11월 21일 08시,월요일,제주특별자치도 제주시 용담이동,경상사고,0,0,1,1,차대차 - 기타,안전운전불이행,젖음/습기,맑음,단일로 - 기타,승용,남,52세,상해없음,승용,여,54세,경상
2022112100100142,2022년 11월 21일 09시,월요일,제주특별자치도 서귀포시 남원읍,경상사고,0,0,2,0,차대차 - 기타,직진우회전진행방해,건조,맑음,교차로 - 교차로안,승용,여,54세,상해없음,승용,여,52세,경상
2022112100100143,2022년 11월 21일 09시,월요일,제주특별자치도 서귀포시 안덕면,중상사고,0,1,0,0,차대차 - 기타,교차로운행방법위반,건조,맑음,교차로 - 교차로안,승용,남,67세,상해없음,승용,여,67세,중상
2022112100100144,2022년 11월 21일 09시,월요일,제주특별자치도 제주시 연동,중상사고,0,1,0,0,차대차 - 측면충돌,안전운전불이행,건조,맑음,단일로 - 기타,자전거,여,59세,중상,승용,여,31세,상해없음
2022112100100175,2022년 11월 21일 10시,월요일,제주특별자치도 제주시 도두이동,경상사고,0,0,2,0,차대차 - 측면충돌,안전거리미확보,건조,맑음,단일로 - 기타,승합,남,29세,상해없음,승용,남,38세,경상
2022112100100249,2022년 11월 21일 12시,월요일,제주특별자치도 제주시 오등동,경상사고,0,0,2,0,차대차 - 측면충돌,교차로운행방법위반,건조,맑음,교차로 - 교차로안,승용,여,53세,경상,승용,여,53세,경상
2022112100100285,2022년 11월 21일 14시,월요일,제주특별자치도 제주시 연동,경상사고,0,0,1,0,차대차 - 기타,안전운전불이행,건조,맑음,교차로 - 교차로안,원동기,남,36세,경상,승용,남,38세,상해없음
2022112100100402,2022년 11월 21일 17시,월요일,제주특별자치도 서귀포시 중문동,경상사고,0,0,2,0,차대차 - 측면충돌,직진우회전진행방해,건조,맑음,교차로 - 교차로안,승용,남,75세,상해없음,화물,남,41세,경상
2022112100100476,2022년 11월 21일 18시,월요일,제주특별자치도 제주시 오라일동,경상사고,0,0,1,0,차대차 - 측면충돌,안전운전불이행,건조,맑음,교차로 - 교차로안,이륜,남,17세,경상,승용,남,68세,상해없음
2022112100100512,2022년 11월 21일 19시,월요일,제주특별자치도 제주시 애월읍,경상사고,0,0,1,0,차대차 - 기타,안전운전불이행,건조,맑음,단일로 - 기타,화물,남,26세,경상,화물,남,51세,상해없음
2022112100100564,2022년 11월 21일 22시,월요일,제주특별자치도 제주시 이호이동,경상사고,0,0,1,0,차대차 - 기타,기타,건조,맑음,단일로 - 기타,승합,남,55세,상해없음,승용,남,50세,경상
2022112200100070,2022년 11월 22일 07시,화요일,제주특별자치도 제주시 건입동,경상사고,0,0,2,0,차대차 - 측면충돌,안전거리미확보,건조,맑음,단일로 - 기타,화물,남,34세,경상,승용,여,47세,경상
2022112200100111,2022년 11월 22일 08시,화요일,제주특별자치도 서귀포시 동홍동,경상사고,0,0,1,0,차대차 - 측면충돌,안전거리미확보,건조,맑음,단일로 - 기타,승용,남,64세,상해없음,승용,여,38세,경상
2022112200100133,2022년 11월 22일 09시,화요일,제주특별자치도 제주시 오라이동,경상사고,0,0,1,0,차대차 - 측면충돌,안전운전불이행,건조,맑음,교차로 - 교차로안,건설기계,남,54세,상해없음,승용,여,53세,경상
2022112200100162,2022년 11월 22일 10시,화요일,제주특별자치도 제주시 연동,경상사고,0,0,1,1,차대차 - 기타,직진우회전진행방해,건조,맑음,교차로 - 교차로안,승용,남,44세,부상신고,이륜,남,62세,경상
2022112200100197,2022년 11월 22일 11시,화요일,제주특별자치도 서귀포시 회수동,경상사고,0,0,1,0,차대차 - 추돌,안전거리미확보,건조,맑음,교차로 - 교차로안,화물,남,35세,상해없음,승용,남,58세,경상
2022112200100239,2022년 11월 22일 13시,화요일,제주특별자치도 제주시 노형동,경상사고,0,0,1,1,차대차 - 정면충돌,직진우회전진행방해,건조,맑음,교차로 - 교차로안,승용,여,34세,부상신고,승용,여,22세,경상
2022112200100270,2022년 11월 22일 14시,화요일,제주특별자치도 제주시 이도이동,중상사고,0,1,0,0,차대사람 - 차도통행중,안전운전불이행,건조,맑음,교차로 - 교차로부근,승합,남,67세,상해없음,보행자,여,49세,중상
2022112200100271,2022년 11월 22일 14시,화요일,제주특별자치도 제주시 용담이동,부상신고사고,0,0,0,1,차대사람 - 기타,안전운전불이행,건조,맑음,단일로 - 기타,승합,남,64세,상해없음,보행자,남,37세,부상신고
2022112200100272,2022년 11월 22일 14시,화요일,제주특별자치도 제주시 노형동,중상사고,0,1,0,0,차대사람 - 횡단중,안전운전불이행,건조,맑음,교차로 - 교차로횡단보도내,승용,여,30세,상해없음,보행자,여,12세,중상
2022112200100458,2022년 11월 22일 18시,화요일,제주특별자치도 제주시 노형동,경상사고,0,0,1,0,차대사람 - 횡단중,보행자보호의무위반,젖음/습기,비,단일로 - 기타,승용,여,42세,상해없음,보행자,여,24세,경상
2022112200100515,2022년 11월 22일 19시,화요일,제주특별자치도 제주시 이도이동,경상사고,0,0,1,0,차대차 - 추돌,교차로운행방법위반,젖음/습기,비,교차로 - 교차로부근,승용,남,30세,상해없음,승용,여,23세,경상
2022112200100516,2022년 11월 22일 19시,화요일,제주특별자치도 제주시 용담이동,부상신고사고,0,0,0,1,차대차 - 기타,안전운전불이행,젖음/습기,비,교차로 - 교차로부근,승용,여,24세,상해없음,승용,여,26세,부상신고
2022112300100182,2022년 11월 23일 11시,수요일,제주특별자치도 제주시 아라일동,경상사고,0,0,1,0,차대차 - 후진중충돌,안전운전불이행,기타,기타,교차로 - 교차로안,승용,여,50세,상해없음,화물,남,53세,경상
2022112300100203,2022년 11월 23일 12시,수요일,제주특별자치도 제주시 일도일동,중상사고,0,1,0,0,차대사람 - 기타,안전운전불이행,건조,맑음,단일로 - 기타,화물,남,50세,상해없음,보행자,여,21세,중상
2022112300100260,2022년 11월 23일 14시,수요일,제주특별자치도 서귀포시 법환동,경상사고,0,0,1,0,차대차 - 측면충돌,안전운전불이행,건조,맑음,단일로 - 기타,승용,여,42세,기타불명,승용,여,38세,경상
2022112300100374,2022년 11월 23일 17시,수요일,제주특별자치도 서귀포시 성산읍,경상사고,0,0,1,0,차량단독 - 기타,안전운전불이행,건조,맑음,단일로 - 기타,승합,남,48세,상해없음,,,,
2022112300100485,2022년 11월 23일 19시,수요일,제주특별자치도 서귀포시 서귀동,부상신고사고,0,0,0,1,차대사람 - 기타,안전운전불이행,건조,맑음,단일로 - 기타,화물,남,48세,상해없음,보행자,남,62세,부상신고
2022112300100486,2022년 11월 23일 19시,수요일,제주특별자치도 제주시 애월읍,경상사고,0,0,1,0,차대사람 - 차도통행중,안전운전불이행,건조,기타,단일로 - 기타,승용,남,34세,상해없음,보행자,남,63세,경상
2022112300100545,2022년 11월 23일 21시,수요일,제주특별자치도 제주시 연동,경상사고,0,0,1,0,차대사람 - 차도통행중,안전운전불이행,건조,맑음,교차로 - 교차로부근,승용,남,33세,상해없음,보행자,남,41세,경상
2022112300100559,2022년 11월 23일 22시,수요일,제주특별자치도 제주시 용담일동,중상사고,0,1,1,0,차대차 - 정면충돌,직진우회전진행방해,건조,맑음,교차로 - 교차로안,승용,여,46세,경상,승용,여,64세,중상
2022112400100068,2022년 11월 24일 07시,목요일,제주특별자치도 제주시 삼도이동,부상신고사고,0,0,0,1,차대차 - 측면충돌,직진우회전진행방해,건조,맑음,교차로 - 교차로안,승용,남,26세,부상신고,승용,남,36세,상해없음
2022112400100115,2022년 11월 24일 08시,목요일,제주특별자치도 제주시 구좌읍,중상사고,0,1,0,0,차대차 - 후진중충돌,안전운전불이행,건조,맑음,단일로 - 기타,화물,남,71세,상해없음,이륜,남,52세,중상
2022112400100116,2022년 11월 24일 08시,목요일,제주특별자치도 서귀포시 서귀동,경상사고,0,0,1,0,차대차 - 기타,안전운전불이행,건조,맑음,교차로 - 교차로안,승용,여,56세,상해없음,승용,여,72세,경상
2022112400100156,2022년 11월 24일 09시,목요일,제주특별자치도 제주시 이도일동,경상사고,0,0,1,0,차대차 - 후진중충돌,안전운전불이행,건조,맑음,단일로 - 기타,화물,남,45세,상해없음,이륜,남,70세,경상
2022112400100202,2022년 11월 24일 11시,목요일,제주특별자치도 제주시 조천읍,경상사고,0,0,1,1,차대차 - 추돌,안전운전불이행,건조,맑음,단일로 - 기타,승용,여,26세,부상신고,승용,남,69세,경상
2022112400100203,2022년 11월 24일 11시,목요일,제주특별자치도 서귀포시 남원읍,경상사고,0,0,2,0,차대차 - 추돌,안전운전불이행,건조,맑음,교차로 - 교차로부근,승용,남,65세,상해없음,화물,남,37세,경상
2022112400100204,2022년 11월 24일 11시,목요일,제주특별자치도 제주시 한림읍,경상사고,0,0,2,0,차대차 - 측면충돌,신호위반,건조,맑음,교차로 - 교차로안,승용,남,28세,경상,승용,여,45세,경상
2022112400100205,2022년 11월 24일 11시,목요일,제주특별자치도 제주시 노형동,중상사고,0,1,1,1,차대차 - 정면충돌,중앙선침범,건조,맑음,교차로 - 교차로부근,승용,남,25세,경상,승용,여,38세,중상
2022112400100271,2022년 11월 24일 13시,목요일,제주특별자치도 서귀포시 법환동,부상신고사고,0,0,0,1,차대사람 - 기타,보행자보호의무위반,건조,맑음,단일로 - 기타,승용,남,43세,상해없음,보행자,남,54세,부상신고
2022112400100272,2022년 11월 24일 13시,목요일,제주특별자치도 서귀포시 성산읍,중상사고,0,1,1,0,차대차 - 추돌,안전거리미확보,건조,맑음,교차로 - 교차로부근,화물,남,71세,상해없음,승합,여,59세,상해없음
2022112400100308,2022년 11월 24일 14시,목요일,제주특별자치도 제주시 노형동,경상사고,0,0,1,0,차대차 - 기타,안전거리미확보,건조,맑음,단일로 - 기타,승용,남,19세,상해없음,승용,여,68세,경상
2022112400100346,2022년 11월 24일 15시,목요일,제주특별자치도 제주시 오라일동,경상사고,0,0,1,0,차대차 - 기타,안전거리미확보,건조,맑음,단일로 - 기타,승용,남,67세,상해없음,승용,남,33세,경상
2022112400100347,2022년 11월 24일 15시,목요일,제주특별자치도 서귀포시 동홍동,경상사고,0,0,1,0,차대차 - 추돌,안전운전불이행,건조,맑음,교차로 - 교차로안,승용,여,39세,상해없음,승용,여,27세,경상
2022112400100388,2022년 11월 24일 16시,목요일,제주특별자치도 서귀포시 동홍동,중상사고,0,1,0,0,차대사람 - 기타,안전운전불이행,건조,맑음,단일로 - 기타,승용,남,72세,상해없음,보행자,여,70세,중상
2022112400100431,2022년 11월 24일 17시,목요일,제주특별자치도 제주시 삼양이동,경상사고,0,0,2,0,차대차 - 측면충돌,교차로운행방법위반,건조,맑음,교차로 - 교차로안,승용,남,69세,상해없음,승용,여,28세,경상
2022112400100566,2022년 11월 24일 20시,목요일,제주특별자치도 제주시 연동,중상사고,0,1,0,0,차대사람 - 보도통행중,기타,건조,맑음,기타 - 기타,이륜,남,33세,상해없음,보행자,남,78세,중상
2022112400100610,2022년 11월 24일 22시,목요일,제주특별자치도 제주시 이도일동,부상신고사고,0,0,0,1,차대차 - 기타,신호위반,건조,흐림,교차로 - 교차로안,이륜,남,18세,부상신고,승용,여,36세,상해없음
2022112400100611,2022년 11월 24일 22시,목요일,제주특별자치도 서귀포시 하원동,경상사고,0,0,1,0,차량단독 - 공작물충돌,안전운전불이행,건조,맑음,단일로 - 기타,승용,여,61세,경상,,,,
2022112400100612,2022년 11월 24일 22시,목요일,제주특별자치도 제주시 외도일동,경상사고,0,0,1,0,차대차 - 추돌,안전운전불이행,건조,맑음,교차로 - 교차로부근,이륜,남,17세,상해없음,승용,여,53세,경상
2022112400100631,2022년 11월 24일 23시,목요일,제주특별자치도 제주시 삼도일동,경상사고,0,0,1,0,차대차 - 측면충돌,신호위반,건조,맑음,교차로 - 교차로안,이륜,남,49세,경상,승용,남,65세,상해없음
2022112500100107,2022년 11월 25일 08시,금요일,제주특별자치도 제주시 도남동,경상사고,0,0,1,0,차대사람 - 보도통행중,기타,건조,맑음,기타 - 기타,승용,남,66세,상해없음,보행자,여,12세,경상
2022112500100108,2022년 11월 25일 08시,금요일,제주특별자치도 제주시 오라이동,경상사고,0,0,1,0,차대차 - 정면충돌,안전운전불이행,건조,맑음,단일로 - 기타,승용,남,56세,상해없음,승용,여,29세,경상
2022112500100203,2022년 11월 25일 11시,금요일,제주특별자치도 서귀포시 안덕면,경상사고,0,0,1,0,차대차 - 추돌,안전운전불이행,건조,맑음,교차로 - 교차로부근,화물,남,53세,상해없음,승용,여,49세,경상
2022112500100361,2022년 11월 25일 16시,금요일,제주특별자치도 서귀포시 호근동,경상사고,0,0,1,0,차대차 - 측면충돌,안전운전불이행,건조,맑음,교차로 - 교차로부근,특수,남,42세,상해없음,승용,여,45세,경상
2022112500100362,2022년 11월 25일 16시,금요일,제주특별자치도 서귀포시 토평동,부상신고사고,0,0,0,1,차대차 - 측면충돌,신호위반,건조,맑음,교차로 - 교차로안,승용,여,62세,상해없음,승합,남,23세,부상신고
2022112500100363,2022년 11월 25일 16시,금요일,제주특별자치도 제주시 애월읍,경상사고,0,0,1,0,차대사람 - 차도통행중,안전운전불이행,건조,맑음,단일로 - 기타,승용,남,40세,상해없음,보행자,남,83세,경상
2022112500100491,2022년 11월 25일 18시,금요일,제주특별자치도 서귀포시 서호동,중상사고,0,1,0,0,차대차 - 측면충돌,신호위반,건조,맑음,교차로 - 교차로안,화물,남,46세,상해없음,이륜,남,23세,중상
2022112500100492,2022년 11월 25일 18시,금요일,제주특별자치도 제주시 연동,경상사고,0,0,1,0,차대차 - 추돌,안전운전불이행,건조,맑음,교차로 - 교차로부근,이륜,남,18세,경상,승용,남,58세,상해없음
2022112500100536,2022년 11월 25일 19시,금요일,제주특별자치도 제주시 월평동,경상사고,0,0,1,0,차대차 - 추돌,안전운전불이행,건조,맑음,단일로 - 기타,승용,남,67세,상해없음,승용,남,32세,경상