사고번호,사고일시,요일,시군구,사고내용,사망자수,중상자수,경상자수,부상신고자수,사고유형,법규위반,노면상태,기상상태,도로형태,가해운전자 차종,가해운전자 성별,가해운전자 연령,가해운전자 상해정도,피해운전자 차종,피해운전자 성별,피해운전자 연령,피해운전자 상해정도
2022112500100537,2022년 11월 25일 19시,금요일,제주특별자치도 제주시 화북일동,경상사고,0,0,1,0,차대차 - 추돌,안전운전불이행,건조,맑음,단일로 - 기타,승용,남,31세,상해없음,승용,여,49세,경상
2022112500100607,2022년 11월 25일 21시,금요일,제주특별자치도 제주시 아라일동,경상사고,0,0,1,0,차대사람 - 횡단중,신호위반,건조,맑음,교차로 - 교차로횡단보도내,승용,여,39세,상해없음,보행자,남,37세,경상
2022112500100638,2022년 11월 25일 22시,금요일,제주특별자치도 제주시 노형동,경상사고,0,0,1,0,차대차 - 측면충돌,직진우회전진행방해,건조,기타,교차로 - 교차로안,승용,남,46세,상해없음,승용,여,68세,경상
2022112600100014,2022년 11월 26일 00시,토요일,제주특별자치도 서귀포시 서귀동,중상사고,0,1,0,0,차대사람 - 기타,안전운전불이행,건조,맑음,단일로 - 기타,화물,남,70세,상해없음,보행자,남,60세,중상
2022112600100080,2022년 11월 26일 07시,토요일,제주특별자치도 제주시 한림읍,경상사고,0,0,1,0,차대차 - 정면충돌,중앙선침범,건조,맑음,단일로 - 기타,승용,여,51세,상해없음,화물,남,69세,경상
2022112600100098,2022년 11월 26일 08시,토요일,제주특별자치도 제주시 건입동,중상사고,0,1,0,0,차대사람 - 횡단중,안전운전불이행,건조,맑음,교차로 - 교차로안,승용,남,68세,상해없음,보행자,여,79세,중상
2022112600100123,2022년 11월 26일 09시,토요일,제주특별자치도 서귀포시 대정읍,경상사고,0,0,3,0,차대차 - 추돌,직진우회전진행방해,건조,맑음,교차로 - 교차로안,승용,여,26세,경상,화물,남,27세,경상
2022112600100147,2022년 11월 26일 10시,토요일,제주특별자치도 제주시 한경면,중상사고,0,1,0,0,차대사람 - 차도통행중,안전운전불이행,건조,맑음,교차로 - 교차로안,승용,여,30세,상해없음,보행자,여,81세,중상
2022112600100169,2022년 11월 26일 11시,토요일,제주특별자치도 서귀포시 강정동,부상신고사고,0,0,0,1,차대차 - 기타,직진우회전진행방해,건조,맑음,교차로 - 교차로안,승용,남,30세,상해없음,승합,남,55세,상해없음
2022112600100209,2022년 11월 26일 12시,토요일,제주특별자치도 서귀포시 성산읍,중상사고,0,1,0,0,차대차 - 후진중충돌,안전운전불이행,건조,맑음,단일로 - 기타,화물,남,23세,상해없음,이륜,남,65세,중상
2022112600100242,2022년 11월 26일 13시,토요일,제주특별자치도 제주시 애월읍,경상사고,0,0,1,0,차대차 - 정면충돌,안전운전불이행,건조,맑음,단일로 - 기타,화물,남,28세,상해없음,승용,여,47세,경상
2022112600100272,2022년 11월 26일 14시,토요일,제주특별자치도 서귀포시 토평동,중상사고,0,1,0,0,차대차 - 추돌,안전거리미확보,건조,맑음,교차로 - 교차로부근,승합,남,45세,상해없음,승용,남,82세,중상
2022112600100424,2022년 11월 26일 18시,토요일,제주특별자치도 서귀포시 동홍동,경상사고,0,0,1,0,차대차 - 측면충돌,직진우회전진행방해,건조,맑음,교차로 - 교차로안,승용,여,43세,상해없음,승용,여,65세,상해없음
2022112700100063,2022년 11월 27일 07시,일요일,제주특별자치도 서귀포시 남원읍,경상사고,0,0,1,0,차대차 - 기타,안전운전불이행,건조,맑음,단일로 - 기타,승용,여,60세,상해없음,승용,여,53세,경상
2022112700100071,2022년 11월 27일 08시,일요일,제주특별자치도 제주시 연동,경상사고,0,0,1,0,차대차 - 기타,안전운전불이행,건조,맑음,기타 - 기타,승용,남,71세,기타불명,승용,여,36세,경상
2022112700100173,2022년 11월 27일 13시,일요일,제주특별자치도 제주시 아라일동,경상사고,0,0,1,0,차대차 - 정면충돌,직진우회전진행방해,건조,맑음,교차로 - 교차로안,이륜,남,30세,경상,승용,여,34세,상해없음
2022112700100174,2022년 11월 27일 13시,일요일,제주특별자치도 제주시 연동,경상사고,0,0,1,0,차대차 - 측면충돌,안전거리미확보,건조,맑음,단일로 - 기타,승용,남,60세,상해없음,원동기,남,31세,경상
2022112700100230,2022년 11월 27일 15시,일요일,제주특별자치도 제주시 우도면,중상사고,0,1,0,0,차대차 - 측면충돌,안전운전불이행,건조,맑음,단일로 - 기타,자전거,여,35세,중상,승용,여,74세,상해없음
2022112700100334,2022년 11월 27일 18시,일요일,제주특별자치도 제주시 애월읍,중상사고,0,1,2,0,차대차 - 추돌,안전운전불이행,건조,맑음,단일로 - 기타,승용,남,46세,경상,농기계,남,63세,경상
2022112800100012,2022년 11월 28일 01시,월요일,제주특별자치도 제주시 연동,경상사고,0,0,1,0,차대차 - 기타,안전운전불이행,건조,기타,교차로 - 교차로부근,승용,남,49세,상해없음,승용,남,40세,상해없음
2022112800100107,2022년 11월 28일 08시,월요일,제주특별자치도 제주시 일도이동,경상사고,0,0,1,0,차대차 - 추돌,안전운전불이행,건조,맑음,단일로 - 기타,승용,여,47세,상해없음,승용,남,43세,경상
2022112800100139,2022년 11월 28일 09시,월요일,제주특별자치도 제주시 용담이동,중상사고,0,1,0,0,차대차 - 기타,안전거리미확보,건조,맑음,단일로 - 기타,승합,남,31세,상해없음,승합,남,56세,중상
2022112800100140,2022년 11월 28일 09시,월요일,제주특별자치도 제주시 한림읍,경상사고,0,0,1,0,차대사람 - 차도통행중,안전운전불이행,건조,맑음,단일로 - 기타,승용,남,53세,상해없음,보행자,여,63세,경상
2022112800100168,2022년 11월 28일 10시,월요일,제주특별자치도 제주시 이도이동,중상사고,0,1,0,0,차대사람 - 횡단중,안전운전불이행,건조,맑음,교차로 - 교차로부근,승용,남,66세,상해없음,보행자,여,84세,중상
2022112800100202,2022년 11월 28일 11시,월요일,제주특별자치도 제주시 해안동,경상사고,0,0,1,0,차대차 - 기타,안전운전불이행,건조,맑음,단일로 - 기타,승합,남,64세,상해없음,승용,남,31세,경상
2022112800100224,2022년 11월 28일 12시,월요일,제주특별자치도 제주시 애월읍,경상사고,0,0,4,0,차대차 - 기타,안전운전불이행,건조,맑음,단일로 - 기타,화물,남,43세,상해없음,승용,여,34세,경상
2022112800100257,2022년 11월 28일 13시,월요일,제주특별자치도 제주시 용강동,중상사고,0,1,0,0,차량단독 - 공작물충돌,안전운전불이행,건조,맑음,단일로 - 기타,특수,남,21세,상해없음,,,,
2022112800100258,2022년 11월 28일 13시,월요일,제주특별자치도 제주시 애월읍,경상사고,0,0,1,0,차대차 - 측면충돌,안전운전불이행,건조,맑음,교차로 - 교차로안,승용,여,63세,상해없음,승용,여,33세,경상
2022112800100323,2022년 11월 28일 15시,월요일,제주특별자치도 서귀포시 안덕면,경상사고,0,0,1,0,차대차 - 측면충돌,안전운전불이행,건조,맑음,교차로 - 교차로안,승용,여,40세,상해없음,화물,남,39세,경상
2022112800100324,2022년 11월 28일 15시,월요일,제주특별자치도 서귀포시 월평동,경상사고,0,0,2,0,차량단독 - 공작물충돌,안전운전불이행,건조,맑음,단일로 - 기타,승용,여,57세,기타불명,,,,
2022112800100325,2022년 11월 28일 15시,월요일,제주특별자치도 제주시 애월읍,경상사고,0,0,1,0,차대차 - 측면충돌,교차로운행방법위반,건조,맑음,교차로 - 교차로안,승용,남,63세,상해없음,승용,남,59세,경상
2022112800100541,2022년 11월 28일 19시,월요일,제주특별자치도 제주시 한경면,중상사고,0,1,0,0,차대차 - 기타,신호위반,젖음/습기,비,교차로 - 교차로안,승용,남,43세,상해없음,승용,여,49세,중상
2022112800100593,2022년 11월 28일 20시,월요일,제주특별자치도 서귀포시 대정읍,중상사고,0,1,0,0,차대사람 - 횡단중,안전운전불이행,젖음/습기,비,단일로 - 기타,승용,남,30세,상해없음,보행자,여,65세,중상
2022112800100594,2022년 11월 28일 20시,월요일,제주특별자치도 제주시 연동,경상사고,0,0,1,0,차대차 - 측면충돌,안전운전불이행,건조,맑음,교차로 - 교차로안,개인형이동수단(PM),여,16세,상해없음,승용,여,28세,경상
2022112800100672,2022년 11월 28일 22시,월요일,제주특별자치도 제주시 이도이동,중상사고,0,1,0,0,차대차 - 측면충돌,직진우회전진행방해,젖음/습기,비,교차로 - 교차로안,승용,남,48세,상해없음,원동기,남,48세,중상
2022112800100673,2022년 11월 28일 22시,월요일,제주특별자치도 서귀포시 중문동,중상사고,0,1,0,0,차량단독 - 공작물충돌,안전운전불이행,건조,맑음,단일로 - 교량,승용,남,27세,중상,,,,
2022112800100674,2022년 11월 28일 22시,월요일,제주특별자치도 서귀포시 동홍동,부상신고사고,0,0,0,1,차대차 - 기타,안전거리미확보,건조,맑음,단일로 - 기타,승용,여,44세,상해없음,이륜,남,31세,부상신고
2022112900100100,2022년 11월 29일 07시,화요일,제주특별자치도 제주시 화북일동,경상사고,0,0,1,0,차대사람 - 횡단중,보행자보호의무위반,젖음/습기,비,교차로 - 교차로부근,승용,남,63세,상해없음,보행자,남,17세,경상
2022112900100169,2022년 11월 29일 09시,화요일,제주특별자치도 제주시 화북이동,중상사고,0,1,0,0,차대차 - 추돌,안전거리미확보,젖음/습기,비,단일로 - 기타,화물,여,73세,상해없음,승용,여,57세,중상
2022112900100170,2022년 11월 29일 09시,화요일,제주특별자치도 제주시 외도일동,부상신고사고,0,0,0,1,차대차 - 측면충돌,교차로운행방법위반,젖음/습기,비,교차로 - 교차로안,승용,여,32세,상해없음,승용,여,40세,부상신고
2022112900100199,2022년 11월 29일 10시,화요일,제주특별자치도 제주시 삼도일동,경상사고,0,0,1,0,차대차 - 정면충돌,신호위반,젖음/습기,비,교차로 - 교차로안,승용,여,76세,상해없음,승용,남,28세,경상
2022112900100295,2022년 11월 29일 13시,화요일,제주특별자치도 서귀포시 서귀동,경상사고,0,0,1,0,차대차 - 기타,안전운전불이행,건조,맑음,단일로 - 기타,화물,남,65세,상해없음,승용,여,25세,경상
2022112900100296,2022년 11월 29일 13시,화요일,제주특별자치도 제주시 연동,경상사고,0,0,1,0,차대차 - 기타,안전운전불이행,건조,맑음,교차로 - 교차로부근,승용,여,46세,상해없음,이륜,남,42세,경상
2022112900100422,2022년 11월 29일 17시,화요일,제주특별자치도 서귀포시 대정읍,경상사고,0,0,3,0,차대차 - 측면충돌,안전운전불이행,건조,맑음,교차로 - 교차로안,승용,여,69세,상해없음,승용,여,37세,경상
2022112900100464,2022년 11월 29일 18시,화요일,제주특별자치도 제주시 영평동,경상사고,0,0,4,0,차대차 - 측면충돌,안전운전불이행,건조,맑음,단일로 - 기타,승용,남,34세,상해없음,승용,남,28세,경상
2022112900100465,2022년 11월 29일 18시,화요일,제주특별자치도 제주시 연동,경상사고,0,0,1,0,차대차 - 기타,교차로운행방법위반,건조,흐림,교차로 - 교차로안,승합,남,55세,상해없음,승합,남,51세,상해없음
2022112900100501,2022년 11월 29일 19시,화요일,제주특별자치도 제주시 애월읍,경상사고,0,0,1,0,차대차 - 추돌,안전운전불이행,건조,맑음,교차로 - 교차로부근,승용,남,58세,상해없음,승용,남,70세,상해없음
2022112900100502,2022년 11월 29일 19시,화요일,제주특별자치도 제주시 연동,경상사고,0,0,2,0,차대차 - 기타,안전거리미확보,건조,맑음,단일로 - 기타,승용,여,73세,상해없음,승합,남,53세,상해없음
2022112900100565,2022년 11월 29일 23시,화요일,제주특별자치도 제주시 이도이동,중상사고,0,1,0,0,차대사람 - 차도통행중,안전운전불이행,건조,맑음,교차로 - 교차로부근,승용,여,66세,상해없음,보행자,남,60세,중상
2022113000100098,2022년 11월 30일 08시,수요일,제주특별자치도 제주시 구좌읍,경상사고,0,0,1,0,차량단독 - 기타,안전운전불이행,건조,맑음,단일로 - 기타,이륜,남,50세,경상,,,,
2022113000100127,2022년 11월 30일 09시,수요일,제주특별자치도 제주시 용담이동,경상사고,0,0,2,0,차대차 - 추돌,안전운전불이행,건조,맑음,단일로 - 기타,승용,남,68세,상해없음,승용,남,32세,경상
2022113000100238,2022년 11월 30일 13시,수요일,제주특별자치도 서귀포시 강정동,경상사고,0,0,2,0,차대차 - 추돌,안전거리미확보,건조,맑음,단일로 - 기타,승용,남,34세,상해없음,승용,여,50세,경상
2022113000100263,2022년 11월 30일 14시,수요일,제주특별자치도 제주시 이도이동,경상사고,0,0,1,0,차대차 - 측면충돌,신호위반,건조,맑음,교차로 - 교차로안,승용,여,72세,상해없음,승용,남,46세,경상
2022113000100264,2022년 11월 30일 14시,수요일,제주특별자치도 서귀포시 중문동,중상사고,0,1,0,1,차대차 - 추돌,차로위반,건조,맑음,단일로 - 기타,화물,남,57세,상해없음,승용,남,34세,부상신고
2022113000100265,2022년 11월 30일 14시,수요일,제주특별자치도 제주시 해안동,중상사고,0,1,0,0,차대차 - 기타,안전운전불이행,건조,맑음,교차로 - 교차로안,승용,남,65세,상해없음,승합,남,54세,상해없음
2022113000100458,2022년 11월 30일 19시,수요일,제주특별자치도 제주시 삼도이동,중상사고,0,1,0,0,차대사람 - 횡단중,안전운전불이행,건조,맑음,단일로 - 기타,승용,남,33세,상해없음,보행자,여,27세,중상
2022113000100511,2022년 11월 30일 21시,수요일,제주특별자치도 제주시 용담일동,경상사고,0,0,1,0,차대차 - 측면충돌,교차로운행방법위반,건조,맑음,교차로 - 교차로안,승용,남,38세,상해없음,승용,남,73세,경상
2022120100100059,2022년 12월 1일 06시,목요일,제주특별자치도 제주시 도두일동,경상사고,0,0,1,0,차대차 - 측면충돌,안전운전불이행,건조,맑음,교차로 - 교차로안,화물,남,35세,상해없음,화물,남,35세,경상
2022120100100107,2022년 12월 1일 08시,목요일,제주특별자치도 서귀포시 서귀동,중상사고,0,1,0,0,차대차 - 기타,직진우회전진행방해,건조,맑음,교차로 - 교차로안,승용,여,47세,상해없음,이륜,여,74세,중상
2022120100100108,2022년 12월 1일 08시,목요일,제주특별자치도 제주시 해안동,경상사고,0,0,1,0,차대차 - 측면충돌,신호위반,건조,맑음,교차로 - 교차로안,승용,여,59세,상해없음,승용,여,53세,경상
2022120100100170,2022년 12월 1일 10시,목요일,제주특별자치도 제주시 아라이동,경상사고,0,0,1,1,차대차 - 측면충돌,안전거리미확보,건조,맑음,기타 - 기타,화물,여,54세,부상신고,승용,남,57세,경상
2022120100100396,2022년 12월 1일 17시,목요일,제주특별자치도 서귀포시 강정동,중상사고,0,1,0,0,차량단독 - 기타,안전운전불이행,건조,맑음,단일로 - 기타,승합,남,50세,상해없음,,,,
2022120100100445,2022년 12월 1일 18시,목요일,제주특별자치도 제주시 오라일동,경상사고,0,0,1,0,차대차 - 기타,교차로운행방법위반,건조,흐림,교차로 - 교차로안,승용,남,68세,상해없음,승용,여,46세,경상
2022120100100519,2022년 12월 1일 21시,목요일,제주특별자치도 제주시 용담일동,경상사고,0,0,2,0,차대차 - 추돌,안전운전불이행,건조,맑음,교차로 - 교차로부근,승용,남,56세,상해없음,승용,남,29세,경상
2022120100100520,2022년 12월 1일 21시,목요일,제주특별자치도 제주시 노형동,중상사고,0,1,1,0,차대사람 - 기타,보행자보호의무위반,건조,맑음,기타 - 기타,이륜,남,50세,상해없음,보행자,여,69세,중상
2022120100100566,2022년 12월 1일 23시,목요일,제주특별자치도 제주시 연동,경상사고,0,0,1,0,차대사람 - 기타,안전운전불이행,건조,맑음,단일로 - 기타,승용,남,40세,상해없음,보행자,남,34세,경상
2022120200100032,2022년 12월 2일 03시,금요일,제주특별자치도 제주시 한림읍,부상신고사고,0,0,0,1,차대사람 - 기타,안전운전불이행,건조,기타,주차장 - 주차장,승용,남,54세,상해없음,보행자,남,29세,부상신고
2022120200100124,2022년 12월 2일 08시,금요일,제주특별자치도 서귀포시 서귀동,경상사고,0,0,1,0,차대차 - 기타,안전운전불이행,건조,맑음,교차로 - 교차로안,화물,남,41세,상해없음,승용,남,47세,경상
2022120200100216,2022년 12월 2일 11시,금요일,제주특별자치도 제주시 구좌읍,경상사고,0,0,4,0,차대차 - 기타,교차로운행방법위반,건조,맑음,교차로 - 교차로안,승용,남,27세,경상,승용,남,77세,경상
2022120200100252,2022년 12월 2일 12시,금요일,제주특별자치도 서귀포시 토평동,중상사고,0,1,0,0,차대사람 - 횡단중,보행자보호의무위반,건조,맑음,단일로 - 기타,승용,남,29세,상해없음,보행자,여,72세,중상
2022120200100253,2022년 12월 2일 12시,금요일,제주특별자치도 제주시 도두일동,경상사고,0,0,1,0,차대차 - 후진중충돌,안전운전불이행,건조,맑음,주차장 - 주차장,승용,남,63세,기타불명,승용,남,22세,상해없음
2022120200100507,2022년 12월 2일 18시,금요일,제주특별자치도 제주시 도남동,경상사고,0,0,1,1,차대차 - 측면충돌,안전운전불이행,건조,맑음,단일로 - 기타,승용,여,35세,부상신고,화물,남,59세,경상
2022120200100509,2022년 12월 2일 18시,금요일,제주특별자치도 제주시 해안동,경상사고,0,0,1,1,차대차 - 정면충돌,안전운전불이행,건조,맑음,교차로 - 교차로부근,승합,여,70세,부상신고,승용,남,29세,경상
2022120200100561,2022년 12월 2일 19시,금요일,제주특별자치도 제주시 애월읍,부상신고사고,0,0,0,1,차대사람 - 횡단중,안전운전불이행,건조,맑음,단일로 - 기타,승용,남,49세,상해없음,보행자,남,28세,부상신고
2022120200100644,2022년 12월 2일 23시,금요일,제주특별자치도 제주시 삼양이동,중상사고,0,1,0,0,차대차 - 측면충돌,교차로운행방법위반,기타,기타,교차로 - 교차로안,승용,여,59세,상해없음,이륜,남,38세,중상
2022120300100029,2022년 12월 3일 02시,토요일,제주특별자치도 제주시 이호이동,중상사고,0,1,0,0,차대차 - 추돌,안전운전불이행,건조,맑음,교차로 - 교차로부근,승용,여,40세,상해없음,승용,남,50세,중상
2022120300100085,2022년 12월 3일 07시,토요일,제주특별자치도 서귀포시 남원읍,사망사고,1,0,0,0,차대차 - 측면충돌,신호위반,젖음/습기,비,교차로 - 교차로안,농기계,남,84세,사망,승합,남,49세,상해없음
2022120300100086,2022년 12월 3일 07시,토요일,제주특별자치도 서귀포시 성산읍,중상사고,0,1,1,0,차대차 - 기타,신호위반,건조,맑음,교차로 - 교차로안,화물,남,78세,상해없음,승합,남,65세,경상
2022120300100277,2022년 12월 3일 14시,토요일,제주특별자치도 서귀포시 서홍동,경상사고,0,0,1,0,차대차 - 기타,안전운전불이행,젖음/습기,비,교차로 - 교차로안,이륜,남,28세,경상,승용,여,73세,상해없음
2022120300100349,2022년 12월 3일 16시,토요일,제주특별자치도 서귀포시 서귀동,경상사고,0,0,1,0,차대차 - 측면충돌,안전운전불이행,건조,맑음,단일로 - 기타,승용,남,82세,상해없음,승용,남,33세,경상
2022120300100431,2022년 12월 3일 18시,토요일,제주특별자치도 제주시 애월읍,중상사고,0,1,1,1,차대차 - 기타,직진우회전진행방해,건조,맑음,교차로 - 교차로안,승용,남,64세,부상신고,승용,남,27세,중상
2022120300100461,2022년 12월 3일 19시,토요일,제주특별자치도 제주시 용담이동,부상신고사고,0,0,0,1,차대차 - 기타,안전운전불이행,건조,맑음,단일로 - 기타,승용,남,50세,상해없음,이륜,남,50세,부상신고
2022120300100487,2022년 12월 3일 20시,토요일,제주특별자치도 제주시 연동,경상사고,0,0,1,0,차대차 - 추돌,안전운전불이행,건조,기타,단일로 - 기타,승용,남,54세,상해없음,승용,남,40세,경상
2022120400100054,2022년 12월 4일 07시,일요일,제주특별자치도 서귀포시 표선면,경상사고,0,0,1,0,차대차 - 정면충돌,안전운전불이행,건조,맑음,교차로 - 교차로안,승합,남,59세,경상,화물,남,78세,상해없음
2022120400100080,2022년 12월 4일 09시,일요일,제주특별자치도 제주시 용강동,중상사고,0,1,1,0,차대차 - 추돌,신호위반,건조,맑음,교차로 - 교차로안,화물,여,30세,상해없음,승용,남,29세,경상
2022120400100100,2022년 12월 4일 10시,일요일,제주특별자치도 서귀포시 동홍동,경상사고,0,0,1,0,차대차 - 기타,신호위반,건조,맑음,교차로 - 교차로안,승용,남,72세,상해없음,승용,남,52세,경상
2022120400100148,2022년 12월 4일 12시,일요일,제주특별자치도 서귀포시 강정동,경상사고,0,0,1,0,차대차 - 기타,직진우회전진행방해,건조,맑음,교차로 - 교차로안,승용,여,55세,상해없음,승용,여,74세,경상
2022120400100283,2022년 12월 4일 17시,일요일,제주특별자치도 서귀포시 서귀동,경상사고,0,0,1,0,차대사람 - 기타,안전운전불이행,건조,맑음,단일로 - 기타,승용,남,53세,상해없음,보행자,여,45세,경상
2022120400100313,2022년 12월 4일 18시,일요일,제주특별자치도 제주시 봉개동,경상사고,0,0,1,0,차대사람 - 횡단중,보행자보호의무위반,건조,맑음,단일로 - 기타,화물,남,54세,상해없음,보행자,남,46세,경상
2022120400100314,2022년 12월 4일 18시,일요일,제주특별자치도 제주시 애월읍,경상사고,0,0,1,0,차대사람 - 기타,안전운전불이행,건조,맑음,단일로 - 기타,승용,여,30세,상해없음,보행자,남,41세,경상
2022120400100340,2022년 12월 4일 19시,일요일,제주특별자치도 제주시 이도이동,중상사고,0,1,2,0,차대차 - 추돌,안전운전불이행,건조,맑음,교차로 - 교차로부근,승용,여,51세,경상,화물,남,47세,중상
2022120400100367,2022년 12월 4일 20시,일요일,제주특별자치도 제주시 애월읍,중상사고,0,1,3,1,차대차 - 추돌,안전거리미확보,건조,맑음,단일로 - 기타,승용,여,25세,부상신고,승용,남,28세,경상
2022120500100004,2022년 12월 5일 00시,월요일,제주특별자치도 제주시 애월읍,중상사고,0,1,0,0,차량단독 - 기타,안전운전불이행,건조,맑음,단일로 - 기타,승용,남,59세,중상,,,,
2022120500100007,2022년 12월 5일 01시,월요일,제주특별자치도 제주시 도남동,경상사고,0,0,1,0,차대사람 - 기타,안전운전불이행,건조,흐림,교차로 - 교차로안,승용,남,29세,상해없음,보행자,남,62세,경상
2022120500100100,2022년 12월 5일 09시,월요일,제주특별자치도 제주시 봉개동,경상사고,0,0,1,0,차대차 - 추돌,안전운전불이행,건조,맑음,단일로 - 기타,승용,남,57세,상해없음,승용,여,32세,경상
2022120500100158,2022년 12월 5일 11시,월요일,제주특별자치도 제주시 노형동,부상신고사고,0,0,0,1,차대차 - 측면충돌,안전운전불이행,건조,맑음,단일로 - 기타,승용,여,33세,상해없음,이륜,남,40세,부상신고
2022120500100181,2022년 12월 5일 12시,월요일,제주특별자치도 제주시 이도이동,중상사고,0,1,0,0,차대차 - 기타,교차로운행방법위반,건조,맑음,교차로 - 교차로안,기타불명,기타불명,미분류,기타불명,이륜,남,41세,중상
2022120500100205,2022년 12월 5일 13시,월요일,제주특별자치도 서귀포시 서귀동,부상신고사고,0,0,0,2,차대차 - 측면충돌,직진우회전진행방해,건조,맑음,교차로 - 교차로안,화물,남,74세,부상신고,화물,남,33세,부상신고
2022120500100206,2022년 12월 5일 13시,월요일,제주특별자치도 제주시 한림읍,경상사고,0,0,1,0,차대차 - 추돌,안전운전불이행,건조,맑음,교차로 - 교차로부근,화물,남,58세,상해없음,화물,남,40세,경상
2022120500100241,2022년 12월 5일 14시,월요일,제주특별자치도 제주시 아라이동,경상사고,0,0,1,0,차대차 - 측면충돌,교차로운행방법위반,기타,기타,교차로 - 교차로안,승용,남,34세,상해없음,이륜,남,50세,경상
2022120500100242,2022년 12월 5일 14시,월요일,제주특별자치도 제주시 삼양이동,경상사고,0,0,1,0,차대사람 - 횡단중,보행자보호의무위반,건조,맑음,교차로 - 교차로횡단보도내,승용,여,47세,상해없음,보행자,여,28세,경상
2022120500100278,2022년 12월 5일 15시,월요일,제주특별자치도 제주시 화북이동,경상사고,0,0,3,2,차대차 - 기타,직진우회전진행방해,건조,맑음,교차로 - 교차로안,승합,여,51세,경상,승용,여,68세,부상신고
2022120500100279,2022년 12월 5일 15시,월요일,제주특별자치도 제주시 노형동,경상사고,0,0,2,0,차대차 - 추돌,안전운전불이행,건조,맑음,단일로 - 기타,승용,여,65세,상해없음,승용,남,59세,경상
2022120500100303,2022년 12월 5일 16시,월요일,제주특별자치도 서귀포시 서귀동,경상사고,0,0,1,0,차대차 - 기타,안전운전불이행,건조,맑음,단일로 - 기타,승용,여,42세,상해없음,승용,여,53세,경상
2022120500100304,2022년 12월 5일 16시,월요일,제주특별자치도 제주시 외도일동,경상사고,0,0,1,0,차대사람 - 횡단중,안전운전불이행,건조,맑음,교차로 - 교차로부근,승용,여,45세,상해없음,보행자,남,11세,경상
2022120500100346,2022년 12월 5일 17시,월요일,제주특별자치도 제주시 이도이동,중상사고,0,1,0,0,차대사람 - 횡단중,보행자보호의무위반,건조,맑음,단일로 - 기타,승용,남,47세,상해없음,보행자,여,23세,중상
2022120500100347,2022년 12월 5일 17시,월요일,제주특별자치도 제주시 조천읍,경상사고,0,0,1,0,차대차 - 기타,안전운전불이행,건조,맑음,교차로 - 교차로부근,화물,남,55세,상해없음,자전거,남,8세,경상
2022120500100437,2022년 12월 5일 19시,월요일,제주특별자치도 서귀포시 서홍동,경상사고,0,0,1,0,차대차 - 기타,안전운전불이행,건조,맑음,교차로 - 교차로부근,승용,남,28세,상해없음,이륜,남,32세,경상
2022120500100509,2022년 12월 5일 22시,월요일,제주특별자치도 제주시 애월읍,중상사고,0,1,0,0,차량단독 - 공작물충돌,안전운전불이행,건조,맑음,단일로 - 기타,승용,남,70세,중상,,,,
2022120600100123,2022년 12월 6일 08시,화요일,제주특별자치도 서귀포시 성산읍,경상사고,0,0,1,0,차대차 - 기타,안전운전불이행,건조,맑음,단일로 - 기타,화물,남,51세,상해없음,승용,남,52세,경상
2022120600100222,2022년 12월 6일 10시,화요일,제주특별자치도 제주시 용담이동,경상사고,0,0,1,0,차대차 - 측면충돌,안전운전불이행,건조,맑음,교차로 - 교차로안,승용,남,27세,상해없음,승용,남,30세,경상
2022120600100256,2022년 12월 6일 11시,화요일,제주특별자치도 제주시 아라일동,경상사고,0,0,1,0,차대차 - 측면충돌,교차로운행방법위반,건조,맑음,교차로 - 교차로안,이륜,남,35세,경상,화물,남,42세,상해없음
2022120600100328,2022년 12월 6일 14시,화요일,제주특별자치도 제주시 구좌읍,중상사고,0,1,1,0,차대차 - 측면충돌,중앙선침범,건조,맑음,단일로 - 기타,승용,여,38세,상해없음,화물,남,61세,중상
2022120600100329,2022년 12월 6일 14시,화요일,제주특별자치도 서귀포시 동홍동,경상사고,0,0,1,0,차대차 - 측면충돌,중앙선침범,건조,맑음,단일로 - 기타,승용,여,42세,경상,화물,여,57세,상해없음
2022120600100369,2022년 12월 6일 15시,화요일,제주특별자치도 서귀포시 남원읍,부상신고사고,0,0,0,1,차량단독 - 공작물충돌,안전운전불이행,건조,맑음,단일로 - 기타,승용,여,60세,상해없음,,,,
2022120600100370,2022년 12월 6일 15시,화요일,제주특별자치도 서귀포시 중문동,경상사고,0,0,1,0,차대사람 - 횡단중,안전운전불이행,건조,맑음,교차로 - 교차로부근,승합,여,55세,상해없음,보행자,남,75세,경상
2022120600100371,2022년 12월 6일 15시,화요일,제주특별자치도 제주시 용담이동,경상사고,0,0,1,0,차대사람 - 차도통행중,안전운전불이행,건조,맑음,단일로 - 기타,승용,여,48세,상해없음,보행자,남,48세,경상
2022120600100404,2022년 12월 6일 16시,화요일,제주특별자치도 제주시 영평동,중상사고,0,1,0,1,차대차 - 정면충돌,중앙선침범,건조,맑음,단일로 - 기타,승용,여,67세,부상신고,승용,여,45세,중상