사고번호,사고일시,요일,시군구,사고내용,사망자수,중상자수,경상자수,부상신고자수,사고유형,법규위반,노면상태,기상상태,도로형태,가해운전자 차종,가해운전자 성별,가해운전자 연령,가해운전자 상해정도,피해운전자 차종,피해운전자 성별,피해운전자 연령,피해운전자 상해정도
2022120600100464,2022년 12월 6일 17시,화요일,제주특별자치도 제주시 구좌읍,중상사고,0,1,0,0,차대사람 - 차도통행중,안전운전불이행,건조,맑음,단일로 - 기타,승용,남,32세,상해없음,보행자,여,82세,중상
2022120600100465,2022년 12월 6일 17시,화요일,제주특별자치도 제주시 연동,경상사고,0,0,1,0,차대차 - 기타,안전운전불이행,건조,맑음,단일로 - 기타,승용,남,61세,기타불명,승용,여,50세,경상
2022120700100348,2022년 12월 7일 16시,수요일,제주특별자치도 제주시 한림읍,중상사고,0,1,0,0,차대차 - 측면충돌,신호위반,건조,맑음,교차로 - 교차로안,승합,남,67세,상해없음,이륜,여,23세,중상
2022120700100349,2022년 12월 7일 16시,수요일,제주특별자치도 제주시 노형동,경상사고,0,0,1,0,차대차 - 추돌,안전운전불이행,건조,맑음,교차로 - 교차로부근,화물,남,55세,상해없음,화물,남,59세,경상
2022120700100404,2022년 12월 7일 17시,수요일,제주특별자치도 서귀포시 대정읍,경상사고,0,0,1,1,차대차 - 측면충돌,안전운전불이행,건조,맑음,교차로 - 교차로안,화물,남,81세,부상신고,화물,남,51세,경상
2022120700100477,2022년 12월 7일 18시,수요일,제주특별자치도 제주시 오라삼동,경상사고,0,0,3,0,차대차 - 추돌,안전거리미확보,건조,맑음,단일로 - 기타,화물,남,48세,상해없음,승용,남,39세,경상
2022120700100607,2022년 12월 7일 22시,수요일,제주특별자치도 제주시 애월읍,경상사고,0,0,2,0,차대차 - 측면충돌,신호위반,건조,맑음,교차로 - 교차로안,승용,남,30세,상해없음,승용,남,25세,경상
2022120800100075,2022년 12월 8일 06시,목요일,제주특별자치도 제주시 애월읍,부상신고사고,0,0,0,5,차대차 - 기타,안전운전불이행,건조,맑음,교차로 - 교차로안,화물,여,58세,상해없음,승용,남,64세,부상신고
2022120800100093,2022년 12월 8일 07시,목요일,제주특별자치도 제주시 노형동,경상사고,0,0,1,0,차대차 - 측면충돌,교차로운행방법위반,건조,맑음,교차로 - 교차로안,승용,남,29세,상해없음,승용,여,49세,경상
2022120800100130,2022년 12월 8일 08시,목요일,제주특별자치도 제주시 오등동,경상사고,0,0,1,0,차대차 - 기타,신호위반,건조,맑음,교차로 - 교차로안,화물,남,22세,상해없음,승용,여,31세,경상
2022120800100131,2022년 12월 8일 08시,목요일,제주특별자치도 제주시 구좌읍,경상사고,0,0,2,0,차대차 - 측면충돌,직진우회전진행방해,건조,맑음,교차로 - 교차로안,화물,남,68세,경상,승용,여,32세,경상
2022120800100175,2022년 12월 8일 09시,목요일,제주특별자치도 서귀포시 표선면,부상신고사고,0,0,0,1,차대차 - 측면충돌,직진우회전진행방해,건조,맑음,교차로 - 교차로안,사륜오토바이(ATV),남,80세,부상신고,승용,여,62세,상해없음
2022120800100215,2022년 12월 8일 10시,목요일,제주특별자치도 서귀포시 대정읍,경상사고,0,0,1,0,차대사람 - 기타,안전운전불이행,건조,맑음,주차장 - 주차장,승용,여,29세,상해없음,보행자,남,78세,경상
2022120800100277,2022년 12월 8일 12시,목요일,제주특별자치도 제주시 구좌읍,경상사고,0,0,2,0,차대차 - 측면충돌,안전운전불이행,건조,맑음,교차로 - 교차로안,승용,여,29세,경상,화물,남,35세,경상
2022120800100278,2022년 12월 8일 12시,목요일,제주특별자치도 서귀포시 남원읍,경상사고,0,0,1,0,차대차 - 측면충돌,직진우회전진행방해,건조,맑음,교차로 - 교차로안,승용,남,78세,경상,화물,남,55세,상해없음
2022120800100315,2022년 12월 8일 13시,목요일,제주특별자치도 제주시 오등동,경상사고,0,0,2,0,차대차 - 후진중충돌,안전운전불이행,건조,맑음,단일로 - 기타,화물,남,44세,상해없음,승용,여,31세,경상
2022120800100349,2022년 12월 8일 14시,목요일,제주특별자치도 서귀포시 대정읍,경상사고,0,0,1,0,차대차 - 추돌,안전운전불이행,건조,맑음,단일로 - 기타,승용,남,61세,상해없음,승용,여,41세,경상
2022120800100350,2022년 12월 8일 14시,목요일,제주특별자치도 제주시 용담이동,경상사고,0,0,1,0,차대차 - 추돌,안전운전불이행,건조,맑음,단일로 - 기타,이륜,남,47세,경상,승용,남,56세,상해없음
2022120800100564,2022년 12월 8일 19시,목요일,제주특별자치도 제주시 영평동,중상사고,0,1,0,0,차대사람 - 횡단중,보행자보호의무위반,건조,맑음,단일로 - 기타,승용,남,57세,상해없음,보행자,남,27세,중상
2022120800100631,2022년 12월 8일 21시,목요일,제주특별자치도 제주시 일도이동,중상사고,0,1,1,0,차대차 - 정면충돌,안전운전불이행,건조,맑음,교차로 - 교차로안,원동기,남,15세,중상,승용,남,26세,경상
2022120900100091,2022년 12월 9일 08시,금요일,제주특별자치도 제주시 외도일동,경상사고,0,0,1,0,차대사람 - 횡단중,보행자보호의무위반,건조,맑음,교차로 - 교차로횡단보도내,승용,여,37세,상해없음,보행자,남,63세,경상
2022120900100149,2022년 12월 9일 10시,금요일,제주특별자치도 서귀포시 표선면,경상사고,0,0,2,0,차대차 - 기타,안전거리미확보,건조,맑음,단일로 - 기타,화물,남,56세,상해없음,승용,여,43세,경상
2022120900100208,2022년 12월 9일 12시,금요일,제주특별자치도 제주시 영평동,중상사고,0,1,0,0,차대사람 - 횡단중,보행자보호의무위반,건조,맑음,교차로 - 교차로횡단보도내,승용,여,45세,상해없음,보행자,여,80세,중상
2022120900100239,2022년 12월 9일 13시,금요일,제주특별자치도 제주시 노형동,경상사고,0,0,1,0,차대차 - 기타,안전거리미확보,건조,맑음,단일로 - 기타,건설기계,남,61세,상해없음,승용,남,64세,경상
2022120900100291,2022년 12월 9일 15시,금요일,제주특별자치도 제주시 노형동,경상사고,0,0,1,0,차대차 - 측면충돌,중앙선침범,건조,맑음,단일로 - 기타,승용,여,54세,상해없음,승용,남,64세,경상
2022120900100450,2022년 12월 9일 18시,금요일,제주특별자치도 서귀포시 서귀동,경상사고,0,0,1,1,차대차 - 추돌,안전운전불이행,건조,맑음,단일로 - 기타,승용,남,27세,상해없음,승용,남,37세,경상
2022120900100504,2022년 12월 9일 19시,금요일,제주특별자치도 제주시 삼도이동,경상사고,0,0,1,0,차대차 - 정면충돌,신호위반,건조,맑음,교차로 - 교차로안,승용,남,62세,상해없음,승용,남,53세,경상
2022120900100536,2022년 12월 9일 20시,금요일,제주특별자치도 제주시 아라이동,부상신고사고,0,0,0,1,차대차 - 기타,안전운전불이행,건조,맑음,단일로 - 기타,이륜,남,39세,부상신고,화물,남,65세,상해없음
2022120900100537,2022년 12월 9일 20시,금요일,제주특별자치도 제주시 이도이동,경상사고,0,0,1,0,차대사람 - 횡단중,보행자보호의무위반,건조,맑음,교차로 - 교차로횡단보도내,승용,남,34세,상해없음,보행자,남,30세,경상
2022120900100538,2022년 12월 9일 20시,금요일,제주특별자치도 제주시 연동,경상사고,0,0,2,0,차대차 - 측면충돌,안전운전불이행,건조,맑음,단일로 - 기타,승용,남,56세,상해없음,승용,남,44세,경상
2022120900100569,2022년 12월 9일 21시,금요일,제주특별자치도 제주시 이도이동,경상사고,0,0,1,0,차대차 - 추돌,안전운전불이행,기타,기타,교차로 - 교차로안,승용,남,35세,상해없음,이륜,남,22세,경상
2022120900100570,2022년 12월 9일 21시,금요일,제주특별자치도 서귀포시 성산읍,경상사고,0,0,1,0,차대차 - 측면충돌,안전운전불이행,건조,맑음,교차로 - 교차로안,승용,남,40세,상해없음,이륜,남,67세,경상
2022120900100594,2022년 12월 9일 22시,금요일,제주특별자치도 제주시 아라일동,경상사고,0,0,2,0,차대차 - 추돌,안전운전불이행,건조,맑음,단일로 - 기타,승용,남,23세,경상,승용,남,56세,경상
2022121000100157,2022년 12월 10일 10시,토요일,제주특별자치도 제주시 외도이동,경상사고,0,0,1,0,차대사람 - 차도통행중,안전운전불이행,건조,맑음,교차로 - 교차로안,화물,남,52세,상해없음,보행자,남,6세,경상
2022121000100314,2022년 12월 10일 15시,토요일,제주특별자치도 제주시 삼도이동,경상사고,0,0,2,0,차대차 - 측면충돌,안전거리미확보,건조,맑음,단일로 - 기타,승용,여,25세,상해없음,승용,남,52세,경상
2022121000100376,2022년 12월 10일 17시,토요일,제주특별자치도 제주시 일도일동,경상사고,0,0,2,0,차대차 - 추돌,안전운전불이행,젖음/습기,비,단일로 - 기타,승용,남,63세,상해없음,승용,남,33세,경상
2022121000100422,2022년 12월 10일 18시,토요일,제주특별자치도 서귀포시 서호동,중상사고,0,1,0,0,차대차 - 기타,안전운전불이행,건조,맑음,단일로 - 기타,승용,남,66세,상해없음,승용,여,55세,중상
2022121000100423,2022년 12월 10일 18시,토요일,제주특별자치도 서귀포시 중문동,경상사고,0,0,2,0,차대차 - 기타,안전운전불이행,건조,맑음,단일로 - 기타,승용,여,30세,상해없음,승용,여,28세,경상
2022121000100541,2022년 12월 10일 23시,토요일,제주특별자치도 서귀포시 호근동,경상사고,0,0,1,0,차량단독 - 공작물충돌,안전운전불이행,건조,맑음,단일로 - 기타,승용,남,38세,상해없음,,,,
2022121100100151,2022년 12월 11일 12시,일요일,제주특별자치도 서귀포시 동홍동,경상사고,0,0,1,0,차대차 - 기타,직진우회전진행방해,건조,맑음,교차로 - 교차로안,원동기,여,63세,경상,승용,남,47세,상해없음
2022121100100152,2022년 12월 11일 12시,일요일,제주특별자치도 제주시 한경면,경상사고,0,0,1,0,차량단독 - 공작물충돌,안전운전불이행,건조,맑음,단일로 - 기타,이륜,남,44세,경상,,,,
2022121100100153,2022년 12월 11일 12시,일요일,제주특별자치도 제주시 연동,경상사고,0,0,2,0,차대차 - 추돌,안전운전불이행,건조,맑음,단일로 - 기타,이륜,남,24세,경상,승용,여,29세,경상
2022121100100251,2022년 12월 11일 15시,일요일,제주특별자치도 제주시 삼양이동,경상사고,0,0,1,0,차대차 - 측면충돌,교차로운행방법위반,기타,기타,교차로 - 교차로안,승용,남,63세,상해없음,승용,여,38세,경상
2022121100100307,2022년 12월 11일 17시,일요일,제주특별자치도 제주시 이도이동,경상사고,0,0,1,0,차대차 - 기타,교차로운행방법위반,건조,맑음,교차로 - 교차로안,승용,남,35세,경상,승용,남,47세,상해없음
2022121100100308,2022년 12월 11일 17시,일요일,제주특별자치도 제주시 오라일동,경상사고,0,0,1,0,차대차 - 측면충돌,신호위반,건조,맑음,단일로 - 기타,화물,남,53세,상해없음,이륜,남,48세,경상
2022121200100042,2022년 12월 12일 06시,월요일,제주특별자치도 제주시 건입동,경상사고,0,0,3,0,차대차 - 측면충돌,안전거리미확보,건조,맑음,단일로 - 기타,화물,남,35세,경상,승용,남,28세,경상
2022121200100167,2022년 12월 12일 11시,월요일,제주특별자치도 제주시 도련일동,중상사고,0,1,0,0,차량단독 - 기타,기타,건조,맑음,단일로 - 기타,승합,남,58세,상해없음,,,,
2022121200100198,2022년 12월 12일 12시,월요일,제주특별자치도 제주시 이도이동,경상사고,0,0,1,0,차대사람 - 기타,안전운전불이행,건조,맑음,단일로 - 기타,기타불명,기타불명,미분류,기타불명,보행자,여,86세,경상
2022121200100284,2022년 12월 12일 15시,월요일,제주특별자치도 제주시 삼양이동,경상사고,0,0,1,0,차대사람 - 기타,안전운전불이행,건조,맑음,교차로 - 교차로안,승합,남,53세,상해없음,보행자,여,32세,경상
2022121200100318,2022년 12월 12일 16시,월요일,제주특별자치도 서귀포시 대정읍,경상사고,0,0,1,0,차대차 - 정면충돌,안전운전불이행,건조,맑음,단일로 - 기타,승용,여,59세,상해없음,승용,여,48세,경상
2022121200100319,2022년 12월 12일 16시,월요일,제주특별자치도 제주시 한림읍,중상사고,0,1,0,0,차대차 - 기타,안전운전불이행,건조,맑음,단일로 - 기타,승용,남,62세,상해없음,승용,여,37세,중상
2022121200100372,2022년 12월 12일 17시,월요일,제주특별자치도 제주시 애월읍,경상사고,0,0,2,0,차대차 - 측면충돌,교차로운행방법위반,건조,맑음,교차로 - 교차로안,승용,여,65세,경상,건설기계,남,48세,경상
2022121200100447,2022년 12월 12일 18시,월요일,제주특별자치도 제주시 연동,경상사고,0,0,1,0,차대사람 - 차도통행중,보행자보호의무위반,건조,맑음,단일로 - 기타,승용,남,43세,상해없음,보행자,여,10세,경상
2022121200100491,2022년 12월 12일 19시,월요일,제주특별자치도 서귀포시 표선면,경상사고,0,0,1,0,차대차 - 기타,안전운전불이행,건조,맑음,단일로 - 기타,승용,남,51세,상해없음,자전거,남,14세,경상
2022121200100550,2022년 12월 12일 21시,월요일,제주특별자치도 서귀포시 동홍동,경상사고,0,0,1,0,차대차 - 기타,직진우회전진행방해,건조,맑음,교차로 - 교차로안,승용,여,22세,상해없음,승합,남,28세,경상
2022121300100129,2022년 12월 13일 09시,화요일,제주특별자치도 서귀포시 서귀동,경상사고,0,0,1,0,차대차 - 측면충돌,차로위반,건조,맑음,교차로 - 교차로안,승용,남,63세,상해없음,승용,남,30세,경상
2022121300100269,2022년 12월 13일 14시,화요일,제주특별자치도 제주시 연동,부상신고사고,0,0,0,1,차대차 - 기타,안전운전불이행,건조,맑음,단일로 - 기타,화물,남,59세,상해없음,승용,여,32세,부상신고
2022121300100325,2022년 12월 13일 16시,화요일,제주특별자치도 서귀포시 표선면,중상사고,0,1,0,0,차대차 - 추돌,안전운전불이행,건조,맑음,단일로 - 기타,승용,여,33세,상해없음,농기계,남,84세,중상
2022121300100371,2022년 12월 13일 17시,화요일,제주특별자치도 서귀포시 남원읍,경상사고,0,0,1,1,차대차 - 정면충돌,중앙선침범,건조,맑음,교차로 - 교차로안,화물,남,78세,부상신고,승용,남,67세,경상
2022121300100423,2022년 12월 13일 18시,화요일,제주특별자치도 제주시 용담이동,경상사고,0,0,2,0,차대사람 - 기타,안전운전불이행,건조,맑음,단일로 - 기타,승용,남,21세,상해없음,보행자,남,14세,경상
2022121300100481,2022년 12월 13일 20시,화요일,제주특별자치도 서귀포시 호근동,경상사고,0,0,1,0,차대차 - 기타,교차로운행방법위반,건조,맑음,단일로 - 기타,화물,남,51세,상해없음,승용,여,29세,경상
2022121300100522,2022년 12월 13일 22시,화요일,제주특별자치도 제주시 이도이동,경상사고,0,0,1,0,차대차 - 추돌,안전운전불이행,건조,맑음,교차로 - 교차로안,승용,남,27세,상해없음,승용,남,36세,경상
2022121300100523,2022년 12월 13일 22시,화요일,제주특별자치도 서귀포시 서호동,부상신고사고,0,0,0,1,차대차 - 기타,안전운전불이행,건조,맑음,기타 - 기타,화물,남,51세,상해없음,승용,남,25세,부상신고
2022121300100544,2022년 12월 13일 23시,화요일,제주특별자치도 제주시 애월읍,경상사고,0,0,2,0,차대차 - 후진중충돌,안전운전불이행,건조,맑음,주차장 - 주차장,승용,남,62세,상해없음,승용,여,23세,경상
2022121400100009,2022년 12월 14일 00시,수요일,제주특별자치도 제주시 아라일동,중상사고,0,1,0,0,차대사람 - 횡단중,보행자보호의무위반,건조,맑음,교차로 - 교차로안,승용,남,50세,상해없음,보행자,남,52세,중상
2022121400100161,2022년 12월 14일 09시,수요일,제주특별자치도 서귀포시 색달동,중상사고,0,1,0,0,차대차 - 후진중충돌,안전운전불이행,건조,맑음,단일로 - 기타,승용,여,23세,상해없음,승용,남,미분류,기타불명
2022121400100162,2022년 12월 14일 09시,수요일,제주특별자치도 서귀포시 토평동,경상사고,0,0,1,0,차대차 - 측면충돌,안전거리미확보,건조,맑음,교차로 - 교차로안,승용,여,54세,상해없음,승용,남,52세,경상
2022121400100232,2022년 12월 14일 11시,수요일,제주특별자치도 서귀포시 남원읍,부상신고사고,0,0,0,1,차대차 - 기타,안전운전불이행,건조,맑음,교차로 - 교차로안,승용,남,54세,상해없음,자전거,남,46세,부상신고
2022121400100233,2022년 12월 14일 11시,수요일,제주특별자치도 제주시 노형동,경상사고,0,0,1,0,차대차 - 추돌,안전거리미확보,건조,맑음,교차로 - 교차로부근,화물,남,28세,상해없음,승용,남,61세,경상
2022121400100271,2022년 12월 14일 12시,수요일,제주특별자치도 서귀포시 남원읍,경상사고,0,0,1,0,차대차 - 기타,안전거리미확보,건조,맑음,교차로 - 교차로부근,승용,남,30세,상해없음,승용,여,39세,경상
2022121400100344,2022년 12월 14일 14시,수요일,제주특별자치도 제주시 연동,부상신고사고,0,0,0,1,차대차 - 추돌,안전운전불이행,건조,맑음,단일로 - 기타,승용,여,32세,상해없음,승용,남,31세,부상신고
2022121400100380,2022년 12월 14일 15시,수요일,제주특별자치도 제주시 삼도일동,경상사고,0,0,1,0,차대차 - 후진중충돌,안전운전불이행,젖음/습기,비,단일로 - 기타,승용,여,38세,상해없음,이륜,남,59세,경상
2022121400100472,2022년 12월 14일 17시,수요일,제주특별자치도 제주시 삼도일동,경상사고,0,0,1,0,차대사람 - 횡단중,보행자보호의무위반,젖음/습기,비,교차로 - 교차로횡단보도내,승용,여,67세,상해없음,보행자,남,67세,경상
2022121400100537,2022년 12월 14일 18시,수요일,제주특별자치도 제주시 일도이동,경상사고,0,0,1,0,차대사람 - 횡단중,보행자보호의무위반,젖음/습기,비,교차로 - 교차로안,승용,여,53세,상해없음,보행자,여,25세,경상
2022121400100613,2022년 12월 14일 20시,수요일,제주특별자치도 제주시 오라이동,경상사고,0,0,1,0,차대차 - 기타,신호위반,건조,맑음,단일로 - 기타,승용,여,64세,상해없음,개인형이동수단(PM),여,15세,경상
2022121400100651,2022년 12월 14일 21시,수요일,제주특별자치도 서귀포시 법환동,부상신고사고,0,0,0,1,차대차 - 기타,안전거리미확보,건조,맑음,단일로 - 기타,화물,남,60세,상해없음,이륜,남,21세,부상신고
2022121500100035,2022년 12월 15일 03시,목요일,제주특별자치도 제주시 노형동,중상사고,0,1,0,0,차대사람 - 기타,안전운전불이행,건조,맑음,단일로 - 기타,승용,남,41세,상해없음,보행자,남,37세,중상
2022121500100072,2022년 12월 15일 06시,목요일,제주특별자치도 서귀포시 남원읍,중상사고,0,1,0,0,차대차 - 추돌,안전운전불이행,건조,맑음,교차로 - 교차로부근,승용,남,33세,상해없음,이륜,남,44세,중상
2022121500100091,2022년 12월 15일 07시,목요일,제주특별자치도 제주시 오라이동,경상사고,0,0,1,0,차대차 - 측면충돌,안전거리미확보,건조,맑음,단일로 - 기타,건설기계,남,49세,기타불명,승용,남,31세,경상
2022121500100153,2022년 12월 15일 09시,목요일,제주특별자치도 서귀포시 중문동,경상사고,0,0,1,1,차대차 - 기타,신호위반,건조,맑음,교차로 - 교차로안,이륜,남,81세,부상신고,승용,남,39세,경상
2022121500100183,2022년 12월 15일 10시,목요일,제주특별자치도 서귀포시 하효동,중상사고,0,1,0,0,차대차 - 기타,직진우회전진행방해,건조,맑음,교차로 - 교차로안,승용,남,23세,상해없음,이륜,남,88세,중상
2022121500100351,2022년 12월 15일 15시,목요일,제주특별자치도 서귀포시 동홍동,경상사고,0,0,1,0,차량단독 - 기타,안전운전불이행,건조,맑음,단일로 - 기타,승합,남,58세,상해없음,,,,
2022121500100352,2022년 12월 15일 15시,목요일,제주특별자치도 제주시 노형동,경상사고,0,0,1,1,차대차 - 측면충돌,직진우회전진행방해,건조,맑음,교차로 - 교차로안,화물,남,58세,경상,승용,남,22세,부상신고
2022121500100493,2022년 12월 15일 19시,목요일,제주특별자치도 서귀포시 서호동,경상사고,0,0,2,0,차대차 - 후진중충돌,안전운전불이행,건조,맑음,단일로 - 기타,승용,여,44세,상해없음,이륜,여,16세,경상
2022121600100032,2022년 12월 16일 03시,금요일,제주특별자치도 제주시 삼도이동,경상사고,0,0,1,0,차량단독 - 공작물충돌,안전운전불이행,건조,맑음,단일로 - 기타,이륜,남,43세,경상,,,,
2022121600100111,2022년 12월 16일 08시,금요일,제주특별자치도 제주시 연동,부상신고사고,0,0,0,1,차대차 - 측면충돌,안전운전불이행,건조,맑음,교차로 - 교차로횡단보도내,승용,여,53세,상해없음,자전거,여,60세,부상신고
2022121600100200,2022년 12월 16일 11시,금요일,제주특별자치도 제주시 노형동,경상사고,0,0,2,0,차대차 - 기타,안전운전불이행,건조,맑음,교차로 - 교차로부근,승용,남,74세,경상,승용,여,24세,경상
2022121600100227,2022년 12월 16일 12시,금요일,제주특별자치도 서귀포시 법환동,경상사고,0,0,1,0,차대차 - 기타,기타,건조,맑음,단일로 - 기타,화물,남,57세,상해없음,화물,남,46세,경상
2022121600100287,2022년 12월 16일 14시,금요일,제주특별자치도 서귀포시 안덕면,경상사고,0,0,2,0,차대차 - 기타,안전운전불이행,건조,맑음,단일로 - 기타,화물,남,57세,상해없음,승합,남,63세,상해없음
2022121600100321,2022년 12월 16일 15시,금요일,제주특별자치도 제주시 노형동,경상사고,0,0,1,0,차대차 - 정면충돌,중앙선침범,건조,맑음,교차로 - 교차로부근,승용,남,79세,경상,승합,남,55세,상해없음
2022121600100357,2022년 12월 16일 16시,금요일,제주특별자치도 제주시 이도이동,경상사고,0,0,2,0,차대차 - 측면충돌,안전거리미확보,건조,맑음,교차로 - 교차로부근,승용,여,76세,상해없음,승용,남,25세,경상
2022121600100401,2022년 12월 16일 17시,금요일,제주특별자치도 제주시 오라삼동,경상사고,0,0,1,0,차대차 - 추돌,안전운전불이행,건조,맑음,기타 - 기타,이륜,남,42세,상해없음,승용,여,50세,경상
2022121600100487,2022년 12월 16일 19시,금요일,제주특별자치도 제주시 오라이동,경상사고,0,0,1,0,차대차 - 추돌,안전운전불이행,건조,맑음,단일로 - 기타,승용,남,55세,상해없음,승용,여,42세,경상
2022121700100051,2022년 12월 17일 04시,토요일,제주특별자치도 제주시 이도이동,경상사고,0,0,1,0,차대차 - 기타,중앙선침범,건조,맑음,단일로 - 기타,화물,남,41세,상해없음,승용,남,52세,상해없음
2022121700100120,2022년 12월 17일 09시,토요일,제주특별자치도 제주시 노형동,경상사고,0,0,1,1,차대차 - 추돌,안전거리미확보,건조,맑음,교차로 - 교차로안,승용,남,53세,상해없음,승용,남,55세,상해없음
2022121700100149,2022년 12월 17일 10시,토요일,제주특별자치도 제주시 일도이동,경상사고,0,0,3,0,차대차 - 추돌,안전운전불이행,건조,맑음,교차로 - 교차로안,승용,남,73세,상해없음,승용,남,72세,경상
2022121700100150,2022년 12월 17일 10시,토요일,제주특별자치도 제주시 오라이동,경상사고,0,0,1,0,차대사람 - 횡단중,보행자보호의무위반,건조,맑음,교차로 - 교차로횡단보도내,승용,남,43세,상해없음,보행자,여,29세,경상
2022121700100184,2022년 12월 17일 11시,토요일,제주특별자치도 제주시 오등동,경상사고,0,0,5,0,차대차 - 추돌,안전운전불이행,젖음/습기,흐림,교차로 - 교차로부근,승용,남,47세,상해없음,승용,남,55세,경상
2022121700100332,2022년 12월 17일 15시,토요일,제주특별자치도 제주시 아라일동,경상사고,0,0,1,0,차대차 - 기타,안전운전불이행,건조,맑음,단일로 - 기타,승용,남,62세,상해없음,승용,여,29세,경상
2022121700100358,2022년 12월 17일 16시,토요일,제주특별자치도 제주시 도두일동,중상사고,0,1,0,0,차대사람 - 기타,안전운전불이행,건조,맑음,단일로 - 기타,화물,남,43세,상해없음,보행자,여,28세,중상
2022121700100359,2022년 12월 17일 16시,토요일,제주특별자치도 제주시 용담이동,경상사고,0,0,1,0,차대차 - 기타,안전운전불이행,건조,맑음,단일로 - 기타,승용,남,60세,기타불명,승용,남,45세,경상
2022121700100392,2022년 12월 17일 17시,토요일,제주특별자치도 서귀포시 도순동,중상사고,0,1,0,0,차대차 - 기타,안전운전불이행,적설,눈,단일로 - 기타,승용,남,47세,상해없음,승용,남,57세,중상
2022121700100393,2022년 12월 17일 17시,토요일,제주특별자치도 제주시 연동,부상신고사고,0,0,0,1,차대차 - 측면충돌,안전거리미확보,젖음/습기,비,단일로 - 기타,이륜,남,52세,부상신고,승용,여,57세,상해없음
2022121700100470,2022년 12월 17일 19시,토요일,제주특별자치도 서귀포시 하원동,부상신고사고,0,0,0,3,차대차 - 추돌,안전거리미확보,적설,눈,교차로 - 교차로부근,승용,남,34세,상해없음,화물,남,31세,부상신고
2022121700100494,2022년 12월 17일 20시,토요일,제주특별자치도 제주시 이도이동,경상사고,0,0,2,0,차대차 - 기타,안전운전불이행,건조,흐림,교차로 - 교차로안,승용,남,65세,기타불명,승용,여,41세,경상
2022121700100520,2022년 12월 17일 21시,토요일,제주특별자치도 제주시 애월읍,경상사고,0,0,2,0,차대차 - 추돌,안전운전불이행,서리/결빙,눈,단일로 - 기타,승용,남,48세,상해없음,승용,여,34세,경상
2022121700100556,2022년 12월 17일 23시,토요일,제주특별자치도 제주시 애월읍,경상사고,0,0,2,0,차대차 - 정면충돌,안전운전불이행,서리/결빙,눈,교차로 - 교차로부근,승용,남,36세,상해없음,승용,기타불명,미분류,기타불명
2022121800100013,2022년 12월 18일 00시,일요일,제주특별자치도 제주시 도남동,경상사고,0,0,1,0,차대차 - 추돌,안전운전불이행,적설,눈,단일로 - 기타,승용,남,29세,상해없음,승용,여,68세,경상
2022121800100029,2022년 12월 18일 01시,일요일,제주특별자치도 제주시 이도일동,경상사고,0,0,1,0,차대차 - 추돌,안전운전불이행,젖음/습기,흐림,단일로 - 기타,승용,남,25세,상해없음,승용,남,63세,경상
2022121800100174,2022년 12월 18일 13시,일요일,제주특별자치도 제주시 애월읍,경상사고,0,0,2,0,차대차 - 기타,안전운전불이행,서리/결빙,눈,단일로 - 기타,승용,남,30세,경상,특수,남,35세,경상
2022121900100115,2022년 12월 19일 08시,월요일,제주특별자치도 서귀포시 성산읍,경상사고,0,0,1,0,차대차 - 기타,안전운전불이행,젖음/습기,맑음,단일로 - 기타,승용,남,68세,상해없음,승용,여,59세,경상
2022121900100116,2022년 12월 19일 08시,월요일,제주특별자치도 제주시 연동,경상사고,0,0,1,0,차대차 - 기타,안전거리미확보,젖음/습기,맑음,단일로 - 기타,승용,남,63세,상해없음,화물,남,47세,상해없음
2022121900100149,2022년 12월 19일 09시,월요일,제주특별자치도 제주시 이도이동,경상사고,0,0,1,0,차대차 - 기타,직진우회전진행방해,건조,맑음,교차로 - 교차로안,승용,남,70세,상해없음,승용,여,48세,상해없음
2022121900100150,2022년 12월 19일 09시,월요일,제주특별자치도 제주시 애월읍,사망사고,1,0,0,0,차대사람 - 기타,안전운전불이행,젖음/습기,흐림,단일로 - 기타,건설기계,남,53세,상해없음,보행자,여,82세,사망
2022121900100203,2022년 12월 19일 11시,월요일,제주특별자치도 제주시 애월읍,중상사고,0,1,1,1,차대차 - 측면충돌,교차로운행방법위반,건조,맑음,교차로 - 교차로안,승용,여,48세,경상,승용,남,26세,부상신고
2022121900100204,2022년 12월 19일 11시,월요일,제주특별자치도 제주시 애월읍,경상사고,0,0,2,0,차량단독 - 전도전복 - 전도,안전운전불이행,젖음/습기,맑음,기타 - 기타,승용,여,21세,경상,,,,
2022121900100241,2022년 12월 19일 12시,월요일,제주특별자치도 제주시 삼도일동,중상사고,0,2,0,0,차량단독 - 기타,안전운전불이행,건조,맑음,단일로 - 기타,승합,남,37세,상해없음,,,,
2022121900100242,2022년 12월 19일 12시,월요일,제주특별자치도 서귀포시 표선면,경상사고,0,0,1,1,차대차 - 기타,직진우회전진행방해,건조,맑음,교차로 - 교차로안,승합,남,37세,상해없음,승용,남,68세,경상