사고번호,사고일시,요일,시군구,사고내용,사망자수,중상자수,경상자수,부상신고자수,사고유형,법규위반,노면상태,기상상태,도로형태,가해운전자 차종,가해운전자 성별,가해운전자 연령,가해운전자 상해정도,피해운전자 차종,피해운전자 성별,피해운전자 연령,피해운전자 상해정도
2022121900100311,2022년 12월 19일 14시,월요일,제주특별자치도 제주시 연동,경상사고,0,0,1,0,차대사람 - 기타,안전운전불이행,건조,맑음,단일로 - 기타,승용,여,45세,상해없음,보행자,남,11세,경상
2022121900100408,2022년 12월 19일 17시,월요일,제주특별자치도 제주시 애월읍,경상사고,0,0,1,0,차대차 - 기타,안전운전불이행,건조,맑음,단일로 - 기타,승용,여,68세,상해없음,승용,남,23세,경상
2022121900100409,2022년 12월 19일 17시,월요일,제주특별자치도 제주시 이호일동,부상신고사고,0,0,0,1,차대차 - 정면충돌,직진우회전진행방해,건조,맑음,교차로 - 교차로안,이륜,남,42세,부상신고,화물,남,52세,상해없음
2022121900100552,2022년 12월 19일 22시,월요일,제주특별자치도 제주시 노형동,경상사고,0,0,1,0,차대차 - 기타,신호위반,건조,맑음,교차로 - 교차로안,승용,여,26세,상해없음,승용,남,58세,상해없음
2022122000100065,2022년 12월 20일 07시,화요일,제주특별자치도 서귀포시 중문동,경상사고,0,0,1,0,차대차 - 기타,기타,건조,맑음,교차로 - 교차로안,승용,여,31세,상해없음,자전거,남,83세,경상
2022122000100066,2022년 12월 20일 07시,화요일,제주특별자치도 제주시 애월읍,사망사고,1,0,0,0,차대사람 - 차도통행중,안전운전불이행,건조,맑음,교차로 - 교차로안,화물,남,73세,상해없음,보행자,여,87세,사망
2022122000100067,2022년 12월 20일 07시,화요일,제주특별자치도 제주시 애월읍,경상사고,0,0,2,0,차대차 - 정면충돌,신호위반,건조,맑음,교차로 - 교차로안,승용,여,65세,경상,화물,남,27세,경상
2022122000100154,2022년 12월 20일 09시,화요일,제주특별자치도 제주시 삼도일동,중상사고,0,1,0,0,차대사람 - 횡단중,보행자보호의무위반,건조,맑음,교차로 - 교차로횡단보도내,승용,남,24세,상해없음,보행자,여,77세,중상
2022122000100155,2022년 12월 20일 09시,화요일,제주특별자치도 제주시 노형동,중상사고,0,1,0,0,차대차 - 기타,안전거리미확보,건조,맑음,단일로 - 기타,화물,남,39세,상해없음,승용,여,58세,중상
2022122000100156,2022년 12월 20일 09시,화요일,제주특별자치도 제주시 노형동,중상사고,0,1,0,0,차대사람 - 기타,안전운전불이행,건조,맑음,교차로 - 교차로안,승용,여,31세,상해없음,보행자,남,38세,중상
2022122000100230,2022년 12월 20일 11시,화요일,제주특별자치도 제주시 건입동,중상사고,0,2,0,0,차대차 - 기타,신호위반,건조,맑음,교차로 - 교차로부근,이륜,남,62세,중상,승용,여,54세,중상
2022122000100231,2022년 12월 20일 11시,화요일,제주특별자치도 서귀포시 성산읍,중상사고,0,1,0,0,차대사람 - 기타,기타,젖음/습기,흐림,주차장 - 주차장,승용,여,68세,상해없음,보행자,여,63세,중상
2022122000100264,2022년 12월 20일 12시,화요일,제주특별자치도 서귀포시 색달동,중상사고,0,1,9,0,차대차 - 추돌,안전운전불이행,건조,맑음,교차로 - 교차로부근,화물,여,58세,상해없음,승합,남,54세,경상
2022122000100300,2022년 12월 20일 13시,화요일,제주특별자치도 서귀포시 대정읍,경상사고,0,0,3,0,차대차 - 측면충돌,직진우회전진행방해,건조,맑음,교차로 - 교차로안,화물,남,46세,경상,승용,여,50세,경상
2022122000100334,2022년 12월 20일 14시,화요일,제주특별자치도 제주시 애월읍,경상사고,0,0,1,0,차대차 - 측면충돌,직진우회전진행방해,건조,맑음,교차로 - 교차로안,화물,남,42세,기타불명,화물,남,37세,경상
2022122000100418,2022년 12월 20일 16시,화요일,제주특별자치도 제주시 이도이동,경상사고,0,0,1,0,차대차 - 정면충돌,신호위반,건조,맑음,교차로 - 교차로안,승용,남,56세,상해없음,승용,여,30세,경상
2022122000100462,2022년 12월 20일 17시,화요일,제주특별자치도 제주시 애월읍,경상사고,0,0,1,0,차대차 - 기타,안전운전불이행,건조,맑음,기타 - 기타,화물,남,70세,상해없음,승용,여,38세,경상
2022122000100521,2022년 12월 20일 18시,화요일,제주특별자치도 제주시 구좌읍,중상사고,0,1,0,0,차대차 - 기타,안전운전불이행,건조,맑음,교차로 - 교차로부근,화물,남,31세,상해없음,이륜,여,67세,중상
2022122000100570,2022년 12월 20일 19시,화요일,제주특별자치도 서귀포시 상예동,경상사고,0,0,1,0,차대사람 - 횡단중,신호위반,건조,맑음,단일로 - 기타,이륜,남,25세,상해없음,보행자,여,77세,경상
2022122100100227,2022년 12월 21일 11시,수요일,제주특별자치도 제주시 건입동,경상사고,0,0,2,0,차대차 - 측면충돌,신호위반,건조,맑음,교차로 - 교차로안,승용,여,44세,상해없음,승용,남,67세,경상
2022122100100228,2022년 12월 21일 11시,수요일,제주특별자치도 제주시 봉개동,중상사고,0,1,0,0,차대사람 - 기타,기타,건조,맑음,단일로 - 기타,승용,남,79세,상해없음,보행자,여,79세,중상
2022122100100229,2022년 12월 21일 11시,수요일,제주특별자치도 제주시 일도이동,경상사고,0,0,1,0,차대차 - 측면충돌,교차로운행방법위반,젖음/습기,흐림,교차로 - 교차로안,승용,남,41세,상해없음,승용,여,36세,경상
2022122100100247,2022년 12월 21일 12시,수요일,제주특별자치도 제주시 연동,경상사고,0,0,1,0,차대차 - 기타,교차로운행방법위반,기타,비,교차로 - 교차로안,승용,남,51세,상해없음,원동기,남,50세,경상
2022122100100260,2022년 12월 21일 13시,수요일,제주특별자치도 제주시 일도이동,경상사고,0,0,3,0,차대차 - 추돌,안전운전불이행,젖음/습기,비,교차로 - 교차로부근,승용,남,61세,상해없음,승용,남,43세,경상
2022122100100278,2022년 12월 21일 14시,수요일,제주특별자치도 제주시 연동,중상사고,0,1,0,0,차량단독 - 기타,안전운전불이행,건조,맑음,기타 - 기타,승합,남,56세,상해없음,,,,
2022122100100456,2022년 12월 21일 20시,수요일,제주특별자치도 서귀포시 서귀동,경상사고,0,0,1,0,차대차 - 측면충돌,교차로운행방법위반,건조,맑음,교차로 - 교차로안,승용,남,63세,상해없음,이륜,남,34세,경상
2022122200100080,2022년 12월 22일 07시,목요일,제주특별자치도 제주시 노형동,경상사고,0,0,1,0,차대차 - 측면충돌,안전운전불이행,건조,맑음,교차로 - 교차로횡단보도내,자전거,남,17세,경상,기타불명,기타불명,미분류,기타불명
2022122200100291,2022년 12월 22일 15시,목요일,제주특별자치도 서귀포시 동홍동,부상신고사고,0,0,0,1,차대사람 - 기타,안전운전불이행,건조,맑음,기타 - 기타,화물,남,31세,상해없음,보행자,남,7세,부상신고
2022122200100358,2022년 12월 22일 17시,목요일,제주특별자치도 제주시 도남동,경상사고,0,0,1,1,차대차 - 측면충돌,교차로운행방법위반,건조,맑음,교차로 - 교차로안,승용,남,53세,상해없음,승용,여,39세,경상
2022122200100408,2022년 12월 22일 18시,목요일,제주특별자치도 제주시 연동,경상사고,0,0,1,0,차대차 - 측면충돌,안전거리미확보,젖음/습기,비,교차로 - 교차로부근,승용,여,33세,상해없음,승용,여,31세,경상
2022122200100455,2022년 12월 22일 19시,목요일,제주특별자치도 제주시 이도이동,경상사고,0,0,1,0,차대차 - 기타,안전운전불이행,서리/결빙,눈,교차로 - 교차로부근,승용,남,42세,상해없음,이륜,남,28세,경상
2022122300100094,2022년 12월 23일 08시,금요일,제주특별자치도 제주시 아라일동,경상사고,0,0,2,0,차대차 - 기타,안전운전불이행,적설,기타,단일로 - 기타,승용,남,36세,경상,승용,남,42세,경상
2022122300100119,2022년 12월 23일 09시,금요일,제주특별자치도 제주시 노형동,경상사고,0,0,1,0,차대차 - 기타,직진우회전진행방해,서리/결빙,눈,교차로 - 교차로안,승용,남,55세,상해없음,승용,남,34세,상해없음
2022122300100222,2022년 12월 23일 13시,금요일,제주특별자치도 서귀포시 중문동,경상사고,0,0,1,0,차대차 - 추돌,안전운전불이행,건조,맑음,교차로 - 교차로부근,승합,남,67세,상해없음,승합,남,72세,경상
2022122300100356,2022년 12월 23일 17시,금요일,제주특별자치도 서귀포시 안덕면,부상신고사고,0,0,0,1,차대차 - 기타,안전운전불이행,젖음/습기,눈,단일로 - 기타,승용,남,38세,상해없음,승용,남,33세,부상신고
2022122300100543,2022년 12월 23일 22시,금요일,제주특별자치도 제주시 삼도일동,경상사고,0,0,1,0,차대사람 - 횡단중,안전운전불이행,건조,흐림,단일로 - 기타,승용,남,21세,상해없음,보행자,남,52세,경상
2022122400100067,2022년 12월 24일 07시,토요일,제주특별자치도 서귀포시 대정읍,중상사고,0,1,1,0,차대차 - 정면충돌,기타,적설,눈,교차로 - 교차로부근,승용,남,31세,경상,승용,남,48세,중상
2022122400100117,2022년 12월 24일 10시,토요일,제주특별자치도 제주시 노형동,중상사고,0,1,4,0,차대차 - 측면충돌,신호위반,서리/결빙,눈,교차로 - 교차로안,승용,여,67세,경상,승용,여,34세,중상
2022122400100118,2022년 12월 24일 10시,토요일,제주특별자치도 제주시 용담삼동,경상사고,0,0,1,0,차대사람 - 횡단중,보행자보호의무위반,건조,맑음,교차로 - 교차로부근,승용,여,28세,상해없음,보행자,여,51세,경상
2022122400100236,2022년 12월 24일 13시,토요일,제주특별자치도 제주시 삼도일동,경상사고,0,0,1,0,차대사람 - 횡단중,보행자보호의무위반,젖음/습기,눈,교차로 - 교차로횡단보도내,화물,남,40세,상해없음,보행자,남,68세,경상
2022122400100237,2022년 12월 24일 13시,토요일,제주특별자치도 제주시 외도일동,경상사고,0,0,1,0,차대사람 - 차도통행중,기타,건조,맑음,기타 - 기타,승용,남,67세,상해없음,보행자,남,37세,경상
2022122400100268,2022년 12월 24일 14시,토요일,제주특별자치도 서귀포시 강정동,경상사고,0,0,1,0,차대차 - 기타,안전운전불이행,건조,맑음,단일로 - 기타,화물,남,38세,상해없음,승용,남,59세,경상
2022122400100307,2022년 12월 24일 15시,토요일,제주특별자치도 제주시 일도일동,경상사고,0,0,1,0,차대사람 - 횡단중,보행자보호의무위반,건조,흐림,교차로 - 교차로횡단보도내,승용,남,42세,상해없음,보행자,남,70세,경상
2022122400100355,2022년 12월 24일 16시,토요일,제주특별자치도 제주시 오라일동,경상사고,0,0,2,0,차대차 - 기타,안전운전불이행,건조,맑음,단일로 - 기타,승용,남,60세,기타불명,승용,여,29세,경상
2022122400100468,2022년 12월 24일 19시,토요일,제주특별자치도 서귀포시 성산읍,경상사고,0,0,2,0,차대차 - 기타,안전거리미확보,건조,맑음,단일로 - 기타,승용,여,47세,상해없음,승용,남,45세,경상
2022122400100513,2022년 12월 24일 21시,토요일,제주특별자치도 제주시 오라일동,중상사고,0,2,0,0,차대차 - 기타,안전운전불이행,건조,맑음,단일로 - 기타,승용,남,65세,상해없음,승용,남,49세,중상
2022122400100532,2022년 12월 24일 22시,토요일,제주특별자치도 서귀포시 동홍동,경상사고,0,0,1,0,차대차 - 기타,안전운전불이행,건조,맑음,단일로 - 기타,승용,남,36세,상해없음,이륜,남,45세,경상
2022122500100147,2022년 12월 25일 13시,일요일,제주특별자치도 서귀포시 서귀동,경상사고,0,0,1,0,차대차 - 측면충돌,교차로운행방법위반,건조,맑음,교차로 - 교차로안,승용,여,49세,상해없음,승용,남,25세,경상
2022122500100172,2022년 12월 25일 14시,일요일,제주특별자치도 제주시 일도일동,경상사고,0,0,1,0,차대사람 - 보도통행중,기타,건조,맑음,기타 - 기타,승합,남,49세,상해없음,보행자,여,41세,경상
2022122500100291,2022년 12월 25일 18시,일요일,제주특별자치도 서귀포시 서홍동,중상사고,0,2,0,0,차량단독 - 전도전복 - 전복,안전운전불이행,건조,맑음,단일로 - 기타,승용,여,51세,중상,,,,
2022122500100292,2022년 12월 25일 18시,일요일,제주특별자치도 제주시 연동,부상신고사고,0,0,0,1,차대차 - 추돌,안전운전불이행,건조,맑음,단일로 - 기타,화물,남,37세,상해없음,이륜,남,32세,부상신고
2022122500100341,2022년 12월 25일 20시,일요일,제주특별자치도 제주시 애월읍,경상사고,0,0,1,0,차대사람 - 횡단중,안전운전불이행,건조,흐림,단일로 - 기타,기타불명,기타불명,미분류,기타불명,보행자,남,21세,경상
2022122600100005,2022년 12월 26일 00시,월요일,제주특별자치도 서귀포시 표선면,부상신고사고,0,0,0,1,차량단독 - 공작물충돌,안전운전불이행,젖음/습기,맑음,교차로 - 교차로안,승용,남,56세,부상신고,,,,
2022122600100094,2022년 12월 26일 08시,월요일,제주특별자치도 서귀포시 성산읍,중상사고,0,1,0,0,차대차 - 후진중충돌,안전운전불이행,건조,맑음,단일로 - 기타,화물,남,66세,상해없음,승용,남,30세,중상
2022122600100224,2022년 12월 26일 12시,월요일,제주특별자치도 제주시 삼도일동,중상사고,0,1,0,0,차대사람 - 길가장자리구역통행중,안전운전불이행,건조,맑음,단일로 - 기타,승용,여,51세,상해없음,보행자,여,22세,중상
2022122600100305,2022년 12월 26일 15시,월요일,제주특별자치도 서귀포시 대정읍,경상사고,0,0,1,1,차대차 - 정면충돌,직진우회전진행방해,건조,맑음,교차로 - 교차로안,화물,남,68세,부상신고,승용,여,42세,경상
2022122600100306,2022년 12월 26일 15시,월요일,제주특별자치도 서귀포시 성산읍,경상사고,0,0,4,0,차대차 - 기타,직진우회전진행방해,건조,맑음,교차로 - 교차로안,승용,남,59세,상해없음,승용,남,34세,상해없음
2022122600100410,2022년 12월 26일 18시,월요일,제주특별자치도 서귀포시 서귀동,부상신고사고,0,0,0,1,차대사람 - 차도통행중,안전운전불이행,건조,맑음,단일로 - 기타,개인형이동수단(PM),남,24세,상해없음,보행자,여,41세,부상신고
2022122600100411,2022년 12월 26일 18시,월요일,제주특별자치도 제주시 노형동,경상사고,0,0,1,1,차대차 - 측면충돌,안전거리미확보,건조,맑음,교차로 - 교차로안,승용,남,58세,부상신고,승용,여,33세,경상
2022122600100452,2022년 12월 26일 19시,월요일,제주특별자치도 제주시 일도이동,경상사고,0,0,1,0,차대사람 - 횡단중,안전운전불이행,건조,맑음,교차로 - 교차로안,승용,여,68세,상해없음,보행자,남,61세,경상
2022122700100017,2022년 12월 27일 01시,화요일,제주특별자치도 제주시 삼도일동,중상사고,0,1,0,0,차대사람 - 횡단중,안전운전불이행,건조,맑음,교차로 - 교차로횡단보도내,승용,여,70세,상해없음,보행자,남,60세,중상
2022122700100119,2022년 12월 27일 08시,화요일,제주특별자치도 서귀포시 서귀동,경상사고,0,0,1,0,차대차 - 기타,기타,건조,맑음,단일로 - 기타,승용,남,57세,상해없음,이륜,남,59세,경상
2022122700100155,2022년 12월 27일 09시,화요일,제주특별자치도 제주시 노형동,경상사고,0,0,1,0,차대사람 - 횡단중,신호위반,건조,맑음,교차로 - 교차로횡단보도내,승용,여,69세,상해없음,보행자,여,25세,경상
2022122700100187,2022년 12월 27일 10시,화요일,제주특별자치도 제주시 조천읍,경상사고,0,0,1,0,차대차 - 기타,안전거리미확보,젖음/습기,눈,단일로 - 기타,화물,남,46세,상해없음,승용,남,42세,경상
2022122700100216,2022년 12월 27일 11시,화요일,제주특별자치도 제주시 도남동,경상사고,0,0,2,0,차대차 - 측면충돌,안전운전불이행,건조,맑음,단일로 - 기타,화물,남,49세,상해없음,승용,여,32세,경상
2022122700100323,2022년 12월 27일 15시,화요일,제주특별자치도 제주시 화북이동,경상사고,0,0,1,0,차대차 - 측면충돌,신호위반,건조,맑음,교차로 - 교차로안,승용,여,40세,상해없음,승용,남,40세,경상
2022122700100401,2022년 12월 27일 17시,화요일,제주특별자치도 제주시 일도일동,중상사고,0,1,0,0,차대사람 - 횡단중,보행자보호의무위반,건조,맑음,교차로 - 교차로횡단보도내,승합,남,64세,상해없음,보행자,여,60세,중상
2022122700100402,2022년 12월 27일 17시,화요일,제주특별자치도 서귀포시 신효동,경상사고,0,0,1,1,차대차 - 기타,직진우회전진행방해,건조,맑음,교차로 - 교차로안,승용,여,62세,부상신고,승용,남,24세,상해없음
2022122700100403,2022년 12월 27일 17시,화요일,제주특별자치도 제주시 한림읍,중상사고,0,2,2,0,차대차 - 측면충돌,안전운전불이행,건조,맑음,교차로 - 교차로안,승용,남,65세,경상,승용,남,48세,경상
2022122700100445,2022년 12월 27일 18시,화요일,제주특별자치도 제주시 아라일동,경상사고,0,0,1,0,차대차 - 추돌,안전운전불이행,건조,맑음,단일로 - 기타,승용,여,26세,상해없음,건설기계,남,43세,경상
2022122700100446,2022년 12월 27일 18시,화요일,제주특별자치도 제주시 회천동,경상사고,0,0,1,0,차대차 - 기타,안전거리미확보,건조,맑음,단일로 - 기타,화물,남,29세,상해없음,승용,남,48세,경상
2022122700100447,2022년 12월 27일 18시,화요일,제주특별자치도 제주시 일도일동,경상사고,0,0,4,0,차대차 - 기타,안전운전불이행,건조,맑음,단일로 - 기타,승용,남,47세,상해없음,승용,남,48세,경상
2022122700100448,2022년 12월 27일 18시,화요일,제주특별자치도 제주시 연동,경상사고,0,0,1,0,차대사람 - 기타,안전운전불이행,건조,맑음,단일로 - 기타,승용,여,28세,상해없음,보행자,여,14세,경상
2022122700100523,2022년 12월 27일 20시,화요일,제주특별자치도 제주시 한림읍,중상사고,0,1,0,0,차대사람 - 기타,안전운전불이행,건조,맑음,단일로 - 기타,승용,남,59세,상해없음,보행자,여,66세,중상
2022122700100597,2022년 12월 27일 23시,화요일,제주특별자치도 서귀포시 대정읍,경상사고,0,0,1,0,차대차 - 기타,안전운전불이행,건조,맑음,단일로 - 기타,승용,남,32세,상해없음,승용,남,36세,경상
2022122800100072,2022년 12월 28일 07시,수요일,제주특별자치도 제주시 아라이동,경상사고,0,0,1,0,차대사람 - 횡단중,보행자보호의무위반,건조,맑음,교차로 - 교차로횡단보도내,화물,남,34세,상해없음,보행자,여,22세,경상
2022122800100152,2022년 12월 28일 10시,수요일,제주특별자치도 서귀포시 서홍동,경상사고,0,0,1,0,차대차 - 측면충돌,안전거리미확보,건조,맑음,교차로 - 교차로안,화물,남,64세,상해없음,승용,남,33세,경상
2022122800100215,2022년 12월 28일 12시,수요일,제주특별자치도 제주시 노형동,경상사고,0,0,1,0,차대차 - 측면충돌,안전운전불이행,건조,맑음,단일로 - 기타,승용,여,31세,상해없음,승용,여,45세,경상
2022122800100262,2022년 12월 28일 13시,수요일,제주특별자치도 제주시 일도이동,경상사고,0,0,2,0,차대차 - 추돌,안전운전불이행,건조,맑음,단일로 - 기타,승용,남,68세,상해없음,승용,여,38세,경상
2022122800100406,2022년 12월 28일 17시,수요일,제주특별자치도 제주시 이도이동,경상사고,0,0,1,0,차대사람 - 횡단중,보행자보호의무위반,건조,맑음,교차로 - 교차로횡단보도내,승용,남,21세,기타불명,보행자,남,16세,경상
2022122800100407,2022년 12월 28일 17시,수요일,제주특별자치도 제주시 조천읍,경상사고,0,0,1,0,차대차 - 기타,안전운전불이행,건조,맑음,기타 - 기타,승용,여,42세,상해없음,이륜,남,63세,경상
2022122800100408,2022년 12월 28일 17시,수요일,제주특별자치도 제주시 연동,중상사고,0,1,0,0,차대차 - 측면충돌,교차로운행방법위반,건조,맑음,교차로 - 교차로안,승용,남,47세,상해없음,이륜,남,51세,중상
2022122800100461,2022년 12월 28일 18시,수요일,제주특별자치도 제주시 삼도일동,경상사고,0,0,2,0,차대차 - 추돌,안전운전불이행,건조,맑음,단일로 - 기타,승용,남,57세,상해없음,승용,남,51세,상해없음
2022122800100462,2022년 12월 28일 18시,수요일,제주특별자치도 서귀포시 서귀동,부상신고사고,0,0,0,1,차대사람 - 보도통행중,안전운전불이행,건조,맑음,기타 - 기타,승용,남,47세,상해없음,보행자,남,13세,부상신고
2022122800100463,2022년 12월 28일 18시,수요일,제주특별자치도 제주시 노형동,부상신고사고,0,0,0,1,차대사람 - 차도통행중,안전운전불이행,건조,맑음,단일로 - 기타,승용,여,30세,기타불명,보행자,여,27세,부상신고
2022122800100570,2022년 12월 28일 21시,수요일,제주특별자치도 제주시 한림읍,경상사고,0,0,1,0,차대차 - 측면충돌,안전운전불이행,건조,맑음,단일로 - 기타,자전거,남,17세,경상,승용,남,40세,상해없음
2022122800100599,2022년 12월 28일 22시,수요일,제주특별자치도 제주시 회천동,경상사고,0,0,1,0,차대차 - 측면충돌,안전거리미확보,건조,맑음,단일로 - 기타,화물,남,60세,상해없음,승용,여,44세,경상
2022122800100620,2022년 12월 28일 23시,수요일,제주특별자치도 제주시 이도이동,경상사고,0,0,1,0,차대사람 - 기타,안전운전불이행,건조,맑음,단일로 - 기타,승용,남,45세,상해없음,보행자,남,31세,경상
2022122900100073,2022년 12월 29일 07시,목요일,제주특별자치도 서귀포시 표선면,부상신고사고,0,0,0,1,차대차 - 측면충돌,안전운전불이행,건조,맑음,교차로 - 교차로안,이륜,남,62세,부상신고,승용,남,47세,상해없음
2022122900100094,2022년 12월 29일 08시,목요일,제주특별자치도 제주시 도련이동,경상사고,0,0,1,0,차대사람 - 횡단중,보행자보호의무위반,건조,맑음,교차로 - 교차로횡단보도내,승용,여,51세,상해없음,보행자,남,12세,경상
2022122900100240,2022년 12월 29일 13시,목요일,제주특별자치도 제주시 노형동,부상신고사고,0,0,0,1,차대사람 - 기타,안전운전불이행,건조,맑음,교차로 - 교차로부근,원동기,남,52세,상해없음,보행자,여,31세,부상신고
2022122900100241,2022년 12월 29일 13시,목요일,제주특별자치도 제주시 한림읍,중상사고,0,1,1,0,차대차 - 기타,안전거리미확보,건조,맑음,단일로 - 기타,화물,남,44세,상해없음,승용,여,47세,경상
2022122900100512,2022년 12월 29일 19시,목요일,제주특별자치도 제주시 아라일동,경상사고,0,0,2,0,차대차 - 측면충돌,불법유턴,건조,맑음,교차로 - 교차로부근,승용,여,66세,상해없음,승용,남,59세,경상
2022122900100570,2022년 12월 29일 21시,목요일,제주특별자치도 제주시 이도이동,경상사고,0,0,2,0,차대차 - 측면충돌,교차로운행방법위반,건조,맑음,교차로 - 교차로안,승용,여,49세,경상,승용,여,29세,경상
2022123000100102,2022년 12월 30일 08시,금요일,제주특별자치도 제주시 연동,경상사고,0,0,3,0,차대차 - 추돌,안전운전불이행,건조,맑음,교차로 - 교차로안,승용,남,43세,상해없음,승용,남,45세,경상
2022123000100223,2022년 12월 30일 12시,금요일,제주특별자치도 서귀포시 하원동,중상사고,0,1,1,0,차대차 - 측면충돌,중앙선침범,건조,맑음,단일로 - 기타,승용,여,47세,상해없음,승용,남,26세,경상
2022123000100272,2022년 12월 30일 13시,금요일,제주특별자치도 제주시 일도일동,경상사고,0,0,1,0,차대차 - 측면충돌,안전운전불이행,건조,맑음,단일로 - 기타,승용,남,69세,상해없음,이륜,남,34세,경상
2022123000100273,2022년 12월 30일 13시,금요일,제주특별자치도 제주시 조천읍,경상사고,0,0,1,0,차대차 - 기타,직진우회전진행방해,건조,맑음,교차로 - 교차로안,이륜,남,48세,경상,승용,남,22세,상해없음
2022123000100310,2022년 12월 30일 14시,금요일,제주특별자치도 서귀포시 색달동,부상신고사고,0,0,0,6,차대차 - 기타,안전운전불이행,건조,맑음,단일로 - 기타,승용,여,40세,부상신고,승용,남,28세,부상신고
2022123000100398,2022년 12월 30일 16시,금요일,제주특별자치도 서귀포시 성산읍,중상사고,0,1,0,0,차량단독 - 공작물충돌,안전운전불이행,건조,맑음,단일로 - 기타,승용,남,29세,상해없음,,,,
2022123000100468,2022년 12월 30일 17시,금요일,제주특별자치도 제주시 일도이동,경상사고,0,0,1,0,차대사람 - 횡단중,보행자보호의무위반,건조,흐림,기타 - 기타,승용,여,63세,상해없음,보행자,남,72세,경상
2022123000100469,2022년 12월 30일 17시,금요일,제주특별자치도 제주시 애월읍,경상사고,0,0,2,0,차대차 - 측면충돌,교차로운행방법위반,건조,맑음,교차로 - 교차로안,화물,남,58세,경상,승용,여,52세,경상
2022123000100614,2022년 12월 30일 20시,금요일,제주특별자치도 제주시 연동,부상신고사고,0,0,0,1,차대차 - 후진중충돌,안전운전불이행,건조,맑음,단일로 - 기타,승용,남,61세,상해없음,승용,남,38세,부상신고
2022123100100090,2022년 12월 31일 06시,토요일,제주특별자치도 서귀포시 안덕면,중상사고,0,1,0,0,차량단독 - 전도전복 - 전도,안전운전불이행,건조,맑음,교차로 - 교차로안,화물,남,33세,중상,,,,
2022123100100091,2022년 12월 31일 06시,토요일,제주특별자치도 제주시 노형동,경상사고,0,0,1,0,차대차 - 기타,신호위반,건조,기타,교차로 - 교차로안,승용,남,72세,상해없음,승용,남,57세,경상
2022123100100111,2022년 12월 31일 08시,토요일,제주특별자치도 제주시 용담이동,경상사고,0,0,1,0,차대사람 - 보도통행중,기타,건조,맑음,단일로 - 기타,개인형이동수단(PM),남,51세,상해없음,보행자,남,12세,경상
2022123100100208,2022년 12월 31일 12시,토요일,제주특별자치도 제주시 삼도일동,중상사고,0,1,0,0,차대차 - 정면충돌,직진우회전진행방해,건조,맑음,교차로 - 교차로안,이륜,남,37세,중상,화물,남,40세,상해없음
2022123100100209,2022년 12월 31일 12시,토요일,제주특별자치도 서귀포시 서귀동,경상사고,0,0,1,0,차대차 - 측면충돌,안전운전불이행,건조,맑음,교차로 - 교차로안,승용,여,41세,기타불명,승용,여,36세,경상
2022123100100210,2022년 12월 31일 12시,토요일,제주특별자치도 서귀포시 하예동,부상신고사고,0,0,0,1,차량단독 - 기타,안전운전불이행,건조,맑음,단일로 - 기타,승합,남,51세,상해없음,,,,
2022123100100211,2022년 12월 31일 12시,토요일,제주특별자치도 제주시 용담이동,경상사고,0,0,2,0,차대차 - 측면충돌,직진우회전진행방해,건조,맑음,교차로 - 교차로안,승용,남,22세,상해없음,이륜,여,23세,경상
2022123100100245,2022년 12월 31일 13시,토요일,제주특별자치도 제주시 연동,경상사고,0,0,1,0,차대차 - 추돌,안전거리미확보,건조,맑음,교차로 - 교차로부근,승용,남,39세,상해없음,승용,남,28세,경상
2022123100100280,2022년 12월 31일 14시,토요일,제주특별자치도 제주시 구좌읍,경상사고,0,0,3,0,차대차 - 추돌,중앙선침범,건조,맑음,단일로 - 기타,승용,여,26세,상해없음,승용,여,53세,경상
2022123100100407,2022년 12월 31일 18시,토요일,제주특별자치도 서귀포시 중문동,경상사고,0,0,1,0,차대사람 - 횡단중,보행자보호의무위반,건조,맑음,교차로 - 교차로횡단보도내,승용,남,60세,상해없음,보행자,남,43세,경상
2022123100100462,2022년 12월 31일 20시,토요일,제주특별자치도 제주시 연동,경상사고,0,0,1,0,차대차 - 정면충돌,직진우회전진행방해,건조,맑음,교차로 - 교차로안,이륜,남,46세,상해없음,승용,남,32세,경상
2022123100100495,2022년 12월 31일 21시,토요일,제주특별자치도 서귀포시 남원읍,경상사고,0,0,1,0,차대차 - 기타,신호위반,건조,맑음,교차로 - 교차로안,승용,남,32세,상해없음,화물,남,61세,경상
2022123100100496,2022년 12월 31일 21시,토요일,제주특별자치도 제주시 이호일동,경상사고,0,0,2,0,차대차 - 정면충돌,중앙선침범,젖음/습기,흐림,교차로 - 교차로부근,승용,남,54세,상해없음,화물,남,48세,경상
2022123100100532,2022년 12월 31일 23시,토요일,제주특별자치도 제주시 애월읍,경상사고,0,0,2,0,차대차 - 측면충돌,안전운전불이행,건조,맑음,단일로 - 기타,화물,남,55세,상해없음,승용,남,44세,경상